time,pair,baseline_net_profit,baseline_volume,new_lot,total_scale,scaled_net_profit,running_balance,scaled_volume
2023.01.02 07:52:15,EURGBP,-0.45,0.06,0.06,1.0,-0.45,4999.55,0.06
2023.01.02 09:55:00,USDCHF,-0.56,0.08,0.07,0.875,-0.49,4999.06,0.07
2023.01.02 10:55:13,EURGBP,3.24,0.06,0.06,1.0,3.24,5002.3,0.06
2023.01.02 12:45:00,EURGBP,-0.45,0.06,0.06,1.0,-0.45,5001.85,0.06
2023.01.02 13:04:06,EURGBP,3.24,0.06,0.06,1.0,3.24,5005.09,0.06
2023.01.02 14:35:01,EURGBP,-0.45,0.06,0.06,1.0,-0.45,5004.64,0.06
2023.01.02 15:47:07,EURGBP,3.17,0.06,0.06,1.0,3.17,5007.81,0.06
2023.01.02 15:50:01,EURGBP,-0.45,0.06,0.06,1.0,-0.45,5007.36,0.06
2023.01.03 01:14:36,USDCHF,1.69,0.08,0.07,0.875,1.4788,5008.8388,0.07
2023.01.03 01:42:39,USDCHF,-0.56,0.08,0.08,1.0,-0.56,5008.2788,0.08
2023.01.03 01:44:17,USDCHF,3.59,0.08,0.08,1.0,3.59,5011.8688,0.08
2023.01.03 07:00:00,USDCHF,-0.56,0.08,0.08,1.0,-0.56,5011.3088,0.08
2023.01.03 07:34:12,USDCHF,3.94,0.08,0.08,1.0,3.94,5015.2487,0.08
2023.01.03 10:00:00,EURUSD,-1.12,0.15,0.15,1.0,-1.12,5014.1287,0.15
2023.01.03 10:00:00,GBPUSD,-0.59,0.07,0.07,1.0,-0.59,5013.5387,0.07
2023.01.03 10:03:24,GBPUSD,7.32,0.07,0.07,1.0,7.32,5020.8587,0.07
2023.01.03 10:04:56,EURUSD,22.44,0.15,0.15,1.0,22.44,5043.2987,0.15
2023.01.03 14:35:00,USDCHF,-0.56,0.08,0.08,1.0,-0.56,5042.7387,0.08
2023.01.03 14:45:00,EURGBP,-0.44,0.06,0.06,1.0,-0.44,5042.2987,0.06
2023.01.03 15:09:58,USDCHF,3.79,0.08,0.08,1.0,3.79,5046.0887,0.08
2023.01.03 17:00:00,GBPUSD,-0.59,0.07,0.07,1.0,-0.59,5045.4987,0.07
2023.01.03 17:30:00,USDCHF,-0.56,0.08,0.08,1.0,-0.56,5044.9387,0.08
2023.01.03 17:33:02,USDCHF,3.8,0.08,0.08,1.0,3.8,5048.7387,0.08
2023.01.03 20:45:00,USDCHF,-0.56,0.08,0.08,1.0,-0.56,5048.1787,0.08
2023.01.03 21:43:24,USDCHF,3.89,0.08,0.08,1.0,3.89,5052.0687,0.08
2023.01.03 23:35:02,USDCHF,-0.56,0.08,0.08,1.0,-0.56,5051.5087,0.08
2023.01.04 01:29:21,USDCHF,3.71,0.08,0.08,1.0,3.71,5055.2187,0.08
2023.01.04 02:10:00,USDCHF,-0.56,0.08,0.08,1.0,-0.56,5054.6587,0.08
2023.01.04 02:51:33,USDCHF,3.72,0.08,0.08,1.0,3.72,5058.3787,0.08
2023.01.04 04:50:00,USDCHF,-0.56,0.08,0.08,1.0,-0.56,5057.8187,0.08
2023.01.04 10:00:00,EURUSD,-1.11,0.15,0.15,1.0,-1.11,5056.7087,0.15
2023.01.04 10:04:56,GBPUSD,6.48,0.07,0.07,1.0,6.48,5063.1887,0.07
2023.01.04 10:06:26,EURUSD,20.94,0.15,0.15,1.0,20.94,5084.1287,0.15
2023.01.04 14:05:00,USDCHF,-0.56,0.08,0.08,1.0,-0.56,5083.5687,0.08
2023.01.05 09:00:00,GBPUSD,-0.59,0.07,0.07,1.0,-0.59,5082.9787,0.07
2023.01.05 09:48:34,GBPUSD,6.55,0.07,0.07,1.0,6.55,5089.5287,0.07
2023.01.05 10:34:33,EURGBP,22.98,0.06,0.06,1.0,22.98,5112.5087,0.06
2023.01.05 10:34:33,EURGBP,-16.67,0.06,0.06,1.0,-16.67,5095.8387,0.06
2023.01.05 12:35:00,EURGBP,-0.45,0.06,0.06,1.0,-0.45,5095.3887,0.06
2023.01.05 14:46:28,EURGBP,3.15,0.06,0.06,1.0,3.15,5098.5387,0.06
2023.01.05 14:50:00,EURGBP,-0.45,0.06,0.06,1.0,-0.45,5098.0887,0.06
2023.01.05 15:00:54,EURGBP,3.3,0.06,0.06,1.0,3.3,5101.3887,0.06
2023.01.05 15:30:00,EURGBP,-0.44,0.06,0.06,1.0,-0.44,5100.9487,0.06
2023.01.05 15:38:13,USDCHF,28.54,0.08,0.08,1.0,28.54,5129.4887,0.08
2023.01.05 15:38:13,USDCHF,-20.13,0.08,0.08,1.0,-20.13,5109.3587,0.08
2023.01.05 16:00:00,EURUSD,-1.11,0.15,0.15,1.0,-1.11,5108.2487,0.15
2023.01.05 16:56:26,EURUSD,21.54,0.15,0.15,1.0,21.54,5129.7887,0.15
2023.01.05 18:50:01,EURGBP,3.13,0.06,0.06,1.0,3.13,5132.9187,0.06
2023.01.05 20:10:00,EURGBP,-0.44,0.06,0.06,1.0,-0.44,5132.4787,0.06
2023.01.05 20:25:00,USDCHF,-0.56,0.08,0.08,1.0,-0.56,5131.9187,0.08
2023.01.05 20:27:03,EURGBP,3.14,0.06,0.06,1.0,3.14,5135.0587,0.06
2023.01.05 20:50:00,EURGBP,-0.44,0.06,0.06,1.0,-0.44,5134.6187,0.06
2023.01.05 21:11:22,EURGBP,3.28,0.06,0.06,1.0,3.28,5137.8987,0.06
2023.01.06 02:10:00,EURGBP,-0.44,0.06,0.06,1.0,-0.44,5137.4587,0.06
2023.01.06 09:36:47,EURGBP,3.49,0.06,0.06,1.0,3.49,5140.9487,0.06
2023.01.06 09:45:00,EURGBP,-0.44,0.06,0.06,1.0,-0.44,5140.5087,0.06
2023.01.06 10:02:21,EURGBP,3.2,0.06,0.06,1.0,3.2,5143.7087,0.06
2023.01.06 10:35:00,EURGBP,-0.44,0.06,0.06,1.0,-0.44,5143.2687,0.06
2023.01.06 11:16:08,EURGBP,3.41,0.06,0.06,1.0,3.41,5146.6787,0.06
2023.01.06 12:00:00,EURGBP,-0.44,0.06,0.06,1.0,-0.44,5146.2387,0.06
2023.01.06 13:23:08,EURGBP,3.12,0.06,0.06,1.0,3.12,5149.3587,0.06
2023.01.06 14:05:00,EURGBP,-0.44,0.06,0.06,1.0,-0.44,5148.9187,0.06
2023.01.06 15:30:01,USDCHF,-0.56,0.08,0.08,1.0,-0.56,5148.3587,0.08
2023.01.06 15:30:09,USDCHF,27.95,0.08,0.08,1.0,27.95,5176.3087,0.08
2023.01.06 15:30:09,USDCHF,-18.31,0.08,0.08,1.0,-18.31,5157.9987,0.08
2023.01.06 16:00:00,EURUSD,-1.11,0.15,0.15,1.0,-1.11,5156.8887,0.15
2023.01.06 16:00:00,GBPUSD,-0.58,0.07,0.07,1.0,-0.58,5156.3087,0.07
2023.01.06 17:00:38,GBPUSD,6.77,0.07,0.07,1.0,6.77,5163.0787,0.07
2023.01.06 17:09:03,EURUSD,21.54,0.15,0.15,1.0,21.54,5184.6187,0.15
2023.01.06 23:25:00,USDCHF,-0.56,0.08,0.08,1.0,-0.56,5184.0587,0.08
2023.01.09 00:00:00,USDCHF,7.79,0.08,0.08,1.0,7.79,5191.8487,0.08
2023.01.09 02:00:00,USDCHF,-0.56,0.08,0.08,1.0,-0.56,5191.2887,0.08
2023.01.09 04:15:00,EURGBP,-0.45,0.06,0.06,1.0,-0.45,5190.8387,0.06
2023.01.09 04:16:59,USDCHF,3.76,0.08,0.08,1.0,3.76,5194.5987,0.08
2023.01.09 07:10:00,USDCHF,-0.56,0.08,0.08,1.0,-0.56,5194.0387,0.08
2023.01.09 19:20:00,USDCHF,-0.56,0.08,0.08,1.0,-0.56,5193.4787,0.08
2023.01.10 09:26:14,EURGBP,21.93,0.06,0.06,1.0,21.93,5215.4087,0.06
2023.01.10 09:26:14,EURGBP,-14.67,0.06,0.06,1.0,-14.67,5200.7387,0.06
2023.01.10 09:30:00,EURGBP,-0.45,0.06,0.06,1.0,-0.45,5200.2887,0.06
2023.01.10 09:35:49,EURGBP,3.27,0.06,0.06,1.0,3.27,5203.5587,0.06
2023.01.10 12:00:00,EURGBP,-0.45,0.06,0.06,1.0,-0.45,5203.1087,0.06
2023.01.10 12:08:17,EURGBP,3.27,0.06,0.06,1.0,3.27,5206.3787,0.06
2023.01.10 13:40:00,EURGBP,-0.45,0.06,0.06,1.0,-0.45,5205.9287,0.06
2023.01.10 14:42:40,USDCHF,33.67,0.08,0.08,1.0,33.67,5239.5987,0.08
2023.01.10 14:42:40,USDCHF,-25.95,0.08,0.08,1.0,-25.95,5213.6487,0.08
2023.01.10 16:05:00,USDCHF,-0.56,0.08,0.08,1.0,-0.56,5213.0887,0.08
2023.01.10 16:06:54,USDCHF,3.95,0.08,0.08,1.0,3.95,5217.0387,0.08
2023.01.10 18:09:50,EURGBP,3.27,0.06,0.06,1.0,3.27,5220.3087,0.06
2023.01.10 18:20:00,EURGBP,-0.45,0.06,0.06,1.0,-0.45,5219.8587,0.06
2023.01.10 18:24:14,EURGBP,3.27,0.06,0.06,1.0,3.27,5223.1287,0.06
2023.01.10 20:15:00,USDCHF,-0.56,0.08,0.08,1.0,-0.56,5222.5687,0.08
2023.01.10 20:23:57,USDCHF,3.77,0.08,0.08,1.0,3.77,5226.3387,0.08
2023.01.10 22:10:00,EURGBP,-0.45,0.06,0.06,1.0,-0.45,5225.8888,0.06
2023.01.11 02:55:00,USDCHF,-0.56,0.08,0.08,1.0,-0.56,5225.3287,0.08
2023.01.11 07:37:43,USDCHF,3.87,0.08,0.08,1.0,3.87,5229.1987,0.08
2023.01.11 10:00:00,USDCHF,-0.56,0.08,0.08,1.0,-0.56,5228.6387,0.08
2023.01.11 10:08:19,USDCHF,3.86,0.08,0.08,1.0,3.86,5232.4987,0.08
2023.01.11 11:00:00,GBPUSD,-0.59,0.07,0.07,1.0,-0.59,5231.9087,0.07
2023.01.11 11:20:00,USDCHF,-0.56,0.08,0.08,1.0,-0.56,5231.3487,0.08
2023.01.11 14:12:13,GBPUSD,6.55,0.07,0.07,1.0,6.55,5237.8987,0.07
2023.01.11 18:45:00,USDCHF,-0.56,0.08,0.08,1.0,-0.56,5237.3387,0.08
2023.01.12 12:00:00,GBPUSD,-0.6,0.07,0.07,1.0,-0.6,5236.7387,0.07
2023.01.12 12:50:28,GBPUSD,6.47,0.07,0.07,1.0,6.47,5243.2087,0.07
2023.01.12 16:45:00,EURGBP,-0.45,0.06,0.06,1.0,-0.45,5242.7587,0.06
2023.01.13 16:00:00,EURUSD,-1.13,0.15,0.16,1.066667,-1.2053,5241.5534,0.16
2023.01.13 16:00:00,GBPUSD,-0.6,0.07,0.07,1.0,-0.6,5240.9534,0.07
2023.01.13 16:01:49,GBPUSD,6.47,0.07,0.07,1.0,6.47,5247.4234,0.07
2023.01.13 21:58:45,EURGBP,22.15,0.06,0.06,1.0,22.15,5269.5734,0.06
2023.01.13 21:58:46,EURGBP,-15.93,0.06,0.06,1.0,-15.93,5253.6434,0.06
2023.01.13 22:10:00,EURGBP,-0.45,0.06,0.06,1.0,-0.45,5253.1934,0.06
2023.01.13 23:58:44,EURGBP,1.02,0.06,0.06,1.0,1.02,5254.2134,0.06
2023.01.16 00:10:13,EURGBP,-0.45,0.06,0.06,1.0,-0.45,5253.7634,0.06
2023.01.16 01:21:15,EURGBP,3.22,0.06,0.06,1.0,3.22,5256.9834,0.06
2023.01.16 03:09:58,USDCHF,36.37,0.08,0.08,1.0,36.37,5293.3534,0.08
2023.01.16 03:09:59,USDCHF,-28.84,0.08,0.08,1.0,-28.84,5264.5134,0.08
2023.01.16 03:10:00,EURGBP,-0.46,0.06,0.06,1.0,-0.46,5264.0534,0.06
2023.01.16 03:29:16,EURGBP,3.21,0.06,0.06,1.0,3.21,5267.2634,0.06
2023.01.16 04:00:00,GBPUSD,-0.6,0.07,0.07,1.0,-0.6,5266.6634,0.07
2023.01.16 04:16:31,GBPUSD,6.4,0.07,0.07,1.0,6.4,5273.0634,0.07
2023.01.16 05:35:00,USDCHF,-0.56,0.08,0.08,1.0,-0.56,5272.5034,0.08
2023.01.16 06:48:47,USDCHF,3.94,0.08,0.08,1.0,3.94,5276.4434,0.08
2023.01.16 08:00:00,EURGBP,-0.46,0.06,0.06,1.0,-0.46,5275.9834,0.06
2023.01.16 11:00:00,GBPUSD,-0.6,0.07,0.07,1.0,-0.6,5275.3834,0.07
2023.01.16 11:35:00,USDCHF,-0.56,0.08,0.08,1.0,-0.56,5274.8234,0.08
2023.01.16 11:44:39,USDCHF,4.54,0.08,0.08,1.0,4.54,5279.3634,0.08
2023.01.16 14:00:00,USDCHF,-0.56,0.08,0.08,1.0,-0.56,5278.8034,0.08
2023.01.16 15:03:25,USDCHF,3.93,0.08,0.08,1.0,3.93,5282.7334,0.08
2023.01.16 15:50:00,USDCHF,-0.56,0.08,0.08,1.0,-0.56,5282.1734,0.08
2023.01.16 15:54:05,USDCHF,4.37,0.08,0.08,1.0,4.37,5286.5434,0.08
2023.01.16 16:30:00,USDCHF,-0.56,0.08,0.08,1.0,-0.56,5285.9834,0.08
2023.01.17 11:31:21,EURGBP,3.22,0.06,0.06,1.0,3.22,5289.2034,0.06
2023.01.17 12:30:00,EURGBP,-0.45,0.06,0.06,1.0,-0.45,5288.7534,0.06
2023.01.17 12:48:46,EURGBP,3.36,0.06,0.06,1.0,3.36,5292.1134,0.06
2023.01.17 13:30:00,EURGBP,-0.45,0.06,0.06,1.0,-0.45,5291.6634,0.06
2023.01.17 14:59:35,EURGBP,3.29,0.06,0.06,1.0,3.29,5294.9534,0.06
2023.01.17 15:00:00,EURGBP,-0.46,0.06,0.06,1.0,-0.46,5294.4934,0.06
2023.01.17 16:15:49,EURGBP,3.44,0.06,0.06,1.0,3.44,5297.9334,0.06
2023.01.17 16:30:00,EURGBP,-0.46,0.06,0.06,1.0,-0.46,5297.4734,0.06
2023.01.17 17:05:00,USDCHF,-0.56,0.08,0.08,1.0,-0.56,5296.9134,0.08
2023.01.17 19:45:44,EURUSD,22.12,0.15,0.16,1.066667,23.5947,5320.5081,0.16
2023.01.17 19:55:00,EURGBP,-0.45,0.06,0.06,1.0,-0.45,5320.0581,0.06
2023.01.18 10:00:00,EURUSD,-1.14,0.15,0.16,1.066667,-1.216,5318.8421,0.16
2023.01.18 10:16:11,EURUSD,21.51,0.15,0.16,1.066667,22.944,5341.7861,0.16
2023.01.18 14:10:00,USDCHF,-0.56,0.08,0.08,1.0,-0.56,5341.2261,0.08
2023.01.18 17:40:00,EURGBP,-0.46,0.06,0.06,1.0,-0.46,5340.7661,0.06
2023.01.18 22:00:00,EURUSD,-1.13,0.15,0.16,1.066667,-1.2053,5339.5607,0.16
2023.01.20 11:30:21,USDCHF,58.21,0.08,0.08,1.0,58.21,5397.7707,0.08
2023.01.20 11:30:21,USDCHF,3.26,0.08,0.08,1.0,3.26,5401.0307,0.08
2023.01.20 11:30:21,USDCHF,-53.97,0.08,0.08,1.0,-53.97,5347.0607,0.08
2023.01.20 12:00:00,GBPUSD,-0.6,0.07,0.07,1.0,-0.6,5346.4607,0.07
2023.01.20 17:15:00,USDCHF,-0.56,0.08,0.08,1.0,-0.56,5345.9007,0.08
2023.01.20 17:21:35,USDCHF,3.78,0.08,0.08,1.0,3.78,5349.6807,0.08
2023.01.20 18:55:00,USDCHF,-0.56,0.08,0.08,1.0,-0.56,5349.1207,0.08
2023.01.23 00:00:39,EURGBP,37.91,0.06,0.06,1.0,37.91,5387.0307,0.06
2023.01.23 00:00:39,EURGBP,4.66,0.06,0.06,1.0,4.66,5391.6907,0.06
2023.01.23 00:00:39,EURGBP,-31.25,0.06,0.06,1.0,-31.25,5360.4407,0.06
2023.01.23 00:00:40,USDCHF,4.12,0.08,0.08,1.0,4.12,5364.5607,0.08
2023.01.23 02:05:00,EURGBP,-0.46,0.06,0.06,1.0,-0.46,5364.1007,0.06
2023.01.23 06:10:00,USDCHF,-0.56,0.08,0.08,1.0,-0.56,5363.5407,0.08
2023.01.23 09:22:11,USDCHF,3.97,0.08,0.08,1.0,3.97,5367.5107,0.08
2023.01.23 09:30:00,USDCHF,-0.56,0.08,0.08,1.0,-0.56,5366.9507,0.08
2023.01.23 12:58:03,USDCHF,4.05,0.08,0.08,1.0,4.05,5371.0007,0.08
2023.01.23 14:50:00,USDCHF,-0.56,0.08,0.08,1.0,-0.56,5370.4407,0.08
2023.01.23 16:00:00,EURUSD,-1.14,0.15,0.16,1.066667,-1.216,5369.2247,0.16
2023.01.24 09:29:47,USDCHF,3.87,0.08,0.08,1.0,3.87,5373.0947,0.08
2023.01.24 11:35:00,USDCHF,-0.56,0.08,0.08,1.0,-0.56,5372.5347,0.08
2023.01.24 11:38:40,USDCHF,3.87,0.08,0.08,1.0,3.87,5376.4047,0.08
2023.01.24 13:40:00,USDCHF,-0.56,0.08,0.08,1.0,-0.56,5375.8447,0.08
2023.01.24 14:15:00,EURGBP,-0.46,0.06,0.06,1.0,-0.46,5375.3847,0.06
2023.01.25 04:32:18,USDCHF,4.04,0.08,0.08,1.0,4.04,5379.4247,0.08
2023.01.25 04:50:02,USDCHF,-0.56,0.08,0.08,1.0,-0.56,5378.8647,0.08
2023.01.25 07:10:50,USDCHF,3.86,0.08,0.08,1.0,3.86,5382.7247,0.08
2023.01.25 08:25:00,USDCHF,-0.56,0.08,0.08,1.0,-0.56,5382.1647,0.08
2023.01.25 13:19:31,USDCHF,3.87,0.08,0.08,1.0,3.87,5386.0347,0.08
2023.01.25 15:45:00,USDCHF,-0.56,0.08,0.08,1.0,-0.56,5385.4747,0.08
2023.01.25 15:56:32,USDCHF,3.77,0.08,0.08,1.0,3.77,5389.2447,0.08
2023.01.25 16:40:00,USDCHF,-0.56,0.08,0.08,1.0,-0.56,5388.6847,0.08
2023.01.25 16:47:25,USDCHF,4.57,0.08,0.08,1.0,4.57,5393.2547,0.08
2023.01.25 18:00:00,USDCHF,-0.56,0.08,0.08,1.0,-0.56,5392.6947,0.08
2023.01.25 18:03:45,USDCHF,4.13,0.08,0.08,1.0,4.13,5396.8247,0.08
2023.01.25 20:10:00,USDCHF,-0.56,0.08,0.08,1.0,-0.56,5396.2647,0.08
2023.01.25 20:25:09,USDCHF,3.97,0.08,0.08,1.0,3.97,5400.2347,0.08
2023.01.25 22:25:00,USDCHF,-0.56,0.08,0.08,1.0,-0.56,5399.6747,0.08
2023.01.26 11:08:02,USDCHF,3.88,0.08,0.08,1.0,3.88,5403.5547,0.08
2023.01.26 12:35:00,USDCHF,-0.56,0.08,0.08,1.0,-0.56,5402.9947,0.08
2023.01.26 13:24:57,EURGBP,28.5,0.06,0.06,1.0,28.5,5431.4947,0.06
2023.01.26 13:24:57,EURGBP,-21.75,0.06,0.06,1.0,-21.75,5409.7447,0.06
2023.01.26 13:25:01,EURGBP,-0.46,0.06,0.06,1.0,-0.46,5409.2847,0.06
2023.01.26 13:38:45,EURGBP,3.26,0.06,0.06,1.0,3.26,5412.5447,0.06
2023.01.26 13:51:59,USDCHF,3.89,0.08,0.08,1.0,3.89,5416.4347,0.08
2023.01.26 14:05:00,USDCHF,-0.56,0.08,0.08,1.0,-0.56,5415.8747,0.08
2023.01.26 14:08:20,USDCHF,3.88,0.08,0.08,1.0,3.88,5419.7547,0.08
2023.01.26 15:30:00,USDCHF,-0.56,0.08,0.08,1.0,-0.56,5419.1947,0.08
2023.01.26 15:50:54,USDCHF,3.8,0.08,0.08,1.0,3.8,5422.9947,0.08
2023.01.26 16:00:00,EURGBP,-0.46,0.06,0.07,1.166667,-0.5367,5422.4581,0.07
2023.01.26 16:02:34,EURGBP,3.56,0.06,0.07,1.166667,4.1533,5426.6114,0.07
2023.01.26 16:50:00,USDCHF,-0.56,0.08,0.08,1.0,-0.56,5426.0514,0.08
2023.01.26 16:54:18,USDCHF,3.7,0.08,0.08,1.0,3.7,5429.7514,0.08
2023.01.26 19:25:00,EURGBP,-0.46,0.06,0.07,1.166667,-0.5367,5429.2147,0.07
2023.01.26 20:30:01,USDCHF,-0.56,0.08,0.08,1.0,-0.56,5428.6547,0.08
2023.01.26 20:38:28,USDCHF,4.05,0.08,0.08,1.0,4.05,5432.7047,0.08
2023.01.26 23:45:00,USDCHF,-0.56,0.08,0.08,1.0,-0.56,5432.1447,0.08
2023.01.27 03:10:36,EURGBP,3.34,0.06,0.07,1.166667,3.8967,5436.0414,0.07
2023.01.27 03:15:00,EURGBP,-0.46,0.06,0.07,1.166667,-0.5367,5435.5047,0.07
2023.01.27 04:18:48,EURGBP,3.33,0.06,0.07,1.166667,3.885,5439.3897,0.07
2023.01.27 04:27:25,USDCHF,3.87,0.08,0.08,1.0,3.87,5443.2597,0.08
2023.01.27 06:00:00,EURGBP,-0.46,0.06,0.07,1.166667,-0.5367,5442.7231,0.07
2023.01.27 08:00:00,USDCHF,-0.56,0.08,0.08,1.0,-0.56,5442.1631,0.08
2023.01.27 10:34:01,USDCHF,3.87,0.08,0.08,1.0,3.87,5446.0331,0.08
2023.01.27 11:50:00,USDCHF,-0.56,0.08,0.08,1.0,-0.56,5445.4731,0.08
2023.01.27 13:32:55,USDCHF,4.3,0.08,0.08,1.0,4.3,5449.7731,0.08
2023.01.27 15:35:00,USDCHF,-0.56,0.08,0.08,1.0,-0.56,5449.2131,0.08
2023.01.27 16:50:44,EURGBP,3.18,0.06,0.07,1.166667,3.71,5452.9231,0.07
2023.01.27 20:10:01,EURGBP,-0.46,0.06,0.07,1.166667,-0.5367,5452.3864,0.07
2023.01.27 21:08:10,EURGBP,3.33,0.06,0.07,1.166667,3.885,5456.2714,0.07
2023.01.27 23:05:00,EURGBP,-0.46,0.06,0.07,1.166667,-0.5367,5455.7347,0.07
2023.01.30 00:00:19,EURGBP,3.64,0.06,0.07,1.166667,4.2467,5459.9814,0.07
2023.01.30 00:06:55,EURGBP,-0.46,0.06,0.07,1.166667,-0.5367,5459.4447,0.07
2023.01.30 01:19:45,USDCHF,3.87,0.08,0.08,1.0,3.87,5463.3147,0.08
2023.01.30 01:25:00,USDCHF,-0.56,0.08,0.08,1.0,-0.56,5462.7547,0.08
2023.01.30 03:12:21,USDCHF,4.13,0.08,0.08,1.0,4.13,5466.8847,0.08
2023.01.30 06:10:00,USDCHF,-0.56,0.08,0.08,1.0,-0.56,5466.3247,0.08
2023.01.30 11:39:34,USDCHF,4.14,0.08,0.08,1.0,4.14,5470.4647,0.08
2023.01.30 13:25:02,USDCHF,-0.56,0.08,0.08,1.0,-0.56,5469.9047,0.08
2023.01.30 13:46:28,USDCHF,3.87,0.08,0.08,1.0,3.87,5473.7747,0.08
2023.01.31 02:15:00,USDCHF,-0.56,0.08,0.08,1.0,-0.56,5473.2147,0.08
2023.01.31 03:01:22,USDCHF,3.77,0.08,0.08,1.0,3.77,5476.9847,0.08
2023.01.31 05:15:00,USDCHF,-0.56,0.08,0.08,1.0,-0.56,5476.4247,0.08
2023.01.31 06:15:26,USDCHF,3.85,0.08,0.08,1.0,3.85,5480.2747,0.08
2023.01.31 09:15:00,USDCHF,-0.56,0.08,0.08,1.0,-0.56,5479.7147,0.08
2023.01.31 10:38:39,EURUSD,70.11,0.15,0.16,1.066667,74.784,5554.4987,0.16
2023.01.31 10:38:39,EURUSD,-25.29,0.15,0.16,1.066667,-26.976,5527.5227,0.16
2023.01.31 15:23:48,USDCHF,3.77,0.08,0.08,1.0,3.77,5531.2927,0.08
2023.01.31 17:10:00,EURGBP,-0.46,0.06,0.07,1.166667,-0.5367,5530.7561,0.07
2023.01.31 20:00:00,EURUSD,-1.14,0.15,0.17,1.133333,-1.292,5529.4641,0.17
2023.01.31 22:05:00,USDCHF,-0.56,0.08,0.08,1.0,-0.56,5528.9041,0.08
2023.02.01 02:11:49,USDCHF,3.98,0.08,0.08,1.0,3.98,5532.8841,0.08
2023.02.01 05:30:01,USDCHF,-0.56,0.08,0.08,1.0,-0.56,5532.3241,0.08
2023.02.01 06:16:42,USDCHF,3.89,0.08,0.08,1.0,3.89,5536.2141,0.08
2023.02.01 08:50:02,USDCHF,-0.56,0.08,0.08,1.0,-0.56,5535.6541,0.08
2023.02.01 09:57:41,EURUSD,21.81,0.15,0.17,1.133333,24.718,5560.3721,0.17
2023.02.01 17:00:01,USDCHF,3.98,0.08,0.08,1.0,3.98,5564.3521,0.08
2023.02.01 17:50:00,USDCHF,-0.56,0.08,0.08,1.0,-0.56,5563.7921,0.08
2023.02.01 17:51:18,USDCHF,3.9,0.08,0.08,1.0,3.9,5567.6921,0.08
2023.02.01 19:45:00,USDCHF,-0.56,0.08,0.08,1.0,-0.56,5567.1321,0.08
2023.02.01 20:45:35,USDCHF,3.89,0.08,0.08,1.0,3.89,5571.0221,0.08
2023.02.01 21:40:00,USDCHF,-0.56,0.08,0.08,1.0,-0.56,5570.4621,0.08
2023.02.01 21:40:54,USDCHF,3.91,0.08,0.08,1.0,3.91,5574.3721,0.08
2023.02.02 03:15:00,EURGBP,-0.46,0.06,0.07,1.166667,-0.5367,5573.8354,0.07
2023.02.02 03:35:00,USDCHF,-0.56,0.08,0.08,1.0,-0.56,5573.2754,0.08
2023.02.02 09:48:36,USDCHF,3.93,0.08,0.08,1.0,3.93,5577.2054,0.08
2023.02.02 10:20:00,USDCHF,-0.56,0.08,0.08,1.0,-0.56,5576.6454,0.08
2023.02.02 13:00:00,EURUSD,-1.23,0.16,0.17,1.0625,-1.3069,5575.3385,0.17
2023.02.02 14:20:00,EURGBP,-0.46,0.06,0.07,1.166667,-0.5367,5574.8019,0.07
2023.02.02 15:19:26,EURUSD,25.01,0.16,0.17,1.0625,26.5731,5601.375,0.17
2023.02.02 17:09:04,GBPUSD,64.08,0.07,0.07,1.0,64.08,5665.455,0.07
2023.02.02 17:09:04,GBPUSD,-50.79,0.07,0.07,1.0,-50.79,5614.665,0.07
2023.02.03 11:15:00,USDCHF,-0.56,0.08,0.08,1.0,-0.56,5614.105,0.08
2023.02.03 12:00:00,EURUSD,-1.22,0.16,0.17,1.0625,-1.2962,5612.8087,0.17
2023.02.03 12:00:00,GBPUSD,-0.6,0.07,0.08,1.142857,-0.6857,5612.123,0.08
2023.02.03 12:46:13,GBPUSD,6.82,0.07,0.08,1.142857,7.7943,5619.9173,0.08
2023.02.03 16:00:00,GBPUSD,-0.59,0.07,0.08,1.142857,-0.6743,5619.243,0.08
2023.02.03 16:09:10,GBPUSD,6.41,0.07,0.08,1.142857,7.3257,5626.5687,0.08
2023.02.03 17:25:00,USDCHF,-0.56,0.08,0.08,1.0,-0.56,5626.0087,0.08
2023.02.07 20:00:00,EURUSD,-1.21,0.16,0.17,1.0625,-1.2856,5624.7231,0.17
2023.02.07 20:00:00,GBPUSD,-0.59,0.07,0.08,1.142857,-0.6743,5624.0488,0.08
2023.02.08 09:57:07,GBPUSD,6.48,0.07,0.08,1.142857,7.4057,5631.4546,0.08
2023.02.09 15:44:27,EURGBP,68.1,0.06,0.07,1.166667,79.45,5710.9046,0.07
2023.02.09 15:44:27,EURGBP,32.14,0.06,0.07,1.166667,37.4967,5748.4012,0.07
2023.02.09 15:44:27,EURGBP,-22.3,0.06,0.07,1.166667,-26.0167,5722.3846,0.07
2023.02.09 15:44:28,EURGBP,-65.05,0.06,0.07,1.166667,-75.8917,5646.4929,0.07
2023.02.09 15:45:00,EURGBP,-0.45,0.06,0.07,1.166667,-0.525,5645.9679,0.07
2023.02.09 16:47:22,EURGBP,3.2,0.06,0.07,1.166667,3.7333,5649.7012,0.07
2023.02.09 18:00:00,EURGBP,-0.45,0.06,0.07,1.166667,-0.525,5649.1762,0.07
2023.02.09 18:32:24,EURGBP,3.34,0.06,0.07,1.166667,3.8967,5653.0729,0.07
2023.02.09 20:25:00,EURGBP,-0.45,0.06,0.07,1.166667,-0.525,5652.5479,0.07
2023.02.09 23:00:00,GBPUSD,-0.59,0.07,0.08,1.142857,-0.6743,5651.8736,0.08
2023.02.10 03:33:24,GBPUSD,6.41,0.07,0.08,1.142857,7.3257,5659.1993,0.08
2023.02.10 10:52:27,EURGBP,3.34,0.06,0.07,1.166667,3.8967,5663.096,0.07
2023.02.10 11:00:00,GBPUSD,-0.59,0.07,0.08,1.142857,-0.6743,5662.4217,0.08
2023.02.10 12:30:00,EURGBP,-0.45,0.06,0.07,1.166667,-0.525,5661.8967,0.07
2023.02.10 19:40:03,EURGBP,3.24,0.06,0.07,1.166667,3.78,5665.6767,0.07
2023.02.10 21:35:01,EURGBP,-0.45,0.06,0.07,1.166667,-0.525,5665.1517,0.07
2023.02.13 00:00:39,EURGBP,3.55,0.06,0.07,1.166667,4.1417,5669.2934,0.07
2023.02.13 00:00:42,GBPUSD,7.04,0.07,0.08,1.142857,8.0457,5677.3391,0.08
2023.02.13 03:05:00,EURGBP,-0.45,0.06,0.07,1.166667,-0.525,5676.8141,0.07
2023.02.13 09:48:35,EURGBP,3.17,0.06,0.07,1.166667,3.6983,5680.5124,0.07
2023.02.13 10:35:00,EURGBP,-0.45,0.06,0.07,1.166667,-0.525,5679.9874,0.07
2023.02.13 11:19:12,EURGBP,3.24,0.06,0.07,1.166667,3.78,5683.7674,0.07
2023.02.13 12:00:00,EURGBP,-0.45,0.06,0.07,1.166667,-0.525,5683.2424,0.07
2023.02.13 13:18:38,EURGBP,3.24,0.06,0.07,1.166667,3.78,5687.0224,0.07
2023.02.13 13:25:01,EURGBP,-0.45,0.06,0.07,1.166667,-0.525,5686.4974,0.07
2023.02.13 15:00:00,GBPUSD,-0.59,0.07,0.08,1.142857,-0.6743,5685.8231,0.08
2023.02.13 16:58:57,GBPUSD,6.41,0.07,0.08,1.142857,7.3257,5693.1488,0.08
2023.02.13 17:00:00,EURUSD,-1.2,0.16,0.17,1.0625,-1.275,5691.8738,0.17
2023.02.14 13:55:00,EURGBP,-0.45,0.06,0.07,1.166667,-0.525,5691.3488,0.07
2023.02.14 15:32:58,USDCHF,72.86,0.08,0.08,1.0,72.86,5764.2088,0.08
2023.02.14 15:32:58,USDCHF,4.69,0.08,0.08,1.0,4.69,5768.8988,0.08
2023.02.14 15:32:58,USDCHF,-65.41,0.08,0.08,1.0,-65.41,5703.4888,0.08
2023.02.14 15:40:00,USDCHF,-0.56,0.08,0.09,1.125,-0.63,5702.8588,0.09
2023.02.14 15:40:02,USDCHF,3.8,0.08,0.09,1.125,4.275,5707.1338,0.09
2023.02.14 17:05:00,USDCHF,-0.56,0.08,0.09,1.125,-0.63,5706.5038,0.09
2023.02.14 17:11:15,USDCHF,4.24,0.08,0.09,1.125,4.77,5711.2738,0.09
2023.02.14 17:55:00,USDCHF,-0.56,0.08,0.09,1.125,-0.63,5710.6438,0.09
2023.02.15 05:43:35,USDCHF,3.77,0.08,0.09,1.125,4.2412,5714.8851,0.09
2023.02.15 06:00:00,GBPUSD,-0.6,0.07,0.08,1.142857,-0.6857,5714.1994,0.08
2023.02.15 08:36:11,GBPUSD,7.39,0.07,0.08,1.142857,8.4457,5722.6451,0.08
2023.02.15 09:01:46,EURGBP,22.36,0.06,0.07,1.166667,26.0867,5748.7318,0.07
2023.02.15 09:01:46,EURGBP,-14.33,0.06,0.07,1.166667,-16.7183,5732.0134,0.07
2023.02.15 09:05:00,EURGBP,-0.45,0.06,0.07,1.166667,-0.525,5731.4884,0.07
2023.02.15 10:10:00,USDCHF,-0.56,0.08,0.09,1.125,-0.63,5730.8584,0.09
2023.02.15 11:52:58,USDCHF,3.86,0.08,0.09,1.125,4.3425,5735.2009,0.09
2023.02.15 14:45:00,EURGBP,-0.45,0.06,0.07,1.166667,-0.525,5734.6759,0.07
2023.02.15 15:00:00,USDCHF,-0.56,0.08,0.09,1.125,-0.63,5734.0459,0.09
2023.02.15 15:08:08,USDCHF,3.77,0.08,0.09,1.125,4.2412,5738.2872,0.09
2023.02.15 15:50:00,USDCHF,-0.56,0.08,0.09,1.125,-0.63,5737.6572,0.09
2023.02.16 03:42:12,USDCHF,3.86,0.08,0.09,1.125,4.3425,5741.9997,0.09
2023.02.16 07:25:00,USDCHF,-0.56,0.08,0.09,1.125,-0.63,5741.3697,0.09
2023.02.16 08:40:45,USDCHF,3.86,0.08,0.09,1.125,4.3425,5745.7122,0.09
2023.02.16 11:15:00,USDCHF,-0.56,0.08,0.09,1.125,-0.63,5745.0822,0.09
2023.02.16 12:17:50,USDCHF,3.78,0.08,0.09,1.125,4.2525,5749.3347,0.09
2023.02.16 13:20:00,USDCHF,-0.56,0.08,0.09,1.125,-0.63,5748.7047,0.09
2023.02.16 14:55:18,USDCHF,3.77,0.08,0.09,1.125,4.2412,5752.9459,0.09
2023.02.16 18:30:00,USDCHF,-0.56,0.08,0.09,1.125,-0.63,5752.3159,0.09
2023.02.16 19:45:06,USDCHF,3.77,0.08,0.09,1.125,4.2412,5756.5572,0.09
2023.02.16 22:05:00,USDCHF,-0.56,0.08,0.09,1.125,-0.63,5755.9272,0.09
2023.02.16 22:05:04,USDCHF,4.71,0.08,0.09,1.125,5.2987,5761.2259,0.09
2023.02.17 00:40:13,USDCHF,-0.56,0.08,0.09,1.125,-0.63,5760.5959,0.09
2023.02.17 01:04:28,USDCHF,3.76,0.08,0.09,1.125,4.23,5764.8259,0.09
2023.02.17 05:45:00,USDCHF,-0.56,0.08,0.09,1.125,-0.63,5764.1959,0.09
2023.02.17 17:00:00,GBPUSD,-0.59,0.07,0.08,1.142857,-0.6743,5763.5216,0.08
2023.02.17 17:01:20,GBPUSD,6.55,0.07,0.08,1.142857,7.4857,5771.0074,0.08
2023.02.17 17:18:02,USDCHF,4.01,0.08,0.09,1.125,4.5112,5775.5186,0.09
2023.02.20 01:05:00,USDCHF,-0.56,0.08,0.09,1.125,-0.63,5774.8886,0.09
2023.02.20 01:59:35,USDCHF,3.94,0.08,0.09,1.125,4.4325,5779.3211,0.09
2023.02.20 04:30:00,USDCHF,-0.56,0.08,0.09,1.125,-0.63,5778.6911,0.09
2023.02.20 06:18:22,USDCHF,3.85,0.08,0.09,1.125,4.3312,5783.0224,0.09
2023.02.20 10:35:00,USDCHF,-0.56,0.08,0.09,1.125,-0.63,5782.3924,0.09
2023.02.20 10:37:57,USDCHF,4.2,0.08,0.09,1.125,4.725,5787.1174,0.09
2023.02.20 12:15:00,USDCHF,-0.56,0.08,0.09,1.125,-0.63,5786.4874,0.09
2023.02.20 13:53:38,USDCHF,3.86,0.08,0.09,1.125,4.3425,5790.8299,0.09
2023.02.20 14:25:01,USDCHF,-0.56,0.08,0.09,1.125,-0.63,5790.1999,0.09
2023.02.20 14:47:53,USDCHF,4.03,0.08,0.09,1.125,4.5337,5794.7336,0.09
2023.02.20 17:05:00,USDCHF,-0.56,0.08,0.09,1.125,-0.63,5794.1036,0.09
2023.02.21 11:00:00,GBPUSD,-0.59,0.07,0.08,1.142857,-0.6743,5793.4293,0.08
2023.02.21 11:21:05,GBPUSD,6.55,0.07,0.08,1.142857,7.4857,5800.915,0.08
2023.02.21 11:30:31,EURGBP,20.12,0.06,0.07,1.166667,23.4733,5824.3884,0.07
2023.02.21 11:30:31,EURGBP,-13.44,0.06,0.07,1.166667,-15.68,5808.7084,0.07
2023.02.21 11:35:00,EURGBP,-0.45,0.06,0.07,1.166667,-0.525,5808.1834,0.07
2023.02.21 12:00:00,GBPUSD,-0.59,0.07,0.08,1.142857,-0.6743,5807.5091,0.08
2023.02.21 12:13:16,GBPUSD,7.04,0.07,0.08,1.142857,8.0457,5815.5548,0.08
2023.02.21 13:50:00,EURGBP,-0.45,0.06,0.07,1.166667,-0.525,5815.0298,0.07
2023.02.21 16:45:00,EURGBP,22.51,0.06,0.07,1.166667,26.2617,5841.2915,0.07
2023.02.21 16:45:00,EURGBP,-11.02,0.06,0.07,1.166667,-12.8567,5828.4348,0.07
2023.02.21 17:20:00,EURGBP,-0.45,0.06,0.07,1.166667,-0.525,5827.9098,0.07
2023.02.21 17:29:56,EURGBP,3.33,0.06,0.07,1.166667,3.885,5831.7948,0.07
2023.02.21 17:50:00,EURGBP,-0.45,0.06,0.07,1.166667,-0.525,5831.2698,0.07
2023.02.22 02:40:00,USDCHF,-0.56,0.08,0.09,1.125,-0.63,5830.6398,0.09
2023.02.22 10:38:21,EURGBP,3.25,0.06,0.07,1.166667,3.7917,5834.4315,0.07
2023.02.22 10:40:00,EURGBP,-0.45,0.06,0.07,1.166667,-0.525,5833.9065,0.07
2023.02.22 11:00:00,GBPUSD,-0.59,0.07,0.08,1.142857,-0.6743,5833.2322,0.08
2023.02.22 11:39:14,GBPUSD,6.55,0.07,0.08,1.142857,7.4857,5840.7179,0.08
2023.02.22 12:38:57,EURGBP,3.25,0.06,0.07,1.166667,3.7917,5844.5096,0.07
2023.02.22 12:40:00,EURGBP,-0.45,0.06,0.07,1.166667,-0.525,5843.9846,0.07
2023.02.22 17:16:01,EURGBP,3.39,0.06,0.07,1.166667,3.955,5847.9396,0.07
2023.02.22 17:35:00,EURGBP,-0.45,0.06,0.07,1.166667,-0.525,5847.4146,0.07
2023.02.22 18:00:10,EURGBP,3.32,0.06,0.07,1.166667,3.8733,5851.2879,0.07
2023.02.22 20:00:00,EURGBP,-0.45,0.06,0.07,1.166667,-0.525,5850.7629,0.07
2023.02.23 03:55:08,EURGBP,3.24,0.06,0.07,1.166667,3.78,5854.5429,0.07
2023.02.23 06:45:04,EURGBP,-0.45,0.06,0.07,1.166667,-0.525,5854.0179,0.07
2023.02.23 08:14:19,EURGBP,3.53,0.06,0.07,1.166667,4.1183,5858.1362,0.07
2023.02.23 08:15:00,EURGBP,-0.45,0.06,0.07,1.166667,-0.525,5857.6112,0.07
2023.02.23 10:44:04,EURGBP,3.24,0.06,0.07,1.166667,3.78,5861.3912,0.07
2023.02.23 10:45:00,EURGBP,-0.45,0.06,0.07,1.166667,-0.525,5860.8662,0.07
2023.02.23 11:41:28,EURGBP,3.24,0.06,0.07,1.166667,3.78,5864.6462,0.07
2023.02.23 13:30:01,EURGBP,-0.44,0.06,0.07,1.166667,-0.5133,5864.1329,0.07
2023.02.23 14:15:00,USDCHF,-0.56,0.08,0.09,1.125,-0.63,5863.5029,0.09
2023.02.23 15:30:07,EURGBP,4.25,0.06,0.07,1.166667,4.9583,5868.4612,0.07
2023.02.23 16:30:00,EURGBP,-0.45,0.06,0.07,1.166667,-0.525,5867.9362,0.07
2023.02.23 17:50:15,EURGBP,3.24,0.06,0.07,1.166667,3.78,5871.7162,0.07
2023.02.23 17:55:00,EURGBP,-0.44,0.06,0.07,1.166667,-0.5133,5871.2029,0.07
2023.02.23 18:45:57,EURGBP,3.24,0.06,0.07,1.166667,3.78,5874.9829,0.07
2023.02.23 19:15:00,EURGBP,-0.44,0.06,0.07,1.166667,-0.5133,5874.4696,0.07
2023.02.23 21:32:36,EURGBP,3.09,0.06,0.07,1.166667,3.605,5878.0746,0.07
2023.02.24 02:05:02,EURGBP,-0.45,0.06,0.07,1.166667,-0.525,5877.5496,0.07
2023.02.24 05:33:04,EURGBP,3.23,0.06,0.07,1.166667,3.7683,5881.3179,0.07
2023.02.24 08:00:00,EURGBP,-0.45,0.06,0.07,1.166667,-0.525,5880.7929,0.07
2023.02.24 08:38:44,EURGBP,3.16,0.06,0.07,1.166667,3.6867,5884.4796,0.07
2023.02.24 08:40:00,EURGBP,-0.45,0.06,0.07,1.166667,-0.525,5883.9546,0.07
2023.02.24 09:15:51,EURGBP,3.24,0.06,0.07,1.166667,3.78,5887.7346,0.07
2023.02.24 09:20:01,EURGBP,-0.44,0.06,0.07,1.166667,-0.5133,5887.2212,0.07
2023.02.24 09:38:32,EURGBP,3.16,0.06,0.07,1.166667,3.6867,5890.9079,0.07
2023.02.24 10:00:00,EURGBP,-0.44,0.06,0.07,1.166667,-0.5133,5890.3946,0.07
2023.02.24 10:06:59,EURGBP,3.24,0.06,0.07,1.166667,3.78,5894.1746,0.07
2023.02.24 10:45:00,EURGBP,-0.44,0.06,0.07,1.166667,-0.5133,5893.6612,0.07
2023.02.24 10:58:37,EURGBP,3.45,0.06,0.07,1.166667,4.025,5897.6862,0.07
2023.02.24 12:25:01,EURGBP,-0.44,0.06,0.07,1.166667,-0.5133,5897.1729,0.07
2023.02.27 13:00:00,GBPUSD,-0.59,0.07,0.08,1.142857,-0.6743,5896.4986,0.08
2023.02.27 13:23:27,GBPUSD,7.04,0.07,0.08,1.142857,8.0457,5904.5443,0.08
2023.02.27 15:35:40,EURGBP,3.23,0.06,0.07,1.166667,3.7683,5908.3126,0.07
2023.02.27 15:40:00,EURGBP,-0.44,0.06,0.07,1.166667,-0.5133,5907.7993,0.07
2023.02.27 16:00:00,EURUSD,-1.19,0.16,0.18,1.125,-1.3387,5906.4606,0.18
2023.02.27 16:02:14,EURGBP,3.24,0.06,0.07,1.166667,3.78,5910.2406,0.07
2023.02.27 17:45:00,EURGBP,-0.45,0.06,0.07,1.166667,-0.525,5909.7156,0.07
2023.02.27 18:21:54,EURGBP,3.17,0.06,0.07,1.166667,3.6983,5913.4139,0.07
2023.02.27 19:55:00,EURGBP,-0.45,0.06,0.07,1.166667,-0.525,5912.8889,0.07
2023.02.27 20:16:58,EURGBP,3.24,0.06,0.07,1.166667,3.78,5916.6689,0.07
2023.02.27 23:15:00,EURGBP,-0.45,0.06,0.07,1.166667,-0.525,5916.1439,0.07
2023.02.28 09:45:11,EURGBP,3.89,0.06,0.07,1.166667,4.5383,5920.6822,0.07
2023.02.28 10:05:00,EURGBP,-0.45,0.06,0.07,1.166667,-0.525,5920.1572,0.07
2023.02.28 10:40:59,EURGBP,3.17,0.06,0.07,1.166667,3.6983,5923.8556,0.07
2023.02.28 11:00:00,EURGBP,-0.45,0.06,0.07,1.166667,-0.525,5923.3306,0.07
2023.02.28 22:52:42,EURGBP,3.17,0.06,0.07,1.166667,3.6983,5927.0289,0.07
2023.02.28 23:00:00,GBPUSD,-0.59,0.07,0.08,1.142857,-0.6743,5926.3546,0.08
2023.03.01 00:05:00,EURGBP,-0.44,0.06,0.07,1.166667,-0.5133,5925.8413,0.07
2023.03.01 00:06:09,GBPUSD,6.48,0.07,0.08,1.142857,7.4057,5933.247,0.08
2023.03.01 00:15:50,EURGBP,3.24,0.06,0.07,1.166667,3.78,5937.027,0.07
2023.03.01 00:20:00,EURGBP,-0.44,0.06,0.07,1.166667,-0.5133,5936.5137,0.07
2023.03.01 00:29:55,EURGBP,3.24,0.06,0.07,1.166667,3.78,5940.2937,0.07
2023.03.01 02:45:00,EURGBP,-0.44,0.06,0.07,1.166667,-0.5133,5939.7803,0.07
2023.03.01 15:25:01,EURGBP,-0.45,0.06,0.07,1.166667,-0.525,5939.2553,0.07
2023.03.03 16:00:00,GBPUSD,-0.59,0.07,0.08,1.142857,-0.6743,5938.581,0.08
2023.03.03 20:12:37,GBPUSD,6.9,0.07,0.08,1.142857,7.8857,5946.4668,0.08
2023.03.06 14:00:00,GBPUSD,-0.59,0.07,0.08,1.142857,-0.6743,5945.7925,0.08
2023.03.07 13:41:18,GBPUSD,6.27,0.07,0.08,1.142857,7.1657,5952.9582,0.08
2023.03.07 17:10:00,EURGBP,-0.45,0.06,0.07,1.166667,-0.525,5952.4332,0.07
2023.03.08 23:00:00,GBPUSD,-0.58,0.07,0.08,1.142857,-0.6629,5951.7703,0.08
2023.03.09 07:14:04,GBPUSD,6.42,0.07,0.08,1.142857,7.3371,5959.1075,0.08
2023.03.10 11:40:20,EURGBP,42.72,0.06,0.07,1.166667,49.84,6008.9475,0.07
2023.03.10 11:40:20,EURGBP,7.96,0.06,0.07,1.166667,9.2867,6018.2341,0.07
2023.03.10 11:40:21,EURGBP,-41.09,0.06,0.07,1.166667,-47.9383,5970.2958,0.07
2023.03.10 13:45:02,EURGBP,-0.45,0.06,0.07,1.166667,-0.525,5969.7708,0.07
2023.03.10 14:04:11,EURGBP,3.23,0.06,0.07,1.166667,3.7683,5973.5391,0.07
2023.03.10 14:47:33,USDCHF,41.22,0.08,0.09,1.125,46.3725,6019.9116,0.09
2023.03.10 14:47:33,USDCHF,3.84,0.08,0.09,1.125,4.32,6024.2316,0.09
2023.03.10 14:47:33,USDCHF,-33.28,0.08,0.09,1.125,-37.44,5986.7916,0.09
2023.03.10 18:55:00,EURGBP,-0.45,0.06,0.07,1.166667,-0.525,5986.2666,0.07
2023.03.10 19:00:00,USDCHF,-0.56,0.08,0.09,1.125,-0.63,5985.6366,0.09
2023.03.10 19:44:26,EURGBP,3.24,0.06,0.07,1.166667,3.78,5989.4166,0.07
2023.03.10 21:40:13,USDCHF,4.13,0.08,0.09,1.125,4.6463,5994.0629,0.09
2023.03.10 22:45:00,EURGBP,-0.45,0.06,0.07,1.166667,-0.525,5993.5379,0.07
2023.03.10 23:26:57,EURGBP,3.16,0.06,0.07,1.166667,3.6867,5997.2246,0.07
2023.03.10 23:45:00,EURGBP,-0.45,0.06,0.07,1.166667,-0.525,5996.6996,0.07
2023.03.13 00:00:02,EURGBP,3.38,0.06,0.07,1.166667,3.9433,6000.6429,0.07
2023.03.13 01:45:00,EURGBP,-0.45,0.06,0.07,1.166667,-0.525,6000.1179,0.07
2023.03.13 01:56:57,EURGBP,3.32,0.06,0.07,1.166667,3.8733,6003.9912,0.07
2023.03.13 02:50:00,USDCHF,-0.56,0.08,0.09,1.125,-0.63,6003.3612,0.09
2023.03.13 02:55:28,USDCHF,3.88,0.08,0.09,1.125,4.365,6007.7262,0.09
2023.03.13 04:15:00,EURGBP,-0.45,0.06,0.07,1.166667,-0.525,6007.2012,0.07
2023.03.13 05:10:54,EURGBP,3.24,0.06,0.07,1.166667,3.78,6010.9812,0.07
2023.03.13 05:20:00,EURGBP,-0.45,0.06,0.07,1.166667,-0.525,6010.4562,0.07
2023.03.13 05:25:00,USDCHF,-0.56,0.08,0.09,1.125,-0.63,6009.8262,0.09
2023.03.13 05:27:04,USDCHF,3.89,0.08,0.09,1.125,4.3762,6014.2025,0.09
2023.03.13 07:27:02,EURGBP,3.26,0.06,0.07,1.166667,3.8033,6018.0058,0.07
2023.03.13 08:15:00,EURGBP,-0.45,0.06,0.07,1.166667,-0.525,6017.4808,0.07
2023.03.13 08:40:00,USDCHF,-0.56,0.08,0.09,1.125,-0.63,6016.8508,0.09
2023.03.13 12:02:58,EURGBP,3.47,0.06,0.07,1.166667,4.0483,6020.8991,0.07
2023.03.13 12:05:00,EURGBP,-0.45,0.06,0.07,1.166667,-0.525,6020.3741,0.07
2023.03.13 13:25:07,EURGBP,3.17,0.06,0.07,1.166667,3.6983,6024.0725,0.07
2023.03.13 14:50:00,EURGBP,-0.45,0.06,0.07,1.166667,-0.525,6023.5475,0.07
2023.03.13 15:18:07,EURGBP,3.32,0.06,0.07,1.166667,3.8733,6027.4208,0.07
2023.03.13 16:25:00,EURGBP,-0.45,0.06,0.07,1.166667,-0.525,6026.8958,0.07
2023.03.13 17:08:24,EURGBP,3.33,0.06,0.07,1.166667,3.885,6030.7808,0.07
2023.03.13 17:30:00,USDCHF,-0.56,0.08,0.09,1.125,-0.63,6030.1508,0.09
2023.03.13 17:35:00,EURGBP,-0.45,0.06,0.07,1.166667,-0.525,6029.6258,0.07
2023.03.13 19:28:25,EURGBP,3.27,0.06,0.07,1.166667,3.815,6033.4408,0.07
2023.03.13 20:35:00,EURGBP,-0.45,0.06,0.07,1.166667,-0.525,6032.9158,0.07
2023.03.14 16:39:24,USDCHF,33.12,0.08,0.09,1.125,37.26,6070.1758,0.09
2023.03.14 16:39:24,USDCHF,-25.4,0.08,0.09,1.125,-28.575,6041.6008,0.09
2023.03.14 16:45:00,USDCHF,-0.56,0.08,0.09,1.125,-0.63,6040.9708,0.09
2023.03.14 16:48:30,USDCHF,4.59,0.08,0.09,1.125,5.1638,6046.1346,0.09
2023.03.14 18:43:21,EURGBP,3.34,0.06,0.07,1.166667,3.8967,6050.0312,0.07
2023.03.14 18:45:00,EURGBP,-0.45,0.06,0.07,1.166667,-0.525,6049.5062,0.07
2023.03.14 18:55:00,USDCHF,-0.56,0.08,0.09,1.125,-0.63,6048.8762,0.09
2023.03.14 19:05:37,EURGBP,3.19,0.06,0.07,1.166667,3.7217,6052.5979,0.07
2023.03.14 20:17:29,USDCHF,4.08,0.08,0.09,1.125,4.59,6057.1879,0.09
2023.03.14 20:20:00,USDCHF,-0.56,0.08,0.09,1.125,-0.63,6056.5579,0.09
2023.03.14 21:20:00,EURGBP,-0.45,0.06,0.07,1.166667,-0.525,6056.0329,0.07
2023.03.14 21:51:23,USDCHF,3.91,0.08,0.09,1.125,4.3987,6060.4316,0.09
2023.03.14 22:45:33,EURGBP,3.28,0.06,0.07,1.166667,3.8267,6064.2583,0.07
2023.03.14 23:25:00,EURGBP,-0.45,0.06,0.07,1.166667,-0.525,6063.7333,0.07
2023.03.14 23:30:00,USDCHF,-0.56,0.08,0.09,1.125,-0.63,6063.1033,0.09
2023.03.14 23:59:46,USDCHF,3.82,0.08,0.09,1.125,4.2975,6067.4008,0.09
2023.03.15 00:35:09,USDCHF,-0.56,0.08,0.09,1.125,-0.63,6066.7708,0.09
2023.03.15 02:35:22,USDCHF,3.9,0.08,0.09,1.125,4.3875,6071.1583,0.09
2023.03.15 03:55:00,USDCHF,-0.56,0.08,0.09,1.125,-0.63,6070.5283,0.09
2023.03.15 05:01:58,USDCHF,3.82,0.08,0.09,1.125,4.2975,6074.8258,0.09
2023.03.15 05:52:05,EURUSD,281.19,0.16,0.18,1.125,316.3388,6391.1646,0.18
2023.03.15 05:52:05,EURUSD,85.51,0.16,0.17,1.0625,90.8544,6482.0189,0.17
2023.03.15 05:52:05,EURUSD,-1.85,0.16,0.17,1.0625,-1.9656,6480.0533,0.17
2023.03.15 05:52:05,EURUSD,-273.85,0.16,0.17,1.0625,-290.9656,6189.0877,0.17
2023.03.15 07:40:00,USDCHF,-0.56,0.08,0.09,1.125,-0.63,6188.4577,0.09
2023.03.15 07:45:38,USDCHF,4.25,0.08,0.09,1.125,4.7812,6193.2389,0.09
2023.03.15 12:18:56,EURGBP,3.2,0.06,0.07,1.166667,3.7333,6196.9723,0.07
2023.03.15 12:40:00,EURGBP,-0.45,0.06,0.07,1.166667,-0.525,6196.4473,0.07
2023.03.15 12:47:25,EURGBP,3.26,0.06,0.07,1.166667,3.8033,6200.2506,0.07
2023.03.15 13:00:00,EURUSD,-1.2,0.16,0.19,1.1875,-1.425,6198.8256,0.19
2023.03.15 13:00:00,GBPUSD,-0.59,0.07,0.09,1.285714,-0.7586,6198.067,0.09
2023.03.15 13:27:50,GBPUSD,6.34,0.07,0.09,1.285714,8.1514,6206.2185,0.09
2023.03.15 13:32:17,EURUSD,23.93,0.16,0.19,1.1875,28.4169,6234.6353,0.19
2023.03.15 13:55:00,EURGBP,-0.45,0.06,0.07,1.166667,-0.525,6234.1103,0.07
2023.03.15 14:00:18,EURGBP,3.17,0.06,0.07,1.166667,3.6983,6237.8087,0.07
2023.03.15 14:15:00,EURGBP,-0.45,0.06,0.07,1.166667,-0.525,6237.2837,0.07
2023.03.15 14:45:00,USDCHF,-0.56,0.08,0.09,1.125,-0.63,6236.6537,0.09
2023.03.15 14:48:01,USDCHF,4.04,0.08,0.09,1.125,4.545,6241.1987,0.09
2023.03.15 15:10:00,USDCHF,-0.56,0.08,0.09,1.125,-0.63,6240.5687,0.09
2023.03.15 16:05:00,EURGBP,-0.44,0.06,0.07,1.166667,-0.5133,6240.0553,0.07
2023.03.15 19:23:43,USDCHF,4.11,0.08,0.09,1.125,4.6237,6244.6791,0.09
2023.03.15 19:44:21,EURGBP,25.44,0.06,0.07,1.166667,29.68,6274.3591,0.07
2023.03.15 19:44:21,EURGBP,-18.97,0.06,0.07,1.166667,-22.1317,6252.2274,0.07
2023.03.15 21:35:00,USDCHF,-0.56,0.08,0.09,1.125,-0.63,6251.5974,0.09
2023.03.15 22:04:59,USDCHF,3.75,0.08,0.09,1.125,4.2187,6255.8162,0.09
2023.03.15 22:15:00,EURGBP,-0.44,0.06,0.08,1.333333,-0.5867,6255.2295,0.08
2023.03.15 22:50:00,USDCHF,-0.56,0.08,0.09,1.125,-0.63,6254.5995,0.09
2023.03.15 22:53:38,USDCHF,4.08,0.08,0.09,1.125,4.59,6259.1895,0.09
2023.03.16 01:05:07,USDCHF,-0.56,0.08,0.09,1.125,-0.63,6258.5595,0.09
2023.03.16 03:02:32,EURGBP,3.18,0.06,0.08,1.333333,4.24,6262.7995,0.08
2023.03.16 03:05:00,EURGBP,-0.44,0.06,0.08,1.333333,-0.5867,6262.2128,0.08
2023.03.16 03:49:22,EURGBP,3.25,0.06,0.08,1.333333,4.3333,6266.5462,0.08
2023.03.16 08:20:00,EURGBP,-0.45,0.06,0.08,1.333333,-0.6,6265.9462,0.08
2023.03.16 12:20:00,USDCHF,-0.56,0.08,0.09,1.125,-0.63,6265.3162,0.09
2023.03.16 15:55:26,EURGBP,3.25,0.06,0.08,1.333333,4.3333,6269.6495,0.08
2023.03.16 17:30:00,EURGBP,-0.44,0.06,0.08,1.333333,-0.5867,6269.0628,0.08
2023.03.16 17:31:41,USDCHF,39.48,0.08,0.09,1.125,44.415,6313.4778,0.09
2023.03.16 17:31:41,USDCHF,-29.26,0.08,0.09,1.125,-32.9175,6280.5603,0.09
2023.03.16 18:01:42,EURGBP,3.25,0.06,0.08,1.333333,4.3333,6284.8937,0.08
2023.03.16 19:00:00,GBPUSD,-0.59,0.07,0.09,1.285714,-0.7586,6284.1351,0.09
2023.03.16 19:46:53,GBPUSD,6.62,0.07,0.09,1.285714,8.5114,6292.6465,0.09
2023.03.16 20:30:00,EURGBP,-0.45,0.06,0.08,1.333333,-0.6,6292.0465,0.08
2023.03.16 21:50:00,USDCHF,-0.56,0.08,0.09,1.125,-0.63,6291.4165,0.09
2023.03.16 22:18:54,USDCHF,3.83,0.08,0.09,1.125,4.3087,6295.7253,0.09
2023.03.17 01:18:53,EURGBP,3.18,0.06,0.08,1.333333,4.24,6299.9653,0.08
2023.03.17 01:20:00,USDCHF,-0.56,0.08,0.09,1.125,-0.63,6299.3353,0.09
2023.03.17 03:05:00,EURGBP,-0.45,0.06,0.08,1.333333,-0.6,6298.7353,0.08
2023.03.17 04:41:08,EURGBP,3.26,0.06,0.08,1.333333,4.3467,6303.0819,0.08
2023.03.17 05:00:00,EURUSD,-1.19,0.16,0.19,1.1875,-1.4131,6301.6688,0.19
2023.03.17 06:24:22,EURUSD,23.13,0.16,0.19,1.1875,27.4669,6329.1357,0.19
2023.03.17 06:35:00,EURGBP,-0.45,0.06,0.08,1.333333,-0.6,6328.5357,0.08
2023.03.17 08:33:11,EURGBP,3.34,0.06,0.08,1.333333,4.4533,6332.989,0.08
2023.03.17 08:35:00,EURGBP,-0.45,0.06,0.08,1.333333,-0.6,6332.389,0.08
2023.03.17 09:41:34,EURGBP,3.2,0.06,0.08,1.333333,4.2667,6336.6557,0.08
2023.03.17 09:55:00,EURGBP,-0.45,0.06,0.08,1.333333,-0.6,6336.0557,0.08
2023.03.17 10:00:18,EURGBP,3.2,0.06,0.08,1.333333,4.2667,6340.3224,0.08
2023.03.17 10:20:00,EURGBP,-0.45,0.06,0.08,1.333333,-0.6,6339.7224,0.08
2023.03.17 10:44:41,EURGBP,3.27,0.06,0.08,1.333333,4.36,6344.0824,0.08
2023.03.17 11:20:00,EURGBP,-0.45,0.06,0.08,1.333333,-0.6,6343.4824,0.08
2023.03.17 11:28:51,EURGBP,3.27,0.06,0.08,1.333333,4.36,6347.8424,0.08
2023.03.17 11:35:00,EURGBP,-0.45,0.06,0.08,1.333333,-0.6,6347.2424,0.08
2023.03.17 13:08:07,EURGBP,3.99,0.06,0.08,1.333333,5.32,6352.5624,0.08
2023.03.17 13:10:00,EURGBP,-0.45,0.06,0.08,1.333333,-0.6,6351.9624,0.08
2023.03.17 15:00:00,EURUSD,-1.19,0.16,0.19,1.1875,-1.4131,6350.5492,0.19
2023.03.17 15:30:24,EURUSD,22.97,0.16,0.19,1.1875,27.2769,6377.8261,0.19
2023.03.17 21:00:00,EURUSD,-1.2,0.16,0.19,1.1875,-1.425,6376.4011,0.19
2023.03.20 00:00:04,EURUSD,23.6,0.16,0.19,1.1875,28.025,6404.4261,0.19
2023.03.20 11:19:55,USDCHF,4.0,0.08,0.09,1.125,4.5,6408.9261,0.09
2023.03.20 13:40:00,USDCHF,-0.56,0.08,0.1,1.25,-0.7,6408.2261,0.1
2023.03.20 14:09:24,USDCHF,3.84,0.08,0.1,1.25,4.8,6413.0261,0.1
2023.03.20 18:25:00,USDCHF,-0.56,0.08,0.1,1.25,-0.7,6412.3261,0.1
2023.03.20 18:49:44,USDCHF,3.75,0.08,0.1,1.25,4.6875,6417.0136,0.1
2023.03.20 21:30:00,USDCHF,-0.56,0.08,0.1,1.25,-0.7,6416.3136,0.1
2023.03.21 11:00:00,GBPUSD,-0.6,0.07,0.09,1.285714,-0.7714,6415.5422,0.09
2023.03.21 12:13:44,EURGBP,3.81,0.06,0.08,1.333333,5.08,6420.6222,0.08
2023.03.21 12:53:03,USDCHF,3.84,0.08,0.1,1.25,4.8,6425.4222,0.1
2023.03.21 13:40:01,EURGBP,-0.45,0.06,0.08,1.333333,-0.6,6424.8222,0.08
2023.03.21 16:15:01,USDCHF,-0.56,0.08,0.1,1.25,-0.7,6424.1222,0.1
2023.03.21 16:44:23,GBPUSD,6.61,0.07,0.09,1.285714,8.4986,6432.6207,0.09
2023.03.21 18:30:00,EURGBP,-0.45,0.06,0.08,1.333333,-0.6,6432.0207,0.08
2023.03.22 09:40:09,EURGBP,21.36,0.06,0.08,1.333333,28.48,6460.5007,0.08
2023.03.22 09:40:09,EURGBP,-14.77,0.06,0.08,1.333333,-19.6933,6440.8074,0.08
2023.03.22 10:05:00,EURGBP,-0.45,0.06,0.08,1.333333,-0.6,6440.2074,0.08
2023.03.22 11:00:00,GBPUSD,-0.6,0.07,0.09,1.285714,-0.7714,6439.436,0.09
2023.03.22 11:03:24,GBPUSD,6.26,0.07,0.09,1.285714,8.0486,6447.4846,0.09
2023.03.22 14:27:05,EURGBP,3.23,0.06,0.08,1.333333,4.3067,6451.7912,0.08
2023.03.22 16:40:00,EURGBP,-0.45,0.06,0.08,1.333333,-0.6,6451.1912,0.08
2023.03.22 19:00:00,GBPUSD,-0.6,0.07,0.09,1.285714,-0.7714,6450.4198,0.09
2023.03.23 04:20:01,EURGBP,-0.46,0.06,0.08,1.333333,-0.6133,6449.8065,0.08
2023.03.23 07:10:00,USDCHF,-0.56,0.08,0.1,1.25,-0.7,6449.1065,0.1
2023.03.23 14:00:00,EURUSD,-1.22,0.16,0.19,1.1875,-1.4487,6447.6577,0.19
2023.03.23 14:00:01,GBPUSD,-0.6,0.07,0.09,1.285714,-0.7714,6446.8863,0.09
2023.03.23 15:00:41,EURGBP,23.8,0.06,0.08,1.333333,31.7333,6478.6196,0.08
2023.03.23 15:00:41,EURGBP,-15.32,0.06,0.08,1.333333,-20.4267,6458.1929,0.08
2023.03.23 15:10:00,EURGBP,-0.46,0.06,0.08,1.333333,-0.6133,6457.5796,0.08
2023.03.23 15:34:30,EURGBP,3.31,0.06,0.08,1.333333,4.4133,6461.9929,0.08
2023.03.23 15:50:00,EURGBP,-0.46,0.06,0.08,1.333333,-0.6133,6461.3796,0.08
2023.03.23 16:12:30,EURGBP,3.3,0.06,0.08,1.333333,4.4,6465.7796,0.08
2023.03.23 18:55:00,EURGBP,-0.46,0.06,0.08,1.333333,-0.6133,6465.1663,0.08
2023.03.23 20:00:11,EURGBP,3.31,0.06,0.08,1.333333,4.4133,6469.5796,0.08
2023.03.23 21:38:06,EURUSD,23.26,0.16,0.19,1.1875,27.6213,6497.2009,0.19
2023.03.23 21:55:00,EURGBP,-0.46,0.06,0.08,1.333333,-0.6133,6496.5875,0.08
2023.03.24 11:09:12,GBPUSD,26.91,0.07,0.09,1.285714,34.5986,6531.1861,0.09
2023.03.24 11:09:12,GBPUSD,-13.9,0.07,0.09,1.285714,-17.8714,6513.3147,0.09
2023.03.24 13:59:57,USDCHF,45.21,0.08,0.1,1.25,56.5125,6569.8272,0.1
2023.03.24 13:59:58,USDCHF,-35.91,0.08,0.1,1.25,-44.8875,6524.9397,0.1
2023.03.24 15:25:00,USDCHF,-0.56,0.08,0.1,1.25,-0.7,6524.2397,0.1
2023.03.24 15:30:51,USDCHF,4.06,0.08,0.1,1.25,5.075,6529.3147,0.1
2023.03.24 20:20:00,USDCHF,-0.56,0.08,0.1,1.25,-0.7,6528.6147,0.1
2023.03.24 21:04:59,USDCHF,3.79,0.08,0.1,1.25,4.7375,6533.3522,0.1
2023.03.27 00:00:00,USDCHF,-0.56,0.08,0.1,1.25,-0.7,6532.6522,0.1
2023.03.27 06:31:54,USDCHF,3.88,0.08,0.1,1.25,4.85,6537.5022,0.1
2023.03.27 07:45:00,USDCHF,-0.56,0.08,0.1,1.25,-0.7,6536.8022,0.1
2023.03.27 09:11:13,USDCHF,3.88,0.08,0.1,1.25,4.85,6541.6522,0.1
2023.03.27 09:55:00,USDCHF,-0.56,0.08,0.1,1.25,-0.7,6540.9522,0.1
2023.03.27 10:03:51,USDCHF,3.97,0.08,0.1,1.25,4.9625,6545.9147,0.1
2023.03.27 11:55:00,EURGBP,-0.45,0.06,0.08,1.333333,-0.6,6545.3147,0.08
2023.03.27 15:45:00,USDCHF,-0.56,0.08,0.1,1.25,-0.7,6544.6147,0.1
2023.03.27 15:52:36,USDCHF,3.89,0.08,0.1,1.25,4.8625,6549.4772,0.1
2023.03.27 16:30:00,USDCHF,-0.56,0.08,0.1,1.25,-0.7,6548.7772,0.1
2023.03.27 17:00:00,GBPUSD,-0.6,0.07,0.09,1.285714,-0.7714,6548.0057,0.09
2023.03.27 17:09:25,GBPUSD,6.47,0.07,0.09,1.285714,8.3186,6556.3243,0.09
2023.03.27 19:00:00,EURUSD,-1.21,0.16,0.2,1.25,-1.5125,6554.8118,0.2
2023.03.27 23:56:40,USDCHF,3.9,0.08,0.1,1.25,4.875,6559.6868,0.1
2023.03.28 02:12:18,EURUSD,23.27,0.16,0.2,1.25,29.0875,6588.7743,0.2
2023.03.28 08:25:00,USDCHF,-0.56,0.08,0.1,1.25,-0.7,6588.0743,0.1
2023.03.28 09:00:54,USDCHF,3.72,0.08,0.1,1.25,4.65,6592.7243,0.1
2023.03.28 10:45:00,USDCHF,-0.56,0.08,0.1,1.25,-0.7,6592.0243,0.1
2023.03.28 13:00:00,GBPUSD,-0.6,0.07,0.09,1.285714,-0.7714,6591.2529,0.09
2023.03.29 02:55:00,USDCHF,-0.56,0.08,0.1,1.25,-0.7,6590.5529,0.1
2023.03.29 10:00:00,EURUSD,-1.21,0.16,0.2,1.25,-1.5125,6589.0404,0.2
2023.03.29 12:17:39,USDCHF,23.85,0.08,0.1,1.25,29.8125,6618.8529,0.1
2023.03.29 12:17:40,USDCHF,-15.91,0.08,0.1,1.25,-19.8875,6598.9654,0.1
2023.03.29 13:55:00,USDCHF,-0.56,0.08,0.1,1.25,-0.7,6598.2654,0.1
2023.03.29 14:56:04,USDCHF,3.88,0.08,0.1,1.25,4.85,6603.1154,0.1
2023.03.29 16:05:00,USDCHF,-0.56,0.08,0.1,1.25,-0.7,6602.4154,0.1
2023.03.29 23:56:00,USDCHF,3.88,0.08,0.1,1.25,4.85,6607.2654,0.1
2023.03.30 03:10:00,USDCHF,-0.56,0.08,0.1,1.25,-0.7,6606.5654,0.1
2023.03.30 03:31:17,USDCHF,3.88,0.08,0.1,1.25,4.85,6611.4154,0.1
2023.03.30 07:25:02,USDCHF,-0.56,0.08,0.1,1.25,-0.7,6610.7154,0.1
2023.03.30 08:20:32,USDCHF,3.53,0.08,0.1,1.25,4.4125,6615.1279,0.1
2023.03.30 13:42:47,EURGBP,21.17,0.06,0.08,1.333333,28.2267,6643.3546,0.08
2023.03.30 13:42:47,EURGBP,-14.68,0.06,0.08,1.333333,-19.5733,6623.7812,0.08
2023.03.30 14:00:00,EURGBP,-0.46,0.06,0.08,1.333333,-0.6133,6623.1679,0.08
2023.03.30 15:27:49,EURGBP,3.4,0.06,0.08,1.333333,4.5333,6627.7012,0.08
2023.03.30 15:40:00,EURGBP,-0.46,0.06,0.08,1.333333,-0.6133,6627.0879,0.08
2023.03.30 15:43:01,EURGBP,3.25,0.06,0.08,1.333333,4.3333,6631.4212,0.08
2023.03.30 16:05:00,EURGBP,-0.46,0.06,0.08,1.333333,-0.6133,6630.8079,0.08
2023.03.30 16:39:15,EURGBP,3.33,0.06,0.08,1.333333,4.44,6635.2479,0.08
2023.03.30 18:00:00,EURGBP,-0.46,0.06,0.08,1.333333,-0.6133,6634.6346,0.08
2023.03.30 18:40:00,USDCHF,-0.56,0.08,0.1,1.25,-0.7,6633.9346,0.1
2023.03.31 08:30:34,USDCHF,3.81,0.08,0.1,1.25,4.7625,6638.6971,0.1
2023.03.31 09:20:00,USDCHF,-0.56,0.08,0.1,1.25,-0.7,6637.9971,0.1
2023.03.31 11:00:00,EURUSD,-1.22,0.16,0.2,1.25,-1.525,6636.4721,0.2
2023.03.31 11:00:00,GBPUSD,-0.61,0.07,0.09,1.285714,-0.7843,6635.6878,0.09
2023.03.31 16:40:10,USDCHF,3.91,0.08,0.1,1.25,4.8875,6640.5753,0.1
2023.03.31 17:55:00,USDCHF,-0.56,0.08,0.1,1.25,-0.7,6639.8753,0.1
2023.03.31 17:57:53,USDCHF,3.82,0.08,0.1,1.25,4.775,6644.6503,0.1
2023.03.31 21:50:00,USDCHF,-0.56,0.08,0.1,1.25,-0.7,6643.9503,0.1
2023.03.31 23:29:17,EURUSD,72.39,0.16,0.2,1.25,90.4875,6734.4378,0.2
2023.03.31 23:29:17,EURUSD,-26.49,0.16,0.2,1.25,-33.1125,6701.3253,0.2
2023.04.03 01:20:03,GBPUSD,34.61,0.07,0.09,1.285714,44.4986,6745.8238,0.09
2023.04.03 01:20:03,GBPUSD,-21.74,0.07,0.09,1.285714,-27.9514,6717.8724,0.09
2023.04.03 09:15:00,USDCHF,-0.56,0.08,0.1,1.25,-0.7,6717.1724,0.1
2023.04.03 11:00:00,EURUSD,-1.21,0.16,0.2,1.25,-1.5125,6715.6599,0.2
2023.04.03 12:00:00,GBPUSD,-0.6,0.07,0.09,1.285714,-0.7714,6714.8885,0.09
2023.04.03 12:47:38,EURUSD,23.26,0.16,0.2,1.25,29.075,6743.9635,0.2
2023.04.03 12:50:07,GBPUSD,6.54,0.07,0.09,1.285714,8.4086,6752.3721,0.09
2023.04.03 14:36:24,USDCHF,22.33,0.08,0.1,1.25,27.9125,6780.2846,0.1
2023.04.03 14:36:24,USDCHF,-14.54,0.08,0.1,1.25,-18.175,6762.1096,0.1
2023.04.03 23:40:02,USDCHF,-0.56,0.08,0.1,1.25,-0.7,6761.4096,0.1
2023.04.04 04:50:17,USDCHF,3.91,0.08,0.1,1.25,4.8875,6766.2971,0.1
2023.04.04 07:45:00,USDCHF,-0.56,0.08,0.1,1.25,-0.7,6765.5971,0.1
2023.04.04 09:41:11,USDCHF,3.91,0.08,0.1,1.25,4.8875,6770.4846,0.1
2023.04.04 10:45:00,EURGBP,-0.46,0.06,0.08,1.333333,-0.6133,6769.8712,0.08
2023.04.04 13:10:00,USDCHF,-0.56,0.08,0.1,1.25,-0.7,6769.1712,0.1
2023.04.04 13:48:23,USDCHF,3.91,0.08,0.1,1.25,4.8875,6774.0587,0.1
2023.04.04 16:25:00,USDCHF,-0.56,0.08,0.1,1.25,-0.7,6773.3587,0.1
2023.04.04 16:47:22,USDCHF,3.91,0.08,0.1,1.25,4.8875,6778.2462,0.1
2023.04.05 01:15:00,USDCHF,-0.56,0.08,0.1,1.25,-0.7,6777.5462,0.1
2023.04.05 18:00:00,EURUSD,-1.22,0.16,0.2,1.25,-1.525,6776.0212,0.2
2023.04.05 18:00:00,GBPUSD,-0.61,0.07,0.09,1.285714,-0.7843,6775.2369,0.09
2023.04.05 19:38:59,USDCHF,3.85,0.08,0.1,1.25,4.8125,6780.0494,0.1
2023.04.05 20:00:25,EURUSD,22.94,0.16,0.2,1.25,28.675,6808.7244,0.2
2023.04.05 21:30:04,USDCHF,-0.56,0.08,0.1,1.25,-0.7,6808.0244,0.1
2023.04.06 04:17:31,GBPUSD,6.67,0.07,0.09,1.285714,8.5757,6816.6001,0.09
2023.04.06 10:10:00,USDCHF,4.12,0.08,0.1,1.25,5.15,6821.7501,0.1
2023.04.06 11:00:00,GBPUSD,-0.61,0.07,0.1,1.428571,-0.8714,6820.8787,0.1
2023.04.06 12:20:00,USDCHF,-0.56,0.08,0.1,1.25,-0.7,6820.1787,0.1
2023.04.06 14:36:04,GBPUSD,6.39,0.07,0.1,1.428571,9.1286,6829.3073,0.1
2023.04.06 15:00:00,EURUSD,-1.3,0.17,0.2,1.176471,-1.5294,6827.7779,0.2
2023.04.06 15:33:21,USDCHF,4.03,0.08,0.1,1.25,5.0375,6832.8154,0.1
2023.04.06 15:35:00,USDCHF,-0.56,0.08,0.1,1.25,-0.7,6832.1154,0.1
2023.04.06 15:50:37,USDCHF,4.38,0.08,0.1,1.25,5.475,6837.5904,0.1
2023.04.06 16:00:00,GBPUSD,-0.61,0.07,0.1,1.428571,-0.8714,6836.719,0.1
2023.04.06 16:04:57,GBPUSD,6.46,0.07,0.1,1.428571,9.2286,6845.9475,0.1
2023.04.06 17:10:00,USDCHF,-0.56,0.08,0.1,1.25,-0.7,6845.2475,0.1
2023.04.06 17:55:28,USDCHF,3.95,0.08,0.1,1.25,4.9375,6850.185,0.1
2023.04.06 19:05:19,EURUSD,24.88,0.17,0.2,1.176471,29.2706,6879.4556,0.2
2023.04.06 22:05:02,USDCHF,-0.56,0.08,0.1,1.25,-0.7,6878.7556,0.1
2023.04.07 15:13:10,USDCHF,3.86,0.08,0.1,1.25,4.825,6883.5806,0.1
2023.04.07 16:00:01,EURUSD,-1.3,0.17,0.21,1.235294,-1.6059,6881.9747,0.21
2023.04.07 17:15:01,USDCHF,-0.56,0.08,0.1,1.25,-0.7,6881.2747,0.1
2023.04.07 17:25:09,USDCHF,3.86,0.08,0.1,1.25,4.825,6886.0997,0.1
2023.04.10 01:25:00,USDCHF,-0.56,0.08,0.1,1.25,-0.7,6885.3997,0.1
2023.04.10 14:30:25,EURUSD,24.37,0.17,0.21,1.235294,30.1041,6915.5038,0.21
2023.04.10 15:49:55,EURGBP,24.3,0.06,0.08,1.333333,32.4,6947.9038,0.08
2023.04.10 15:49:55,EURGBP,-17.73,0.06,0.08,1.333333,-23.64,6924.2638,0.08
2023.04.10 17:10:00,EURGBP,-0.46,0.06,0.08,1.333333,-0.6133,6923.6505,0.08
2023.04.10 18:10:00,USDCHF,-0.56,0.08,0.1,1.25,-0.7,6922.9505,0.1
2023.04.10 21:49:04,EURGBP,3.33,0.06,0.08,1.333333,4.44,6927.3905,0.08
2023.04.10 23:05:06,EURGBP,-0.46,0.06,0.08,1.333333,-0.6133,6926.7772,0.08
2023.04.11 06:00:00,EURUSD,-1.3,0.17,0.21,1.235294,-1.6059,6925.1713,0.21
2023.04.11 08:38:26,EURGBP,3.26,0.06,0.08,1.333333,4.3467,6929.518,0.08
2023.04.11 09:00:00,GBPUSD,-0.61,0.07,0.1,1.428571,-0.8714,6928.6465,0.1
2023.04.11 09:35:00,EURGBP,-0.46,0.06,0.08,1.333333,-0.6133,6928.0332,0.08
2023.04.11 10:00:23,USDCHF,33.94,0.08,0.1,1.25,42.425,6970.4582,0.1
2023.04.11 10:00:23,USDCHF,-26.68,0.08,0.1,1.25,-33.35,6937.1082,0.1
2023.04.11 10:06:55,EURGBP,3.26,0.06,0.08,1.333333,4.3467,6941.4549,0.08
2023.04.11 10:12:18,EURUSD,24.54,0.17,0.21,1.235294,30.3141,6971.769,0.21
2023.04.11 10:12:18,GBPUSD,6.6,0.07,0.1,1.428571,9.4286,6981.1976,0.1
2023.04.11 11:50:00,EURGBP,-0.46,0.06,0.08,1.333333,-0.6133,6980.5842,0.08
2023.04.11 12:10:26,EURGBP,3.35,0.06,0.08,1.333333,4.4667,6985.0509,0.08
2023.04.11 12:30:00,EURGBP,-0.46,0.06,0.08,1.333333,-0.6133,6984.4376,0.08
2023.04.11 13:13:56,EURGBP,3.27,0.06,0.08,1.333333,4.36,6988.7976,0.08
2023.04.11 14:05:00,EURGBP,-0.46,0.06,0.08,1.333333,-0.6133,6988.1842,0.08
2023.04.11 14:30:00,USDCHF,-0.56,0.08,0.1,1.25,-0.7,6987.4842,0.1
2023.04.11 15:13:19,EURGBP,3.35,0.06,0.08,1.333333,4.4667,6991.9509,0.08
2023.04.11 15:36:46,USDCHF,3.86,0.08,0.1,1.25,4.825,6996.7759,0.1
2023.04.11 16:40:00,EURGBP,-0.53,0.07,0.08,1.142857,-0.6057,6996.1702,0.08
2023.04.11 17:10:00,USDCHF,-0.56,0.08,0.1,1.25,-0.7,6995.4702,0.1
2023.04.11 17:30:34,EURGBP,3.81,0.07,0.08,1.142857,4.3543,6999.8245,0.08
2023.04.11 17:57:34,USDCHF,4.22,0.08,0.1,1.25,5.275,7005.0995,0.1
2023.04.11 18:00:00,EURGBP,-0.53,0.07,0.08,1.142857,-0.6057,7004.4937,0.08
2023.04.11 18:31:06,EURGBP,3.91,0.07,0.08,1.142857,4.4686,7008.9623,0.08
2023.04.11 19:00:00,EURGBP,-0.53,0.07,0.08,1.142857,-0.6057,7008.3566,0.08
2023.04.11 19:22:34,EURGBP,3.9,0.07,0.08,1.142857,4.4571,7012.8137,0.08
2023.04.11 19:25:01,USDCHF,-0.56,0.08,0.11,1.375,-0.77,7012.0437,0.11
2023.04.12 00:00:00,EURGBP,-0.53,0.07,0.08,1.142857,-0.6057,7011.438,0.08
2023.04.12 10:05:48,EURGBP,3.81,0.07,0.08,1.142857,4.3543,7015.7923,0.08
2023.04.12 10:30:00,EURGBP,-0.54,0.07,0.08,1.142857,-0.6171,7015.1752,0.08
2023.04.12 13:00:00,GBPUSD,-0.61,0.07,0.1,1.428571,-0.8714,7014.3037,0.1
2023.04.12 14:00:46,GBPUSD,6.46,0.07,0.1,1.428571,9.2286,7023.5323,0.1
2023.04.12 17:00:00,GBPUSD,-0.61,0.07,0.1,1.428571,-0.8714,7022.6609,0.1
2023.04.12 17:04:05,GBPUSD,6.39,0.07,0.1,1.428571,9.1286,7031.7895,0.1
2023.04.12 17:55:00,USDCHF,-0.56,0.08,0.11,1.375,-0.77,7031.0195,0.11
2023.04.13 16:55:00,USDCHF,-0.56,0.08,0.11,1.375,-0.77,7030.2495,0.11
2023.04.14 12:00:00,GBPUSD,-0.61,0.07,0.1,1.428571,-0.8714,7029.378,0.1
2023.04.14 12:00:01,EURGBP,-0.54,0.07,0.08,1.142857,-0.6171,7028.7609,0.08
2023.04.14 14:29:16,GBPUSD,6.46,0.07,0.1,1.428571,9.2286,7037.9895,0.1
2023.04.14 16:00:00,EURUSD,-1.31,0.17,0.21,1.235294,-1.6182,7036.3712,0.21
2023.04.14 16:50:56,EURUSD,24.53,0.17,0.21,1.235294,30.3018,7066.673,0.21
2023.04.17 16:21:05,USDCHF,80.31,0.08,0.11,1.375,110.4263,7177.0992,0.11
2023.04.17 16:21:05,USDCHF,-1.9,0.08,0.11,1.375,-2.6125,7174.4867,0.11
2023.04.17 16:21:05,USDCHF,-65.65,0.08,0.11,1.375,-90.2688,7084.218,0.11
2023.04.17 22:00:00,USDCHF,-0.56,0.08,0.11,1.375,-0.77,7083.448,0.11
2023.04.18 03:24:49,USDCHF,3.89,0.08,0.11,1.375,5.3487,7088.7967,0.11
2023.04.18 04:25:00,USDCHF,-0.56,0.08,0.11,1.375,-0.77,7088.0267,0.11
2023.04.18 10:00:00,EURUSD,-1.3,0.17,0.21,1.235294,-1.6059,7086.4209,0.21
2023.04.18 10:00:00,GBPUSD,-0.61,0.07,0.1,1.428571,-0.8714,7085.5494,0.1
2023.04.18 10:05:59,GBPUSD,6.6,0.07,0.1,1.428571,9.4286,7094.978,0.1
2023.04.18 10:51:05,EURUSD,24.71,0.17,0.21,1.235294,30.5241,7125.5021,0.21
2023.04.18 15:00:34,EURGBP,25.77,0.07,0.08,1.142857,29.4514,7154.9535,0.08
2023.04.18 15:00:34,EURGBP,-18.05,0.07,0.08,1.142857,-20.6286,7134.325,0.08
2023.04.18 17:05:01,EURGBP,-0.54,0.07,0.09,1.285714,-0.6943,7133.6307,0.09
2023.04.18 17:09:55,EURGBP,3.81,0.07,0.09,1.285714,4.8986,7138.5293,0.09
2023.04.18 21:20:01,EURGBP,-0.54,0.07,0.09,1.285714,-0.6943,7137.835,0.09
2023.04.19 09:00:07,EURGBP,3.9,0.07,0.09,1.285714,5.0143,7142.8493,0.09
2023.04.19 09:05:00,EURGBP,-0.54,0.07,0.09,1.285714,-0.6943,7142.155,0.09
2023.04.19 09:25:33,USDCHF,3.98,0.08,0.11,1.375,5.4725,7147.6275,0.11
2023.04.19 09:26:42,EURGBP,3.89,0.07,0.09,1.285714,5.0014,7152.6289,0.09
2023.04.19 09:40:00,EURGBP,-0.54,0.07,0.09,1.285714,-0.6943,7151.9346,0.09
2023.04.19 09:55:00,USDCHF,-0.56,0.08,0.11,1.375,-0.77,7151.1646,0.11
2023.04.19 10:00:00,EURUSD,-1.3,0.17,0.21,1.235294,-1.6059,7149.5587,0.21
2023.04.19 10:09:48,USDCHF,3.9,0.08,0.11,1.375,5.3625,7154.9212,0.11
2023.04.19 11:10:00,USDCHF,-0.56,0.08,0.11,1.375,-0.77,7154.1512,0.11
2023.04.19 11:57:14,EURGBP,3.81,0.07,0.09,1.285714,4.8986,7159.0498,0.09
2023.04.19 12:30:43,USDCHF,3.98,0.08,0.11,1.375,5.4725,7164.5223,0.11
2023.04.19 12:31:13,EURUSD,27.26,0.17,0.21,1.235294,33.6741,7198.1964,0.21
2023.04.19 13:00:00,GBPUSD,-0.61,0.07,0.1,1.428571,-0.8714,7197.325,0.1
2023.04.19 14:04:30,GBPUSD,6.95,0.07,0.1,1.428571,9.9286,7207.2536,0.1
2023.04.19 14:05:00,EURGBP,-0.54,0.07,0.09,1.285714,-0.6943,7206.5593,0.09
2023.04.19 14:33:50,EURGBP,3.81,0.07,0.09,1.285714,4.8986,7211.4579,0.09
2023.04.19 15:05:00,USDCHF,-0.56,0.08,0.11,1.375,-0.77,7210.6879,0.11
2023.04.19 15:43:25,USDCHF,4.16,0.08,0.11,1.375,5.72,7216.4079,0.11
2023.04.19 16:00:00,EURGBP,-0.54,0.07,0.09,1.285714,-0.6943,7215.7136,0.09
2023.04.19 16:14:22,EURGBP,3.81,0.07,0.09,1.285714,4.8986,7220.6121,0.09
2023.04.19 17:55:00,USDCHF,-0.56,0.08,0.11,1.375,-0.77,7219.8421,0.11
2023.04.19 20:40:09,EURGBP,-0.54,0.07,0.09,1.285714,-0.6943,7219.1479,0.09
2023.04.19 21:29:28,EURGBP,3.9,0.07,0.09,1.285714,5.0143,7224.1621,0.09
2023.04.19 21:30:00,EURGBP,-0.54,0.07,0.09,1.285714,-0.6943,7223.4679,0.09
2023.04.20 12:00:00,EURUSD,-1.31,0.17,0.22,1.294118,-1.6953,7221.7726,0.22
2023.04.20 16:00:00,GBPUSD,-0.61,0.07,0.1,1.428571,-0.8714,7220.9011,0.1
2023.04.20 17:07:16,EURUSD,25.55,0.17,0.22,1.294118,33.0647,7253.9658,0.22
2023.04.20 17:08:02,GBPUSD,6.74,0.07,0.1,1.428571,9.6286,7263.5944,0.1
2023.04.21 02:35:06,USDCHF,-0.56,0.08,0.11,1.375,-0.77,7262.8244,0.11
2023.04.21 10:00:00,EURUSD,-1.3,0.17,0.22,1.294118,-1.6824,7261.1421,0.22
2023.04.21 10:00:00,GBPUSD,-0.61,0.07,0.1,1.428571,-0.8714,7260.2706,0.1
2023.04.21 10:38:02,GBPUSD,6.6,0.07,0.1,1.428571,9.4286,7269.6992,0.1
2023.04.21 13:40:02,EURGBP,-0.54,0.07,0.09,1.285714,-0.6943,7269.0049,0.09
2023.04.21 20:00:00,GBPUSD,-0.61,0.07,0.1,1.428571,-0.8714,7268.1335,0.1
2023.04.21 21:06:30,GBPUSD,5.97,0.07,0.1,1.428571,8.5286,7276.6621,0.1
2023.04.24 10:38:22,EURGBP,24.46,0.07,0.09,1.285714,31.4486,7308.1106,0.09
2023.04.24 10:38:22,EURGBP,-16.48,0.07,0.09,1.285714,-21.1886,7286.9221,0.09
2023.04.24 10:40:00,EURGBP,-0.54,0.07,0.09,1.285714,-0.6943,7286.2278,0.09
2023.04.24 10:54:46,EURGBP,3.81,0.07,0.09,1.285714,4.8986,7291.1263,0.09
2023.04.24 12:45:02,EURGBP,-0.54,0.07,0.09,1.285714,-0.6943,7290.4321,0.09
2023.04.24 13:10:06,EURGBP,3.81,0.07,0.09,1.285714,4.8986,7295.3306,0.09
2023.04.24 16:10:00,EURGBP,-0.54,0.07,0.09,1.285714,-0.6943,7294.6363,0.09
2023.04.24 17:25:57,EURGBP,3.91,0.07,0.09,1.285714,5.0271,7299.6635,0.09
2023.04.24 17:35:00,EURGBP,-0.54,0.07,0.09,1.285714,-0.6943,7298.9692,0.09
2023.04.25 03:15:00,USDCHF,-0.56,0.08,0.11,1.375,-0.77,7298.1992,0.11
2023.04.25 07:22:18,EURGBP,3.92,0.07,0.09,1.285714,5.04,7303.2392,0.09
2023.04.25 09:00:00,EURGBP,-0.54,0.07,0.09,1.285714,-0.6943,7302.5449,0.09
2023.04.25 09:53:36,EURGBP,3.83,0.07,0.09,1.285714,4.9243,7307.4692,0.09
2023.04.25 09:55:00,EURGBP,-0.54,0.07,0.09,1.285714,-0.6943,7306.7749,0.09
2023.04.25 10:01:12,EURGBP,3.83,0.07,0.09,1.285714,4.9243,7311.6992,0.09
2023.04.25 10:40:00,EURGBP,-0.54,0.07,0.09,1.285714,-0.6943,7311.0049,0.09
2023.04.25 10:59:51,EURGBP,3.82,0.07,0.09,1.285714,4.9114,7315.9163,0.09
2023.04.25 11:00:00,EURUSD,-1.31,0.17,0.22,1.294118,-1.6953,7314.221,0.22
2023.04.25 11:00:00,GBPUSD,-0.61,0.07,0.1,1.428571,-0.8714,7313.3496,0.1
2023.04.25 11:50:00,EURGBP,-0.54,0.07,0.09,1.285714,-0.6943,7312.6553,0.09
2023.04.25 12:38:04,EURGBP,3.83,0.07,0.09,1.285714,4.9243,7317.5796,0.09
2023.04.25 12:50:00,EURGBP,-0.54,0.07,0.09,1.285714,-0.6943,7316.8853,0.09
2023.04.25 14:00:31,GBPUSD,6.39,0.07,0.1,1.428571,9.1286,7326.0139,0.1
2023.04.25 14:14:26,EURGBP,3.99,0.07,0.09,1.285714,5.13,7331.1439,0.09
2023.04.25 14:15:00,EURGBP,-0.54,0.07,0.09,1.285714,-0.6943,7330.4496,0.09
2023.04.25 18:43:12,EURUSD,102.9,0.17,0.22,1.294118,133.1647,7463.6143,0.22
2023.04.25 18:43:12,EURUSD,-51.63,0.17,0.22,1.294118,-66.8153,7396.799,0.22
2023.04.25 19:28:00,EURGBP,3.8,0.07,0.09,1.285714,4.8857,7401.6847,0.09
2023.04.25 19:30:00,EURGBP,-0.54,0.07,0.09,1.285714,-0.6943,7400.9905,0.09
2023.04.26 10:00:00,EURUSD,-1.31,0.17,0.22,1.294118,-1.6953,7399.2952,0.22
2023.04.26 10:00:00,GBPUSD,-0.61,0.07,0.1,1.428571,-0.8714,7398.4237,0.1
2023.04.26 10:20:31,GBPUSD,6.46,0.07,0.1,1.428571,9.2286,7407.6523,0.1
2023.04.26 10:21:46,EURUSD,24.53,0.17,0.22,1.294118,31.7447,7439.397,0.22
2023.04.26 11:17:53,EURGBP,3.73,0.07,0.09,1.285714,4.7957,7444.1927,0.09
2023.04.26 11:30:00,EURGBP,-0.54,0.07,0.09,1.285714,-0.6943,7443.4984,0.09
2023.04.26 13:58:13,EURGBP,4.36,0.07,0.09,1.285714,5.6057,7449.1042,0.09
2023.04.26 14:00:00,EURGBP,-0.54,0.07,0.09,1.285714,-0.6943,7448.4099,0.09
2023.04.26 14:28:48,EURGBP,3.91,0.07,0.09,1.285714,5.0271,7453.437,0.09
2023.04.26 16:25:00,EURGBP,-0.54,0.07,0.09,1.285714,-0.6943,7452.7427,0.09
2023.04.26 17:47:28,EURGBP,3.82,0.07,0.09,1.285714,4.9114,7457.6542,0.09
2023.04.26 18:00:00,EURGBP,-0.54,0.07,0.09,1.285714,-0.6943,7456.9599,0.09
2023.04.27 09:11:01,EURGBP,3.83,0.07,0.09,1.285714,4.9243,7461.8842,0.09
2023.04.27 09:20:00,EURGBP,-0.54,0.07,0.09,1.285714,-0.6943,7461.1899,0.09
2023.04.27 10:17:06,EURGBP,4.0,0.07,0.09,1.285714,5.1429,7466.3327,0.09
2023.04.27 12:49:21,USDCHF,52.46,0.08,0.11,1.375,72.1325,7538.4652,0.11
2023.04.27 12:49:22,USDCHF,6.34,0.08,0.11,1.375,8.7175,7547.1827,0.11
2023.04.27 12:49:22,USDCHF,-45.43,0.08,0.11,1.375,-62.4663,7484.7165,0.11
2023.04.27 12:55:00,EURGBP,-0.54,0.07,0.09,1.285714,-0.6943,7484.0222,0.09
2023.04.27 13:00:00,GBPUSD,-0.61,0.07,0.1,1.428571,-0.8714,7483.1508,0.1
2023.04.27 13:47:36,EURGBP,3.82,0.07,0.09,1.285714,4.9114,7488.0622,0.09
2023.04.27 13:50:00,USDCHF,-0.56,0.08,0.11,1.375,-0.77,7487.2922,0.11
2023.04.27 14:00:01,EURGBP,-0.54,0.07,0.09,1.285714,-0.6943,7486.5979,0.09
2023.04.27 16:00:00,EURUSD,-1.31,0.17,0.22,1.294118,-1.6953,7484.9026,0.22
2023.04.27 16:18:24,EURUSD,24.36,0.17,0.22,1.294118,31.5247,7516.4273,0.22
2023.04.28 13:30:00,EURGBP,-0.54,0.07,0.09,1.285714,-0.6943,7515.733,0.09
2023.04.28 17:31:35,USDCHF,4.1,0.08,0.11,1.375,5.6375,7521.3705,0.11
2023.04.28 18:00:00,EURUSD,-1.31,0.17,0.23,1.352941,-1.7724,7519.5982,0.23
2023.04.28 19:40:00,USDCHF,-0.56,0.08,0.11,1.375,-0.77,7518.8282,0.11
2023.04.28 20:01:01,USDCHF,3.92,0.08,0.11,1.375,5.39,7524.2182,0.11
2023.04.28 22:45:00,USDCHF,-0.56,0.08,0.11,1.375,-0.77,7523.4482,0.11
2023.05.01 03:55:00,EURGBP,-0.54,0.07,0.09,1.285714,-0.6943,7522.7539,0.09
2023.05.01 10:24:00,USDCHF,3.92,0.08,0.11,1.375,5.39,7528.1439,0.11
2023.05.01 12:00:00,GBPUSD,-0.61,0.07,0.11,1.571429,-0.9586,7527.1853,0.11
2023.05.01 12:00:01,USDCHF,-0.56,0.08,0.11,1.375,-0.77,7526.4153,0.11
2023.05.01 17:40:42,USDCHF,4.0,0.08,0.11,1.375,5.5,7531.9153,0.11
2023.05.01 20:25:10,USDCHF,-0.56,0.08,0.11,1.375,-0.77,7531.1453,0.11
2023.05.02 04:12:25,USDCHF,4.0,0.08,0.11,1.375,5.5,7536.6453,0.11
2023.05.02 05:35:01,USDCHF,-0.56,0.08,0.11,1.375,-0.77,7535.8753,0.11
2023.05.02 07:29:49,USDCHF,3.82,0.08,0.11,1.375,5.2525,7541.1278,0.11
2023.05.02 08:30:00,USDCHF,-0.56,0.08,0.11,1.375,-0.77,7540.3578,0.11
2023.05.02 11:06:51,GBPUSD,32.57,0.07,0.11,1.571429,51.1814,7591.5393,0.11
2023.05.02 11:06:51,GBPUSD,-19.09,0.07,0.1,1.428571,-27.2714,7564.2678,0.1
2023.05.02 17:35:28,USDCHF,3.91,0.08,0.11,1.375,5.3762,7569.6441,0.11
2023.05.02 18:04:17,EURGBP,45.69,0.07,0.09,1.285714,58.7443,7628.3884,0.09
2023.05.02 18:04:17,EURGBP,3.65,0.07,0.09,1.285714,4.6929,7633.0812,0.09
2023.05.02 18:04:17,EURGBP,-37.7,0.07,0.09,1.285714,-48.4714,7584.6098,0.09
2023.05.02 18:05:00,EURGBP,-0.54,0.07,0.09,1.285714,-0.6943,7583.9155,0.09
2023.05.02 23:40:02,USDCHF,-0.56,0.08,0.11,1.375,-0.77,7583.1455,0.11
2023.05.03 11:00:00,GBPUSD,-0.61,0.07,0.11,1.571429,-0.9586,7582.1869,0.11
2023.05.03 11:07:08,GBPUSD,6.6,0.07,0.11,1.571429,10.3714,7592.5584,0.11
2023.05.03 13:20:00,USDCHF,-0.56,0.08,0.11,1.375,-0.77,7591.7884,0.11
2023.05.03 17:13:44,EURUSD,25.37,0.17,0.23,1.352941,34.3241,7626.1125,0.23
2023.05.03 18:24:50,EURGBP,3.85,0.07,0.09,1.285714,4.95,7631.0625,0.09
2023.05.03 18:25:00,EURGBP,-0.54,0.07,0.09,1.285714,-0.6943,7630.3682,0.09
2023.05.04 07:00:01,USDCHF,-0.56,0.08,0.11,1.375,-0.77,7629.5982,0.11
2023.05.04 12:00:00,EURUSD,-1.31,0.17,0.23,1.352941,-1.7724,7627.8258,0.23
2023.05.04 15:30:47,EURUSD,24.53,0.17,0.23,1.352941,33.1876,7661.0135,0.23
2023.05.04 15:31:30,USDCHF,51.91,0.08,0.11,1.375,71.3762,7732.3897,0.11
2023.05.04 15:31:30,USDCHF,-0.47,0.08,0.11,1.375,-0.6463,7731.7435,0.11
2023.05.04 15:31:30,USDCHF,-40.34,0.08,0.11,1.375,-55.4675,7676.276,0.11
2023.05.04 17:25:00,USDCHF,-0.56,0.08,0.12,1.5,-0.84,7675.436,0.12
2023.05.04 17:26:25,USDCHF,4.68,0.08,0.12,1.5,7.02,7682.456,0.12
2023.05.04 18:15:00,USDCHF,-0.56,0.08,0.12,1.5,-0.84,7681.616,0.12
2023.05.05 06:10:00,EURGBP,-0.54,0.07,0.09,1.285714,-0.6943,7680.9217,0.09
2023.05.05 10:14:52,USDCHF,4.12,0.08,0.12,1.5,6.18,7687.1017,0.12
2023.05.05 16:00:00,GBPUSD,-0.62,0.07,0.11,1.571429,-0.9743,7686.1274,0.11
2023.05.05 17:55:01,USDCHF,-0.56,0.08,0.12,1.5,-0.84,7685.2874,0.12
2023.05.05 18:01:37,USDCHF,4.1,0.08,0.12,1.5,6.15,7691.4374,0.12
2023.05.05 18:50:02,EURGBP,-0.54,0.07,0.09,1.285714,-0.6943,7690.7431,0.09
2023.05.05 20:35:00,USDCHF,-0.56,0.08,0.12,1.5,-0.84,7689.9031,0.12
2023.05.08 07:00:00,EURUSD,-1.31,0.17,0.23,1.352941,-1.7724,7688.1308,0.23
2023.05.08 22:00:01,GBPUSD,-0.62,0.07,0.11,1.571429,-0.9743,7687.1565,0.11
2023.05.09 10:33:20,USDCHF,4.01,0.08,0.12,1.5,6.015,7693.1715,0.12
2023.05.09 12:20:00,USDCHF,-0.56,0.08,0.12,1.5,-0.84,7692.3315,0.12
2023.05.09 16:06:21,GBPUSD,23.74,0.07,0.11,1.571429,37.3057,7729.6372,0.11
2023.05.09 16:06:22,GBPUSD,-10.07,0.07,0.11,1.571429,-15.8243,7713.8129,0.11
2023.05.09 19:12:13,USDCHF,3.93,0.08,0.12,1.5,5.895,7719.7079,0.12
2023.05.09 22:55:00,USDCHF,-0.56,0.08,0.12,1.5,-0.84,7718.8679,0.12
2023.05.10 13:22:12,USDCHF,4.02,0.08,0.12,1.5,6.03,7724.8979,0.12
2023.05.10 15:35:00,USDCHF,-0.56,0.08,0.12,1.5,-0.84,7724.0579,0.12
2023.05.10 15:35:30,USDCHF,4.12,0.08,0.12,1.5,6.18,7730.2379,0.12
2023.05.10 16:00:00,GBPUSD,-0.62,0.07,0.11,1.571429,-0.9743,7729.2636,0.11
2023.05.10 18:25:00,USDCHF,-0.56,0.08,0.12,1.5,-0.84,7728.4236,0.12
2023.05.10 18:34:23,USDCHF,4.02,0.08,0.12,1.5,6.03,7734.4536,0.12
2023.05.10 21:00:00,USDCHF,-0.56,0.08,0.12,1.5,-0.84,7733.6136,0.12
2023.05.10 21:37:02,USDCHF,3.94,0.08,0.12,1.5,5.91,7739.5236,0.12
2023.05.10 23:55:00,USDCHF,-0.56,0.08,0.12,1.5,-0.84,7738.6836,0.12
2023.05.11 05:27:41,USDCHF,4.02,0.08,0.12,1.5,6.03,7744.7136,0.12
2023.05.11 07:45:00,USDCHF,-0.56,0.08,0.12,1.5,-0.84,7743.8736,0.12
2023.05.12 10:19:08,USDCHF,4.38,0.08,0.12,1.5,6.57,7750.4436,0.12
2023.05.12 10:55:00,USDCHF,-0.56,0.08,0.12,1.5,-0.84,7749.6036,0.12
2023.05.12 10:59:13,USDCHF,4.01,0.08,0.12,1.5,6.015,7755.6186,0.12
2023.05.12 13:00:00,USDCHF,-0.56,0.08,0.12,1.5,-0.84,7754.7786,0.12
2023.05.12 14:00:00,GBPUSD,-0.61,0.07,0.11,1.571429,-0.9586,7753.8201,0.11
2023.05.12 23:55:13,USDCHF,-0.56,0.08,0.12,1.5,-0.84,7752.9801,0.12
2023.05.15 11:00:00,EURUSD,-1.29,0.17,0.23,1.352941,-1.7453,7751.2348,0.23
2023.05.15 11:00:00,GBPUSD,-0.61,0.07,0.11,1.571429,-0.9586,7750.2762,0.11
2023.05.15 15:30:01,USDCHF,28.31,0.08,0.12,1.5,42.465,7792.7412,0.12
2023.05.15 15:30:01,USDCHF,-20.14,0.08,0.12,1.5,-30.21,7762.5312,0.12
2023.05.15 21:30:03,USDCHF,-0.56,0.08,0.12,1.5,-0.84,7761.6912,0.12
2023.05.15 23:29:25,USDCHF,3.82,0.08,0.12,1.5,5.73,7767.4212,0.12
2023.05.16 00:35:38,USDCHF,-0.56,0.08,0.12,1.5,-0.84,7766.5812,0.12
2023.05.16 18:05:24,USDCHF,3.99,0.08,0.12,1.5,5.985,7772.5662,0.12
2023.05.16 19:15:00,USDCHF,-0.56,0.08,0.12,1.5,-0.84,7771.7262,0.12
2023.05.17 05:59:53,USDCHF,3.91,0.08,0.12,1.5,5.865,7777.5912,0.12
2023.05.17 07:00:00,USDCHF,-0.56,0.08,0.12,1.5,-0.84,7776.7512,0.12
2023.05.17 08:22:37,USDCHF,4.08,0.08,0.12,1.5,6.12,7782.8712,0.12
2023.05.17 09:35:00,USDCHF,-0.56,0.08,0.12,1.5,-0.84,7782.0312,0.12
2023.05.17 17:15:00,USDCHF,-0.56,0.08,0.12,1.5,-0.84,7781.1912,0.12
2023.05.17 19:53:36,USDCHF,24.56,0.08,0.12,1.5,36.84,7818.0312,0.12
2023.05.17 19:53:36,USDCHF,-16.68,0.08,0.12,1.5,-25.02,7793.0112,0.12
2023.05.17 21:25:07,USDCHF,-0.56,0.08,0.12,1.5,-0.84,7792.1712,0.12
2023.05.18 08:00:43,USDCHF,3.98,0.08,0.12,1.5,5.97,7798.1412,0.12
2023.05.18 09:25:00,USDCHF,-0.56,0.08,0.12,1.5,-0.84,7797.3012,0.12
2023.05.18 18:50:00,USDCHF,-0.56,0.08,0.12,1.5,-0.84,7796.4612,0.12
2023.05.19 12:00:00,EURUSD,-1.28,0.17,0.23,1.352941,-1.7318,7794.7294,0.23
2023.05.19 14:59:36,USDCHF,31.13,0.08,0.12,1.5,46.695,7841.4244,0.12
2023.05.19 14:59:36,USDCHF,-23.37,0.08,0.12,1.5,-35.055,7806.3694,0.12
2023.05.19 15:55:00,USDCHF,-0.56,0.08,0.12,1.5,-0.84,7805.5294,0.12
2023.05.19 16:13:11,USDCHF,3.96,0.08,0.12,1.5,5.94,7811.4694,0.12
2023.05.19 16:55:00,USDCHF,-0.56,0.08,0.12,1.5,-0.84,7810.6294,0.12
2023.05.19 18:14:18,USDCHF,3.88,0.08,0.12,1.5,5.82,7816.4494,0.12
2023.05.19 21:10:01,USDCHF,-0.56,0.08,0.12,1.5,-0.84,7815.6094,0.12
2023.05.19 21:42:27,USDCHF,3.89,0.08,0.12,1.5,5.835,7821.4444,0.12
2023.05.19 23:00:00,USDCHF,-0.56,0.08,0.12,1.5,-0.84,7820.6044,0.12
2023.05.22 00:00:00,USDCHF,10.03,0.08,0.12,1.5,15.045,7835.6494,0.12
2023.05.22 00:40:04,USDCHF,-0.63,0.09,0.12,1.333333,-0.84,7834.8094,0.12
2023.05.23 10:26:41,USDCHF,4.77,0.09,0.12,1.333333,6.36,7841.1694,0.12
2023.05.23 16:20:00,USDCHF,-0.63,0.09,0.12,1.333333,-0.84,7840.3294,0.12
2023.05.23 16:47:22,USDCHF,4.47,0.09,0.12,1.333333,5.96,7846.2894,0.12
2023.05.23 18:35:00,USDCHF,-0.63,0.09,0.12,1.333333,-0.84,7845.4494,0.12
2023.05.23 19:13:12,USDCHF,4.46,0.09,0.12,1.333333,5.9467,7851.3961,0.12
2023.05.23 21:25:00,USDCHF,-0.63,0.09,0.12,1.333333,-0.84,7850.5561,0.12
2023.05.24 03:30:38,USDCHF,4.67,0.09,0.12,1.333333,6.2267,7856.7828,0.12
2023.05.24 04:20:06,USDCHF,-0.63,0.09,0.12,1.333333,-0.84,7855.9428,0.12
2023.05.24 07:40:00,EURGBP,-0.53,0.07,0.09,1.285714,-0.6814,7855.2613,0.09
2023.05.24 09:40:00,USDCHF,4.56,0.09,0.12,1.333333,6.08,7861.3413,0.12
2023.05.24 14:20:00,USDCHF,-0.63,0.09,0.12,1.333333,-0.84,7860.5013,0.12
2023.05.24 15:22:17,USDCHF,4.86,0.09,0.12,1.333333,6.48,7866.9813,0.12
2023.05.24 16:35:01,USDCHF,-0.63,0.09,0.12,1.333333,-0.84,7866.1413,0.12
2023.05.24 16:46:46,USDCHF,4.44,0.09,0.12,1.333333,5.92,7872.0613,0.12
2023.05.24 20:25:00,USDCHF,-0.63,0.09,0.12,1.333333,-0.84,7871.2213,0.12
2023.05.24 21:12:25,USDCHF,4.44,0.09,0.12,1.333333,5.92,7877.1413,0.12
2023.05.24 22:00:00,USDCHF,-0.63,0.09,0.12,1.333333,-0.84,7876.3013,0.12
2023.05.25 05:58:46,USDCHF,4.54,0.09,0.12,1.333333,6.0533,7882.3547,0.12
2023.05.25 09:45:00,USDCHF,-0.63,0.09,0.12,1.333333,-0.84,7881.5147,0.12
2023.05.25 09:47:16,USDCHF,4.44,0.09,0.12,1.333333,5.92,7887.4347,0.12
2023.05.25 10:15:00,USDCHF,-0.63,0.09,0.12,1.333333,-0.84,7886.5947,0.12
2023.05.25 19:45:46,USDCHF,4.43,0.09,0.12,1.333333,5.9067,7892.5013,0.12
2023.05.25 20:35:01,USDCHF,-0.63,0.09,0.12,1.333333,-0.84,7891.6613,0.12
2023.05.26 01:23:49,USDCHF,4.44,0.09,0.12,1.333333,5.92,7897.5813,0.12
2023.05.26 02:30:02,USDCHF,-0.63,0.09,0.12,1.333333,-0.84,7896.7413,0.12
2023.05.26 04:18:10,USDCHF,4.44,0.09,0.12,1.333333,5.92,7902.6613,0.12
2023.05.26 04:20:00,USDCHF,-0.63,0.09,0.12,1.333333,-0.84,7901.8213,0.12
2023.05.26 08:27:18,USDCHF,4.45,0.09,0.12,1.333333,5.9333,7907.7547,0.12
2023.05.26 09:05:00,USDCHF,-0.63,0.09,0.12,1.333333,-0.84,7906.9147,0.12
2023.05.26 10:09:11,USDCHF,4.64,0.09,0.12,1.333333,6.1867,7913.1013,0.12
2023.05.26 10:25:00,USDCHF,-0.63,0.09,0.12,1.333333,-0.84,7912.2613,0.12
2023.05.26 10:36:31,USDCHF,4.35,0.09,0.12,1.333333,5.8,7918.0613,0.12
2023.05.26 11:20:00,USDCHF,-0.63,0.09,0.12,1.333333,-0.84,7917.2213,0.12
2023.05.26 16:19:36,USDCHF,4.44,0.09,0.12,1.333333,5.92,7923.1413,0.12
2023.05.26 19:15:01,USDCHF,-0.63,0.09,0.12,1.333333,-0.84,7922.3013,0.12
2023.05.26 20:14:17,USDCHF,4.44,0.09,0.12,1.333333,5.92,7928.2213,0.12
2023.05.29 04:25:00,USDCHF,-0.63,0.09,0.12,1.333333,-0.84,7927.3813,0.12
2023.05.29 07:42:32,USDCHF,4.44,0.09,0.12,1.333333,5.92,7933.3013,0.12
2023.05.29 10:10:01,USDCHF,-0.63,0.09,0.12,1.333333,-0.84,7932.4613,0.12
2023.05.30 05:00:02,EURUSD,-1.28,0.17,0.24,1.411765,-1.8071,7930.6543,0.24
2023.05.30 08:24:18,USDCHF,4.74,0.09,0.12,1.333333,6.32,7936.9743,0.12
2023.05.30 09:50:00,USDCHF,-0.63,0.09,0.12,1.333333,-0.84,7936.1343,0.12
2023.05.30 10:01:12,USDCHF,4.44,0.09,0.12,1.333333,5.92,7942.0543,0.12
2023.05.30 10:10:00,USDCHF,-0.63,0.09,0.12,1.333333,-0.84,7941.2143,0.12
2023.05.30 10:13:32,USDCHF,4.33,0.09,0.12,1.333333,5.7733,7946.9876,0.12
2023.05.30 11:15:00,USDCHF,-0.63,0.09,0.12,1.333333,-0.84,7946.1476,0.12
2023.05.30 11:23:57,USDCHF,4.54,0.09,0.12,1.333333,6.0533,7952.2009,0.12
2023.05.30 16:05:00,USDCHF,-0.63,0.09,0.12,1.333333,-0.84,7951.3609,0.12
2023.05.30 16:51:33,USDCHF,4.45,0.09,0.12,1.333333,5.9333,7957.2943,0.12
2023.05.30 22:10:00,USDCHF,-0.63,0.09,0.12,1.333333,-0.84,7956.4543,0.12
2023.05.31 12:30:00,USDCHF,-0.63,0.09,0.12,1.333333,-0.84,7955.6143,0.12
2023.06.01 14:13:09,USDCHF,26.93,0.09,0.12,1.333333,35.9067,7991.5209,0.12
2023.06.01 14:13:09,USDCHF,-18.18,0.09,0.12,1.333333,-24.24,7967.2809,0.12
2023.06.01 15:05:00,USDCHF,-0.63,0.09,0.12,1.333333,-0.84,7966.4409,0.12
2023.06.01 15:07:30,USDCHF,4.52,0.09,0.12,1.333333,6.0267,7972.4676,0.12
2023.06.01 15:50:00,USDCHF,-0.63,0.09,0.12,1.333333,-0.84,7971.6276,0.12
2023.06.01 16:05:51,USDCHF,4.32,0.09,0.12,1.333333,5.76,7977.3876,0.12
2023.06.01 22:10:00,USDCHF,-0.63,0.09,0.12,1.333333,-0.84,7976.5476,0.12
2023.06.02 14:56:29,USDCHF,4.43,0.09,0.12,1.333333,5.9067,7982.4543,0.12
2023.06.02 16:30:00,USDCHF,-0.63,0.09,0.12,1.333333,-0.84,7981.6143,0.12
2023.06.05 06:05:02,USDCHF,-0.63,0.09,0.12,1.333333,-0.84,7980.7743,0.12
2023.06.05 17:06:05,USDCHF,27.65,0.09,0.12,1.333333,36.8667,8017.6409,0.12
2023.06.05 17:06:05,USDCHF,-18.89,0.09,0.12,1.333333,-25.1867,7992.4543,0.12
2023.06.05 22:50:00,USDCHF,-0.63,0.09,0.12,1.333333,-0.84,7991.6143,0.12
2023.06.05 23:31:37,USDCHF,4.34,0.09,0.12,1.333333,5.7867,7997.4009,0.12
2023.06.06 01:05:02,USDCHF,-0.63,0.09,0.12,1.333333,-0.84,7996.5609,0.12
2023.06.06 01:22:06,USDCHF,4.33,0.09,0.12,1.333333,5.7733,8002.3343,0.12
2023.06.06 03:50:00,USDCHF,-0.63,0.09,0.12,1.333333,-0.84,8001.4943,0.12
2023.06.06 05:10:05,USDCHF,4.54,0.09,0.12,1.333333,6.0533,8007.5476,0.12
2023.06.06 10:35:00,USDCHF,-0.63,0.09,0.12,1.333333,-0.84,8006.7076,0.12
2023.06.06 10:42:38,USDCHF,4.44,0.09,0.12,1.333333,5.92,8012.6276,0.12
2023.06.06 18:30:00,USDCHF,-0.63,0.09,0.12,1.333333,-0.84,8011.7876,0.12
2023.06.06 18:55:27,USDCHF,4.33,0.09,0.12,1.333333,5.7733,8017.5609,0.12
2023.06.06 22:40:04,USDCHF,-0.63,0.09,0.12,1.333333,-0.84,8016.7209,0.12
2023.06.07 09:21:57,USDCHF,4.62,0.09,0.12,1.333333,6.16,8022.8809,0.12
2023.06.07 11:20:00,USDCHF,-0.63,0.09,0.12,1.333333,-0.84,8022.0409,0.12
2023.06.07 11:59:15,USDCHF,4.43,0.09,0.12,1.333333,5.9067,8027.9476,0.12
2023.06.07 15:45:01,USDCHF,-0.63,0.09,0.12,1.333333,-0.84,8027.1076,0.12
2023.06.07 17:32:13,USDCHF,4.33,0.09,0.12,1.333333,5.7733,8032.8809,0.12
2023.06.08 00:55:03,USDCHF,-0.63,0.09,0.12,1.333333,-0.84,8032.0409,0.12
2023.06.08 10:01:17,USDCHF,4.31,0.09,0.12,1.333333,5.7467,8037.7876,0.12
2023.06.08 11:10:05,USDCHF,-0.63,0.09,0.12,1.333333,-0.84,8036.9476,0.12
2023.06.08 11:39:36,USDCHF,4.42,0.09,0.12,1.333333,5.8933,8042.8409,0.12
2023.06.08 12:15:00,USDCHF,-0.63,0.09,0.12,1.333333,-0.84,8042.0009,0.12
2023.06.08 12:45:18,USDCHF,4.41,0.09,0.12,1.333333,5.88,8047.8809,0.12
2023.06.08 14:45:01,USDCHF,-0.63,0.09,0.12,1.333333,-0.84,8047.0409,0.12
2023.06.08 15:06:34,USDCHF,4.62,0.09,0.12,1.333333,6.16,8053.2009,0.12
2023.06.09 01:10:00,USDCHF,-0.63,0.09,0.12,1.333333,-0.84,8052.3609,0.12
2023.06.09 07:19:30,USDCHF,4.47,0.09,0.12,1.333333,5.96,8058.3209,0.12
2023.06.09 08:45:00,USDCHF,-0.63,0.09,0.12,1.333333,-0.84,8057.4809,0.12
2023.06.09 09:00:40,USDCHF,4.48,0.09,0.12,1.333333,5.9733,8063.4543,0.12
2023.06.09 10:15:00,USDCHF,-0.63,0.09,0.12,1.333333,-0.84,8062.6143,0.12
2023.06.09 10:19:35,USDCHF,4.47,0.09,0.12,1.333333,5.96,8068.5743,0.12
2023.06.09 15:20:00,USDCHF,-0.63,0.09,0.12,1.333333,-0.84,8067.7343,0.12
2023.06.09 15:30:04,GBPUSD,63.78,0.07,0.11,1.571429,100.2257,8167.96,0.11
2023.06.09 15:30:05,GBPUSD,27.03,0.07,0.11,1.571429,42.4757,8210.4357,0.11
2023.06.09 15:30:05,GBPUSD,-71.11,0.07,0.11,1.571429,-111.7443,8098.6914,0.11
2023.06.09 15:30:42,USDCHF,4.57,0.09,0.12,1.333333,6.0933,8104.7848,0.12
2023.06.09 16:45:00,USDCHF,-0.63,0.09,0.12,1.333333,-0.84,8103.9448,0.12
2023.06.09 17:34:12,USDCHF,4.36,0.09,0.12,1.333333,5.8133,8109.7581,0.12
2023.06.09 20:25:00,USDCHF,-0.63,0.09,0.12,1.333333,-0.84,8108.9181,0.12
2023.06.12 10:52:51,USDCHF,4.46,0.09,0.12,1.333333,5.9467,8114.8648,0.12
2023.06.12 12:50:00,USDCHF,-0.63,0.09,0.12,1.333333,-0.84,8114.0248,0.12
2023.06.12 13:28:52,USDCHF,4.45,0.09,0.12,1.333333,5.9333,8119.9581,0.12
2023.06.12 15:00:00,GBPUSD,-0.62,0.07,0.11,1.571429,-0.9743,8118.9838,0.11
2023.06.12 15:57:24,GBPUSD,6.45,0.07,0.11,1.571429,10.1357,8129.1195,0.11
2023.06.12 21:45:01,USDCHF,-0.63,0.09,0.12,1.333333,-0.84,8128.2795,0.12
2023.06.12 22:25:29,USDCHF,4.52,0.09,0.12,1.333333,6.0267,8134.3062,0.12
2023.06.13 03:40:01,USDCHF,-0.63,0.09,0.12,1.333333,-0.84,8133.4662,0.12
2023.06.13 10:00:00,GBPUSD,-0.62,0.07,0.11,1.571429,-0.9743,8132.4919,0.11
2023.06.13 10:35:48,GBPUSD,7.01,0.07,0.11,1.571429,11.0157,8143.5076,0.11
2023.06.14 20:30:01,USDCHF,-0.63,0.09,0.12,1.333333,-0.84,8142.6676,0.12
2023.06.15 05:00:00,GBPUSD,-0.71,0.08,0.11,1.375,-0.9762,8141.6914,0.11
2023.06.15 07:06:46,USDCHF,59.82,0.09,0.12,1.333333,79.76,8221.4514,0.12
2023.06.15 07:06:46,USDCHF,-51.02,0.09,0.12,1.333333,-68.0267,8153.4247,0.12
2023.06.15 08:30:01,USDCHF,-0.63,0.09,0.12,1.333333,-0.84,8152.5847,0.12
2023.06.15 08:52:00,USDCHF,4.45,0.09,0.12,1.333333,5.9333,8158.518,0.12
2023.06.15 09:25:00,USDCHF,-0.63,0.09,0.12,1.333333,-0.84,8157.678,0.12
2023.06.15 09:36:13,USDCHF,4.54,0.09,0.12,1.333333,6.0533,8163.7314,0.12
2023.06.15 10:50:00,USDCHF,-0.63,0.09,0.12,1.333333,-0.84,8162.8914,0.12
2023.06.15 11:27:07,USDCHF,4.45,0.09,0.12,1.333333,5.9333,8168.8247,0.12
2023.06.15 14:35:00,USDCHF,-0.63,0.09,0.12,1.333333,-0.84,8167.9847,0.12
2023.06.15 15:33:25,EURUSD,250.31,0.17,0.24,1.411765,353.3788,8521.3635,0.24
2023.06.15 15:33:25,EURUSD,140.15,0.17,0.23,1.352941,189.6147,8710.9782,0.23
2023.06.15 15:33:25,EURUSD,-5.37,0.17,0.23,1.352941,-7.2653,8703.7129,0.23
2023.06.15 15:33:25,EURUSD,-286.72,0.17,0.23,1.352941,-387.9153,8315.7976,0.23
2023.06.15 22:05:00,USDCHF,-0.63,0.09,0.12,1.333333,-0.84,8314.9576,0.12
2023.06.16 19:00:00,EURUSD,-1.38,0.18,0.25,1.388889,-1.9167,8313.041,0.25
2023.06.19 13:02:04,EURUSD,25.81,0.18,0.25,1.388889,35.8472,8348.8882,0.25
2023.06.19 17:23:11,USDCHF,59.94,0.09,0.12,1.333333,79.92,8428.8082,0.12
2023.06.19 17:23:11,USDCHF,-50.67,0.09,0.12,1.333333,-67.56,8361.2482,0.12
2023.06.19 18:00:00,USDCHF,-0.63,0.09,0.13,1.444444,-0.91,8360.3382,0.13
2023.06.19 18:30:23,USDCHF,4.39,0.09,0.13,1.444444,6.3411,8366.6793,0.13
2023.06.19 20:00:00,GBPUSD,-0.72,0.08,0.12,1.5,-1.08,8365.5993,0.12
2023.06.20 02:30:01,USDCHF,-0.63,0.09,0.13,1.444444,-0.91,8364.6893,0.13
2023.06.20 04:41:50,USDCHF,4.49,0.09,0.13,1.444444,6.4856,8371.1749,0.13
2023.06.20 08:50:00,USDCHF,-0.63,0.09,0.13,1.444444,-0.91,8370.2649,0.13
2023.06.20 09:18:42,USDCHF,4.39,0.09,0.13,1.444444,6.3411,8376.606,0.13
2023.06.20 10:05:00,USDCHF,-0.63,0.09,0.13,1.444444,-0.91,8375.696,0.13
2023.06.20 10:06:17,USDCHF,4.78,0.09,0.13,1.444444,6.9044,8382.6004,0.13
2023.06.20 10:35:00,USDCHF,-0.63,0.09,0.13,1.444444,-0.91,8381.6904,0.13
2023.06.20 10:46:42,USDCHF,4.39,0.09,0.13,1.444444,6.3411,8388.0315,0.13
2023.06.20 11:00:00,EURUSD,-1.38,0.18,0.25,1.388889,-1.9167,8386.1149,0.25
2023.06.20 11:55:00,USDCHF,-0.63,0.09,0.13,1.444444,-0.91,8385.2049,0.13
2023.06.20 15:32:25,USDCHF,4.58,0.09,0.13,1.444444,6.6156,8391.8204,0.13
2023.06.20 15:40:00,USDCHF,-0.63,0.09,0.13,1.444444,-0.91,8390.9104,0.13
2023.06.20 16:16:13,USDCHF,4.78,0.09,0.13,1.444444,6.9044,8397.8149,0.13
2023.06.20 18:20:00,USDCHF,-0.63,0.09,0.13,1.444444,-0.91,8396.9049,0.13
2023.06.20 23:43:14,USDCHF,4.48,0.09,0.13,1.444444,6.4711,8403.376,0.13
2023.06.21 02:50:00,USDCHF,-0.63,0.09,0.13,1.444444,-0.91,8402.466,0.13
2023.06.21 04:07:57,USDCHF,4.58,0.09,0.13,1.444444,6.6156,8409.0815,0.13
2023.06.21 07:30:00,USDCHF,-0.63,0.09,0.13,1.444444,-0.91,8408.1715,0.13
2023.06.21 11:32:50,USDCHF,4.68,0.09,0.13,1.444444,6.76,8414.9315,0.13
2023.06.21 13:45:19,GBPUSD,62.73,0.08,0.12,1.5,94.095,8509.0265,0.12
2023.06.21 13:45:19,GBPUSD,-48.15,0.08,0.11,1.375,-66.2062,8442.8203,0.11
2023.06.21 15:15:00,USDCHF,-0.63,0.09,0.13,1.444444,-0.91,8441.9103,0.13
2023.06.21 15:20:28,USDCHF,4.38,0.09,0.13,1.444444,6.3267,8448.2369,0.13
2023.06.21 17:15:00,USDCHF,-0.63,0.09,0.13,1.444444,-0.91,8447.3269,0.13
2023.06.21 17:17:41,USDCHF,4.69,0.09,0.13,1.444444,6.7744,8454.1014,0.13
2023.06.21 17:41:03,EURUSD,25.98,0.18,0.25,1.388889,36.0833,8490.1847,0.25
2023.06.21 18:00:00,EURUSD,-1.38,0.18,0.25,1.388889,-1.9167,8488.2681,0.25
2023.06.21 19:48:48,EURUSD,26.34,0.18,0.25,1.388889,36.5833,8524.8514,0.25
2023.06.21 21:00:00,GBPUSD,-0.72,0.08,0.12,1.5,-1.08,8523.7714,0.12
2023.06.21 21:15:03,GBPUSD,7.76,0.08,0.12,1.5,11.64,8535.4114,0.12
2023.06.21 22:05:00,USDCHF,-0.63,0.09,0.13,1.444444,-0.91,8534.5014,0.13
2023.06.22 10:30:10,USDCHF,9.34,0.09,0.13,1.444444,13.4911,8547.9925,0.13
2023.06.22 10:35:00,USDCHF,-0.63,0.09,0.13,1.444444,-0.91,8547.0825,0.13
2023.06.22 12:23:11,USDCHF,4.6,0.09,0.13,1.444444,6.6444,8553.7269,0.13
2023.06.22 13:00:00,USDCHF,-0.63,0.09,0.13,1.444444,-0.91,8552.8169,0.13
2023.06.22 13:05:02,USDCHF,5.32,0.09,0.13,1.444444,7.6844,8560.5014,0.13
2023.06.22 14:35:00,USDCHF,-0.63,0.09,0.13,1.444444,-0.91,8559.5914,0.13
2023.06.22 15:44:29,USDCHF,4.6,0.09,0.13,1.444444,6.6444,8566.2358,0.13
2023.06.22 18:00:00,EURUSD,-1.38,0.18,0.26,1.444444,-1.9933,8564.2425,0.26
2023.06.22 18:00:00,GBPUSD,-0.71,0.08,0.12,1.5,-1.065,8563.1775,0.12
2023.06.22 18:30:58,GBPUSD,7.37,0.08,0.12,1.5,11.055,8574.2325,0.12
2023.06.22 22:00:00,USDCHF,-0.63,0.09,0.13,1.444444,-0.91,8573.3225,0.13
2023.06.22 22:17:18,USDCHF,4.9,0.09,0.13,1.444444,7.0778,8580.4003,0.13
2023.06.23 01:20:00,USDCHF,-0.63,0.09,0.13,1.444444,-0.91,8579.4903,0.13
2023.06.23 04:33:00,USDCHF,4.49,0.09,0.13,1.444444,6.4856,8585.9758,0.13
2023.06.23 05:04:02,EURUSD,25.8,0.18,0.26,1.444444,37.2667,8623.2425,0.26
2023.06.23 13:10:00,USDCHF,-0.63,0.09,0.13,1.444444,-0.91,8622.3325,0.13
2023.06.23 14:18:10,USDCHF,4.38,0.09,0.13,1.444444,6.3267,8628.6592,0.13
2023.06.23 16:50:00,USDCHF,-0.63,0.09,0.13,1.444444,-0.91,8627.7492,0.13
2023.06.23 16:59:40,USDCHF,4.99,0.09,0.13,1.444444,7.2078,8634.9569,0.13
2023.06.23 20:15:00,USDCHF,-0.63,0.09,0.13,1.444444,-0.91,8634.0469,0.13
2023.06.23 22:56:33,USDCHF,4.39,0.09,0.13,1.444444,6.3411,8640.3881,0.13
2023.06.26 02:00:00,EURUSD,-1.37,0.18,0.26,1.444444,-1.9789,8638.4092,0.26
2023.06.26 03:55:00,USDCHF,-0.63,0.09,0.13,1.444444,-0.91,8637.4992,0.13
2023.06.26 04:11:30,USDCHF,4.39,0.09,0.13,1.444444,6.3411,8643.8403,0.13
2023.06.26 04:35:00,USDCHF,-0.63,0.09,0.13,1.444444,-0.91,8642.9303,0.13
2023.06.26 10:23:37,USDCHF,4.6,0.09,0.13,1.444444,6.6444,8649.5747,0.13
2023.06.26 11:00:00,GBPUSD,-0.71,0.08,0.12,1.5,-1.065,8648.5097,0.12
2023.06.26 16:05:00,USDCHF,-0.63,0.09,0.13,1.444444,-0.91,8647.5997,0.13
2023.06.26 16:33:33,USDCHF,4.51,0.09,0.13,1.444444,6.5144,8654.1142,0.13
2023.06.27 04:40:01,USDCHF,-0.63,0.09,0.13,1.444444,-0.91,8653.2042,0.13
2023.06.27 04:46:41,USDCHF,4.5,0.09,0.13,1.444444,6.5,8659.7042,0.13
2023.06.27 04:47:02,EURUSD,25.8,0.18,0.26,1.444444,37.2667,8696.9708,0.26
2023.06.27 08:45:05,USDCHF,-0.63,0.09,0.13,1.444444,-0.91,8696.0608,0.13
2023.06.27 08:58:26,USDCHF,4.7,0.09,0.13,1.444444,6.7889,8702.8497,0.13
2023.06.27 09:30:00,USDCHF,-0.63,0.09,0.13,1.444444,-0.91,8701.9397,0.13
2023.06.27 09:55:36,GBPUSD,8.89,0.08,0.12,1.5,13.335,8715.2747,0.12
2023.06.27 10:01:21,USDCHF,4.4,0.09,0.13,1.444444,6.3556,8721.6303,0.13
2023.06.27 12:30:00,USDCHF,-0.63,0.09,0.13,1.444444,-0.91,8720.7203,0.13
2023.06.27 17:40:52,USDCHF,4.49,0.09,0.13,1.444444,6.4856,8727.2058,0.13
2023.06.27 18:40:00,USDCHF,-0.63,0.09,0.13,1.444444,-0.91,8726.2958,0.13
2023.06.27 19:21:53,USDCHF,4.51,0.09,0.13,1.444444,6.5144,8732.8103,0.13
2023.06.27 23:30:00,USDCHF,-0.63,0.09,0.13,1.444444,-0.91,8731.9003,0.13
2023.06.28 04:20:32,USDCHF,4.5,0.09,0.13,1.444444,6.5,8738.4003,0.13
2023.06.28 05:50:00,USDCHF,-0.63,0.09,0.13,1.444444,-0.91,8737.4903,0.13
2023.06.28 10:00:00,EURUSD,-1.38,0.18,0.26,1.444444,-1.9933,8735.4969,0.26
2023.06.28 10:00:00,GBPUSD,-0.71,0.08,0.12,1.5,-1.065,8734.4319,0.12
2023.06.28 11:29:49,GBPUSD,8.89,0.08,0.12,1.5,13.335,8747.7669,0.12
2023.06.28 17:11:28,EURUSD,25.62,0.18,0.26,1.444444,37.0067,8784.7736,0.26
2023.06.29 11:00:00,EURUSD,-1.38,0.18,0.26,1.444444,-1.9933,8782.7803,0.26
2023.06.29 14:00:00,GBPUSD,-0.71,0.08,0.12,1.5,-1.065,8781.7153,0.12
2023.06.29 14:24:42,EURUSD,25.8,0.18,0.26,1.444444,37.2667,8818.9819,0.26
2023.06.29 15:12:48,GBPUSD,7.37,0.08,0.12,1.5,11.055,8830.0369,0.12
2023.06.29 16:00:00,EURUSD,-1.37,0.18,0.26,1.444444,-1.9789,8828.0581,0.26
2023.06.29 16:00:00,GBPUSD,-0.71,0.08,0.12,1.5,-1.065,8826.9931,0.12
2023.06.29 16:31:34,GBPUSD,7.21,0.08,0.12,1.5,10.815,8837.8081,0.12
2023.06.29 16:44:16,EURUSD,26.17,0.18,0.26,1.444444,37.8011,8875.6092,0.26
2023.06.30 03:00:00,USDCHF,-0.63,0.09,0.13,1.444444,-0.91,8874.6992,0.13
2023.06.30 11:00:00,GBPUSD,-0.71,0.08,0.12,1.5,-1.065,8873.6342,0.12
2023.06.30 14:05:19,GBPUSD,7.37,0.08,0.12,1.5,11.055,8884.6892,0.12
2023.06.30 16:00:00,EURUSD,-1.37,0.18,0.27,1.5,-2.055,8882.6342,0.27
2023.06.30 16:42:32,EURUSD,25.99,0.18,0.27,1.5,38.985,8921.6192,0.27
2023.06.30 16:42:32,USDCHF,29.6,0.09,0.13,1.444444,42.7556,8964.3747,0.13
2023.06.30 16:42:32,USDCHF,-20.51,0.09,0.13,1.444444,-29.6256,8934.7492,0.13
2023.06.30 20:45:01,USDCHF,-0.63,0.09,0.13,1.444444,-0.91,8933.8392,0.13
2023.06.30 22:30:56,USDCHF,4.19,0.09,0.13,1.444444,6.0522,8939.8914,0.13
2023.06.30 23:50:00,USDCHF,-0.63,0.09,0.13,1.444444,-0.91,8938.9814,0.13
2023.07.03 08:17:36,USDCHF,4.5,0.09,0.13,1.444444,6.5,8945.4814,0.13
2023.07.03 08:50:00,USDCHF,-0.63,0.09,0.13,1.444444,-0.91,8944.5714,0.13
2023.07.03 08:58:43,USDCHF,4.49,0.09,0.13,1.444444,6.4856,8951.0569,0.13
2023.07.03 10:00:00,EURUSD,-1.37,0.18,0.27,1.5,-2.055,8949.0019,0.27
2023.07.03 10:47:19,EURUSD,25.81,0.18,0.27,1.5,38.715,8987.7169,0.27
2023.07.03 11:00:00,GBPUSD,-0.71,0.08,0.13,1.625,-1.1538,8986.5632,0.13
2023.07.03 13:45:00,USDCHF,-0.63,0.09,0.13,1.444444,-0.91,8985.6532,0.13
2023.07.03 14:15:41,USDCHF,4.38,0.09,0.13,1.444444,6.3267,8991.9799,0.13
2023.07.03 15:20:00,USDCHF,-0.63,0.09,0.13,1.444444,-0.91,8991.0699,0.13
2023.07.03 17:00:00,EURUSD,-1.38,0.18,0.27,1.5,-2.07,8988.9999,0.27
2023.07.03 17:00:16,EURUSD,25.98,0.18,0.27,1.5,38.97,9027.9699,0.27
2023.07.04 09:00:00,EURUSD,-1.45,0.19,0.27,1.421053,-2.0605,9025.9093,0.27
2023.07.04 13:35:00,USDCHF,-0.63,0.09,0.14,1.555556,-0.98,9024.9293,0.14
2023.07.04 23:07:30,EURUSD,27.43,0.19,0.27,1.421053,38.9795,9063.9088,0.27
2023.07.05 09:29:32,USDCHF,25.12,0.09,0.14,1.555556,39.0756,9102.9844,0.14
2023.07.05 09:29:32,USDCHF,-16.26,0.09,0.13,1.444444,-23.4867,9079.4977,0.13
2023.07.05 10:15:00,USDCHF,-0.63,0.09,0.14,1.555556,-0.98,9078.5177,0.14
2023.07.05 10:18:11,USDCHF,4.49,0.09,0.14,1.555556,6.9844,9085.5021,0.14
2023.07.05 11:10:00,USDCHF,-0.63,0.09,0.14,1.555556,-0.98,9084.5221,0.14
2023.07.05 13:00:00,EURUSD,-1.45,0.19,0.27,1.421053,-2.0605,9082.4616,0.27
2023.07.05 15:02:10,USDCHF,4.67,0.09,0.14,1.555556,7.2644,9089.7261,0.14
2023.07.05 15:35:00,USDCHF,-0.63,0.09,0.14,1.555556,-0.98,9088.7461,0.14
2023.07.05 15:43:46,USDCHF,4.68,0.09,0.14,1.555556,7.28,9096.0261,0.14
2023.07.05 17:30:00,USDCHF,-0.63,0.09,0.14,1.555556,-0.98,9095.0461,0.14
2023.07.05 17:38:05,USDCHF,4.38,0.09,0.14,1.555556,6.8133,9101.8594,0.14
2023.07.06 03:10:01,USDCHF,-0.63,0.09,0.14,1.555556,-0.98,9100.8794,0.14
2023.07.06 17:36:40,USDCHF,5.17,0.09,0.14,1.555556,8.0422,9108.9216,0.14
2023.07.06 17:55:00,USDCHF,-0.63,0.09,0.14,1.555556,-0.98,9107.9416,0.14
2023.07.06 19:01:09,USDCHF,4.59,0.09,0.14,1.555556,7.14,9115.0816,0.14
2023.07.07 03:10:02,USDCHF,-0.63,0.09,0.14,1.555556,-0.98,9114.1016,0.14
2023.07.07 03:29:32,USDCHF,4.49,0.09,0.14,1.555556,6.9844,9121.0861,0.14
2023.07.07 06:00:00,USDCHF,-0.63,0.09,0.14,1.555556,-0.98,9120.1061,0.14
2023.07.07 08:40:42,USDCHF,4.5,0.09,0.14,1.555556,7.0,9127.1061,0.14
2023.07.07 11:05:00,USDCHF,-0.63,0.09,0.14,1.555556,-0.98,9126.1261,0.14
2023.07.07 15:18:30,USDCHF,4.49,0.09,0.14,1.555556,6.9844,9133.1105,0.14
2023.07.07 15:30:00,USDCHF,-0.63,0.09,0.14,1.555556,-0.98,9132.1305,0.14
2023.07.07 15:30:01,USDCHF,5.31,0.09,0.14,1.555556,8.26,9140.3905,0.14
2023.07.07 15:30:05,EURUSD,38.26,0.19,0.27,1.421053,54.3695,9194.76,0.27
2023.07.07 22:05:02,USDCHF,-0.63,0.09,0.14,1.555556,-0.98,9193.78,0.14
2023.07.07 23:34:53,USDCHF,4.43,0.09,0.14,1.555556,6.8911,9200.6711,0.14
2023.07.07 23:55:42,USDCHF,-0.63,0.09,0.14,1.555556,-0.98,9199.6911,0.14
2023.07.10 01:24:56,USDCHF,4.54,0.09,0.14,1.555556,7.0622,9206.7533,0.14
2023.07.10 02:55:00,USDCHF,-0.63,0.09,0.14,1.555556,-0.98,9205.7733,0.14
2023.07.10 09:00:00,GBPUSD,-0.72,0.08,0.13,1.625,-1.17,9204.6033,0.13
2023.07.10 17:04:16,USDCHF,4.54,0.09,0.14,1.555556,7.0622,9211.6655,0.14
2023.07.11 01:20:00,USDCHF,-0.63,0.09,0.14,1.555556,-0.98,9210.6855,0.14
2023.07.11 15:00:00,EURUSD,-1.46,0.19,0.28,1.473684,-2.1516,9208.534,0.28
2023.07.12 05:10:00,USDCHF,-0.63,0.09,0.14,1.555556,-0.98,9207.554,0.14
2023.07.12 13:00:00,GBPUSD,-0.72,0.08,0.13,1.625,-1.17,9206.384,0.13
2023.07.12 20:30:00,USDCHF,-0.63,0.09,0.14,1.555556,-0.98,9205.404,0.14
2023.07.14 10:00:00,EURUSD,-1.49,0.19,0.28,1.473684,-2.1958,9203.2082,0.28
2023.07.24 10:34:34,EURUSD,244.58,0.19,0.28,1.473684,360.4337,9563.6418,0.28
2023.07.24 10:34:34,EURUSD,-185.58,0.19,0.28,1.473684,-273.4863,9290.1555,0.28
2023.07.26 10:00:00,EURUSD,-1.47,0.19,0.28,1.473684,-2.1663,9287.9892,0.28
2023.07.26 13:28:52,EURUSD,27.79,0.19,0.28,1.473684,40.9537,9328.9429,0.28
2023.07.27 16:00:00,EURUSD,-1.47,0.19,0.28,1.473684,-2.1663,9326.7766,0.28
2023.07.27 16:03:36,EURUSD,27.98,0.19,0.28,1.473684,41.2337,9368.0103,0.28
2023.07.27 22:33:57,GBPUSD,112.24,0.08,0.13,1.625,182.39,9550.4003,0.13
2023.07.27 22:33:57,GBPUSD,9.28,0.08,0.13,1.625,15.08,9565.4803,0.13
2023.07.27 22:33:57,GBPUSD,-98.56,0.08,0.13,1.625,-160.16,9405.3203,0.13
2023.07.28 14:00:04,GBPUSD,-0.72,0.08,0.13,1.625,-1.17,9404.1503,0.13
2023.07.28 14:10:09,GBPUSD,7.76,0.08,0.13,1.625,12.61,9416.7603,0.13
2023.07.28 15:00:00,EURUSD,-1.46,0.19,0.28,1.473684,-2.1516,9414.6087,0.28
2023.07.28 15:30:17,EURUSD,26.65,0.19,0.28,1.473684,39.2737,9453.8824,0.28
2023.07.31 22:00:00,EURUSD,-1.46,0.19,0.28,1.473684,-2.1516,9451.7308,0.28
2023.08.01 04:00:01,GBPUSD,-0.72,0.08,0.13,1.625,-1.17,9450.5608,0.13
2023.08.01 04:45:14,GBPUSD,7.36,0.08,0.13,1.625,11.96,9462.5208,0.13
2023.08.01 05:24:45,EURUSD,27.42,0.19,0.28,1.473684,40.4084,9502.9292,0.28
2023.08.02 01:00:00,EURUSD,-1.47,0.19,0.29,1.526316,-2.2437,9500.6855,0.29
2023.08.02 11:08:11,USDCHF,98.39,0.09,0.14,1.555556,153.0511,9653.7366,0.14
2023.08.02 11:08:11,USDCHF,-5.24,0.09,0.14,1.555556,-8.1511,9645.5855,0.14
2023.08.02 11:08:11,USDCHF,-78.64,0.09,0.14,1.555556,-122.3289,9523.2566,0.14
2023.08.02 17:40:00,USDCHF,-0.63,0.09,0.14,1.555556,-0.98,9522.2766,0.14
2023.08.02 17:47:27,USDCHF,4.6,0.09,0.14,1.555556,7.1556,9529.4322,0.14
2023.08.02 21:15:00,USDCHF,-0.63,0.09,0.14,1.555556,-0.98,9528.4522,0.14
2023.08.02 21:36:44,USDCHF,5.11,0.09,0.14,1.555556,7.9489,9536.4011,0.14
2023.08.03 00:40:38,USDCHF,-0.63,0.09,0.14,1.555556,-0.98,9535.4211,0.14
2023.08.03 07:42:21,USDCHF,5.11,0.09,0.14,1.555556,7.9489,9543.37,0.14
2023.08.03 09:00:00,USDCHF,-0.63,0.09,0.14,1.555556,-0.98,9542.39,0.14
2023.08.03 12:05:16,USDCHF,4.5,0.09,0.14,1.555556,7.0,9549.39,0.14
2023.08.03 15:05:00,USDCHF,-0.63,0.09,0.14,1.555556,-0.98,9548.41,0.14
2023.08.03 16:54:02,USDCHF,4.6,0.09,0.14,1.555556,7.1556,9555.5655,0.14
2023.08.03 17:30:00,USDCHF,-0.63,0.09,0.14,1.555556,-0.98,9554.5855,0.14
2023.08.03 18:18:00,USDCHF,4.52,0.09,0.14,1.555556,7.0311,9561.6166,0.14
2023.08.03 20:00:00,EURUSD,-1.46,0.19,0.29,1.526316,-2.2284,9559.3882,0.29
2023.08.03 20:00:00,GBPUSD,-0.71,0.08,0.13,1.625,-1.1538,9558.2345,0.13
2023.08.03 20:30:00,USDCHF,-0.63,0.09,0.14,1.555556,-0.98,9557.2545,0.14
2023.08.03 22:05:59,USDCHF,4.61,0.09,0.14,1.555556,7.1711,9564.4256,0.14
2023.08.03 23:05:00,USDCHF,-0.63,0.09,0.14,1.555556,-0.98,9563.4456,0.14
2023.08.04 01:16:43,USDCHF,4.62,0.09,0.14,1.555556,7.1867,9570.6322,0.14
2023.08.04 03:05:00,USDCHF,-0.63,0.09,0.14,1.555556,-0.98,9569.6522,0.14
2023.08.04 04:02:29,GBPUSD,7.37,0.08,0.13,1.625,11.9763,9581.6285,0.13
2023.08.04 09:52:21,USDCHF,4.51,0.09,0.14,1.555556,7.0156,9588.6441,0.14
2023.08.04 11:00:00,GBPUSD,-0.71,0.08,0.13,1.625,-1.1538,9587.4903,0.13
2023.08.04 11:34:43,GBPUSD,7.37,0.08,0.13,1.625,11.9763,9599.4666,0.13
2023.08.04 15:10:01,USDCHF,-0.63,0.09,0.14,1.555556,-0.98,9598.4866,0.14
2023.08.04 15:22:44,USDCHF,4.5,0.09,0.14,1.555556,7.0,9605.4866,0.14
2023.08.04 16:00:00,GBPUSD,-0.71,0.08,0.13,1.625,-1.1538,9604.3328,0.13
2023.08.04 16:05:03,EURUSD,84.42,0.19,0.29,1.526316,128.8516,9733.1844,0.29
2023.08.04 16:05:03,EURUSD,-29.39,0.19,0.29,1.526316,-44.8584,9688.326,0.29
2023.08.04 16:05:12,GBPUSD,8.17,0.08,0.13,1.625,13.2763,9701.6022,0.13
2023.08.04 21:05:00,USDCHF,-0.63,0.09,0.15,1.666667,-1.05,9700.5522,0.15
2023.08.04 21:22:36,USDCHF,4.63,0.09,0.15,1.666667,7.7167,9708.2689,0.15
2023.08.04 23:50:00,USDCHF,-0.63,0.09,0.15,1.666667,-1.05,9707.2189,0.15
2023.08.07 00:31:49,GBPUSD,-0.71,0.08,0.14,1.75,-1.2425,9705.9764,0.14
2023.08.07 04:30:37,GBPUSD,7.37,0.08,0.14,1.75,12.8975,9718.8739,0.14
2023.08.07 12:00:00,EURUSD,-1.46,0.19,0.29,1.526316,-2.2284,9716.6455,0.29
2023.08.07 16:00:00,GBPUSD,-0.72,0.08,0.14,1.75,-1.26,9715.3855,0.14
2023.08.07 16:31:44,GBPUSD,7.68,0.08,0.14,1.75,13.44,9728.8255,0.14
2023.08.08 05:00:00,GBPUSD,-0.71,0.08,0.14,1.75,-1.2425,9727.583,0.14
2023.08.08 09:40:23,USDCHF,4.63,0.09,0.15,1.666667,7.7167,9735.2996,0.15
2023.08.08 10:00:00,USDCHF,-0.63,0.09,0.15,1.666667,-1.05,9734.2496,0.15
2023.08.08 10:12:35,USDCHF,4.72,0.09,0.15,1.666667,7.8667,9742.1163,0.15
2023.08.08 10:31:30,GBPUSD,7.37,0.08,0.14,1.75,12.8975,9755.0138,0.14
2023.08.08 11:50:00,USDCHF,-0.63,0.09,0.15,1.666667,-1.05,9753.9638,0.15
2023.08.08 13:33:00,EURUSD,27.23,0.19,0.29,1.526316,41.5616,9795.5254,0.29
2023.08.09 00:00:01,GBPUSD,-0.71,0.08,0.14,1.75,-1.2425,9794.2829,0.14
2023.08.09 08:05:21,GBPUSD,7.45,0.08,0.14,1.75,13.0375,9807.3204,0.14
2023.08.09 09:38:10,USDCHF,4.42,0.09,0.15,1.666667,7.3667,9814.687,0.15
2023.08.09 11:00:00,EURUSD,-1.46,0.19,0.29,1.526316,-2.2284,9812.4586,0.29
2023.08.09 11:20:01,USDCHF,-0.63,0.09,0.15,1.666667,-1.05,9811.4086,0.15
2023.08.09 11:24:56,USDCHF,4.41,0.09,0.15,1.666667,7.35,9818.7586,0.15
2023.08.09 13:00:00,GBPUSD,-0.71,0.08,0.14,1.75,-1.2425,9817.5161,0.14
2023.08.09 15:13:59,GBPUSD,7.69,0.08,0.14,1.75,13.4575,9830.9736,0.14
2023.08.09 15:40:00,USDCHF,-0.63,0.09,0.15,1.666667,-1.05,9829.9236,0.15
2023.08.09 16:01:26,USDCHF,5.12,0.09,0.15,1.666667,8.5333,9838.4569,0.15
2023.08.09 17:35:00,USDCHF,-0.63,0.09,0.15,1.666667,-1.05,9837.4069,0.15
2023.08.09 18:26:46,USDCHF,4.6,0.09,0.15,1.666667,7.6667,9845.0736,0.15
2023.08.09 20:10:00,USDCHF,-0.63,0.09,0.15,1.666667,-1.05,9844.0236,0.15
2023.08.10 10:03:32,EURUSD,27.04,0.19,0.29,1.526316,41.2716,9885.2952,0.29
2023.08.10 10:03:45,USDCHF,4.61,0.09,0.15,1.666667,7.6833,9892.9785,0.15
2023.08.10 11:00:00,GBPUSD,-0.71,0.08,0.14,1.75,-1.2425,9891.736,0.14
2023.08.10 11:06:27,GBPUSD,7.45,0.08,0.14,1.75,13.0375,9904.7735,0.14
2023.08.10 16:15:00,USDCHF,-0.63,0.09,0.15,1.666667,-1.05,9903.7235,0.15
2023.08.10 16:24:04,USDCHF,4.62,0.09,0.15,1.666667,7.7,9911.4235,0.15
2023.08.10 19:00:00,GBPUSD,-0.71,0.08,0.14,1.75,-1.2425,9910.181,0.14
2023.08.10 19:09:50,GBPUSD,7.29,0.08,0.14,1.75,12.7575,9922.9385,0.14
2023.08.10 21:00:00,EURUSD,-1.54,0.2,0.3,1.5,-2.31,9920.6285,0.3
2023.08.11 00:35:52,USDCHF,-0.63,0.09,0.15,1.666667,-1.05,9919.5785,0.15
2023.08.11 09:56:21,USDCHF,4.6,0.09,0.15,1.666667,7.6667,9927.2452,0.15
2023.08.11 10:35:01,USDCHF,-0.63,0.09,0.15,1.666667,-1.05,9926.1952,0.15
2023.08.11 13:31:31,USDCHF,4.51,0.09,0.15,1.666667,7.5167,9933.7119,0.15
2023.08.11 14:00:02,GBPUSD,-0.71,0.08,0.14,1.75,-1.2425,9932.4694,0.14
2023.08.11 14:30:10,GBPUSD,7.53,0.08,0.14,1.75,13.1775,9945.6469,0.14
2023.08.11 15:35:00,USDCHF,-0.63,0.09,0.15,1.666667,-1.05,9944.5969,0.15
2023.08.11 15:47:01,USDCHF,4.51,0.09,0.15,1.666667,7.5167,9952.1135,0.15
2023.08.11 16:17:38,EURUSD,29.46,0.2,0.3,1.5,44.19,9996.3035,0.3
2023.08.11 17:20:00,USDCHF,-0.63,0.09,0.15,1.666667,-1.05,9995.2535,0.15
2023.08.11 17:31:01,USDCHF,5.13,0.09,0.15,1.666667,8.55,10003.8035,0.15
2023.08.11 20:00:00,USDCHF,-0.63,0.09,0.15,1.666667,-1.05,10002.7535,0.15
2023.08.14 00:10:12,GBPUSD,-0.71,0.08,0.14,1.75,-1.2425,10001.511,0.14
2023.08.14 03:33:02,GBPUSD,7.37,0.08,0.14,1.75,12.8975,10014.4085,0.14
2023.08.14 05:28:16,USDCHF,4.8,0.09,0.15,1.666667,8.0,10022.4085,0.15
2023.08.14 07:15:00,USDCHF,-0.63,0.09,0.15,1.666667,-1.05,10021.3585,0.15
2023.08.14 09:52:47,USDCHF,4.5,0.09,0.15,1.666667,7.5,10028.8585,0.15
2023.08.14 10:10:00,USDCHF,-0.63,0.09,0.15,1.666667,-1.05,10027.8085,0.15
2023.08.14 17:10:00,USDCHF,-0.63,0.09,0.15,1.666667,-1.05,10026.7585,0.15
2023.08.14 17:52:20,USDCHF,28.59,0.09,0.15,1.666667,47.65,10074.4085,0.15
2023.08.14 17:52:21,USDCHF,-19.08,0.09,0.15,1.666667,-31.8,10042.6085,0.15
2023.08.14 20:30:00,USDCHF,-0.63,0.09,0.15,1.666667,-1.05,10041.5585,0.15
2023.08.14 20:53:05,USDCHF,4.7,0.09,0.15,1.666667,7.8333,10049.3919,0.15
2023.08.14 22:40:00,USDCHF,-0.63,0.09,0.15,1.666667,-1.05,10048.3419,0.15
2023.08.15 04:24:11,USDCHF,4.5,0.09,0.15,1.666667,7.5,10055.8419,0.15
2023.08.15 04:35:00,USDCHF,-0.63,0.09,0.15,1.666667,-1.05,10054.7919,0.15
2023.08.15 10:00:00,GBPUSD,-0.71,0.08,0.14,1.75,-1.2425,10053.5494,0.14
2023.08.15 12:48:10,GBPUSD,7.61,0.08,0.14,1.75,13.3175,10066.8669,0.14
2023.08.15 13:00:00,EURUSD,-1.53,0.2,0.3,1.5,-2.295,10064.5719,0.3
2023.08.15 15:30:13,USDCHF,4.7,0.09,0.15,1.666667,7.8333,10072.4052,0.15
2023.08.15 15:50:00,USDCHF,-0.63,0.09,0.15,1.666667,-1.05,10071.3552,0.15
2023.08.15 16:10:30,USDCHF,4.61,0.09,0.15,1.666667,7.6833,10079.0385,0.15
2023.08.15 19:35:00,USDCHF,-0.63,0.09,0.15,1.666667,-1.05,10077.9885,0.15
2023.08.15 21:56:22,USDCHF,4.7,0.09,0.15,1.666667,7.8333,10085.8219,0.15
2023.08.16 01:05:01,USDCHF,-0.63,0.09,0.15,1.666667,-1.05,10084.7719,0.15
2023.08.16 03:36:55,USDCHF,4.49,0.09,0.15,1.666667,7.4833,10092.2552,0.15
2023.08.16 04:30:00,USDCHF,-0.63,0.09,0.15,1.666667,-1.05,10091.2052,0.15
2023.08.16 08:33:22,USDCHF,4.5,0.09,0.15,1.666667,7.5,10098.7052,0.15
2023.08.16 09:05:00,USDCHF,-0.63,0.09,0.15,1.666667,-1.05,10097.6552,0.15
2023.08.16 14:04:35,USDCHF,4.69,0.09,0.15,1.666667,7.8167,10105.4719,0.15
2023.08.16 16:30:00,USDCHF,-0.63,0.09,0.15,1.666667,-1.05,10104.4219,0.15
2023.08.16 16:36:53,USDCHF,4.49,0.09,0.15,1.666667,7.4833,10111.9052,0.15
2023.08.16 21:05:00,USDCHF,-0.63,0.09,0.15,1.666667,-1.05,10110.8552,0.15
2023.08.16 21:11:59,USDCHF,4.48,0.09,0.15,1.666667,7.4667,10118.3219,0.15
2023.08.16 21:35:00,USDCHF,-0.63,0.09,0.15,1.666667,-1.05,10117.2719,0.15
2023.08.17 06:00:00,GBPUSD,-0.71,0.08,0.14,1.75,-1.2425,10116.0294,0.14
2023.08.17 12:05:16,GBPUSD,7.29,0.08,0.14,1.75,12.7575,10128.7869,0.14
2023.08.17 14:00:00,EURUSD,-1.52,0.2,0.3,1.5,-2.28,10126.5069,0.3
2023.08.17 14:00:00,GBPUSD,-0.71,0.08,0.14,1.75,-1.2425,10125.2644,0.14
2023.08.17 14:35:41,USDCHF,4.6,0.09,0.15,1.666667,7.6667,10132.931,0.15
2023.08.17 14:35:48,GBPUSD,7.29,0.08,0.14,1.75,12.7575,10145.6885,0.14
2023.08.17 17:25:00,USDCHF,-0.63,0.09,0.15,1.666667,-1.05,10144.6385,0.15
2023.08.17 18:20:03,USDCHF,4.59,0.09,0.15,1.666667,7.65,10152.2885,0.15
2023.08.17 22:10:00,USDCHF,-0.63,0.09,0.15,1.666667,-1.05,10151.2385,0.15
2023.08.17 22:50:36,USDCHF,4.59,0.09,0.15,1.666667,7.65,10158.8885,0.15
2023.08.18 03:50:00,USDCHF,-0.63,0.09,0.15,1.666667,-1.05,10157.8385,0.15
2023.08.18 04:39:20,USDCHF,4.5,0.09,0.15,1.666667,7.5,10165.3385,0.15
2023.08.18 06:20:07,USDCHF,-0.63,0.09,0.15,1.666667,-1.05,10164.2885,0.15
2023.08.18 08:10:45,USDCHF,4.59,0.09,0.15,1.666667,7.65,10171.9385,0.15
2023.08.18 08:50:02,USDCHF,-0.63,0.09,0.15,1.666667,-1.05,10170.8885,0.15
2023.08.18 09:36:17,USDCHF,4.8,0.09,0.15,1.666667,8.0,10178.8885,0.15
2023.08.18 09:55:00,USDCHF,-0.63,0.09,0.15,1.666667,-1.05,10177.8385,0.15
2023.08.18 10:00:00,GBPUSD,-0.71,0.08,0.14,1.75,-1.2425,10176.596,0.14
2023.08.18 10:05:45,USDCHF,4.69,0.09,0.15,1.666667,7.8167,10184.4127,0.15
2023.08.18 13:10:00,USDCHF,-0.63,0.09,0.15,1.666667,-1.05,10183.3627,0.15
2023.08.18 14:23:45,GBPUSD,7.45,0.08,0.14,1.75,13.0375,10196.4002,0.14
2023.08.21 12:24:07,USDCHF,4.49,0.09,0.15,1.666667,7.4833,10203.8835,0.15
2023.08.21 13:35:07,USDCHF,-0.63,0.09,0.15,1.666667,-1.05,10202.8335,0.15
2023.08.21 15:00:00,GBPUSD,-0.71,0.08,0.14,1.75,-1.2425,10201.591,0.14
2023.08.21 16:51:01,USDCHF,4.48,0.09,0.15,1.666667,7.4667,10209.0577,0.15
2023.08.21 19:05:00,USDCHF,-0.63,0.09,0.15,1.666667,-1.05,10208.0077,0.15
2023.08.21 19:19:18,USDCHF,4.49,0.09,0.15,1.666667,7.4833,10215.491,0.15
2023.08.21 23:30:00,USDCHF,-0.63,0.09,0.15,1.666667,-1.05,10214.441,0.15
2023.08.22 04:27:10,GBPUSD,7.44,0.08,0.14,1.75,13.02,10227.461,0.14
2023.08.22 10:36:01,EURUSD,85.47,0.2,0.3,1.5,128.205,10355.666,0.3
2023.08.22 10:36:01,EURUSD,-27.53,0.2,0.3,1.5,-41.295,10314.371,0.3
2023.08.22 14:00:00,EURUSD,-1.52,0.2,0.31,1.55,-2.356,10312.015,0.31
2023.08.22 15:44:17,USDCHF,4.69,0.09,0.15,1.666667,7.8167,10319.8317,0.15
2023.08.22 15:46:34,EURUSD,28.88,0.2,0.31,1.55,44.764,10364.5957,0.31
2023.08.22 16:00:00,GBPUSD,-0.71,0.08,0.15,1.875,-1.3312,10363.2644,0.15
2023.08.22 16:38:23,GBPUSD,7.37,0.08,0.15,1.875,13.8187,10377.0832,0.15
2023.08.23 00:00:00,USDCHF,-0.63,0.09,0.16,1.777778,-1.12,10375.9632,0.16
2023.08.23 05:06:27,USDCHF,4.49,0.09,0.16,1.777778,7.9822,10383.9454,0.16
2023.08.23 05:50:00,USDCHF,-0.63,0.09,0.16,1.777778,-1.12,10382.8254,0.16
2023.08.23 10:32:48,USDCHF,5.09,0.09,0.16,1.777778,9.0489,10391.8743,0.16
2023.08.23 10:35:00,USDCHF,-0.63,0.09,0.16,1.777778,-1.12,10390.7543,0.16
2023.08.23 13:30:04,USDCHF,4.58,0.09,0.16,1.777778,8.1422,10398.8965,0.16
2023.08.23 14:35:00,USDCHF,-0.63,0.09,0.16,1.777778,-1.12,10397.7765,0.16
2023.08.23 14:41:46,USDCHF,5.71,0.09,0.16,1.777778,10.1511,10407.9276,0.16
2023.08.23 15:10:01,USDCHF,-0.63,0.09,0.16,1.777778,-1.12,10406.8076,0.16
2023.08.23 19:00:00,EURUSD,-1.52,0.2,0.31,1.55,-2.356,10404.4516,0.31
2023.08.23 19:00:00,GBPUSD,-0.71,0.08,0.15,1.875,-1.3312,10403.1204,0.15
2023.08.23 19:54:36,GBPUSD,7.45,0.08,0.15,1.875,13.9688,10417.0891,0.15
2023.08.24 07:20:04,USDCHF,-0.63,0.09,0.16,1.777778,-1.12,10415.9691,0.16
2023.08.24 08:34:30,EURUSD,28.48,0.2,0.31,1.55,44.144,10460.1131,0.31
2023.08.24 11:40:31,USDCHF,25.97,0.09,0.16,1.777778,46.1689,10506.282,0.16
2023.08.24 11:40:31,USDCHF,-16.89,0.09,0.16,1.777778,-30.0267,10476.2554,0.16
2023.08.24 13:00:00,EURUSD,-1.52,0.2,0.31,1.55,-2.356,10473.8994,0.31
2023.08.24 13:00:00,GBPUSD,-0.71,0.08,0.15,1.875,-1.3312,10472.5681,0.15
2023.08.24 14:58:09,GBPUSD,7.29,0.08,0.15,1.875,13.6687,10486.2369,0.15
2023.08.24 15:33:39,EURUSD,28.68,0.2,0.31,1.55,44.454,10530.6909,0.31
2023.08.24 16:30:00,USDCHF,-0.63,0.09,0.16,1.777778,-1.12,10529.5709,0.16
2023.08.24 16:41:31,USDCHF,4.48,0.09,0.16,1.777778,7.9644,10537.5353,0.16
2023.08.24 18:25:02,USDCHF,-0.7,0.1,0.16,1.6,-1.12,10536.4153,0.16
2023.08.24 19:14:23,USDCHF,5.08,0.1,0.16,1.6,8.128,10544.5433,0.16
2023.08.25 01:05:01,USDCHF,-0.7,0.1,0.16,1.6,-1.12,10543.4233,0.16
2023.08.25 02:06:03,USDCHF,6.3,0.1,0.16,1.6,10.08,10553.5033,0.16
2023.08.25 08:55:00,USDCHF,-0.7,0.1,0.16,1.6,-1.12,10552.3833,0.16
2023.08.25 09:27:02,USDCHF,5.06,0.1,0.16,1.6,8.096,10560.4793,0.16
2023.08.25 10:55:01,USDCHF,-0.7,0.1,0.16,1.6,-1.12,10559.3593,0.16
2023.08.25 10:58:55,USDCHF,5.28,0.1,0.16,1.6,8.448,10567.8073,0.16
2023.08.25 14:00:00,GBPUSD,-0.71,0.08,0.15,1.875,-1.3312,10566.4761,0.15
2023.08.25 14:05:00,USDCHF,-0.7,0.1,0.16,1.6,-1.12,10565.3561,0.16
2023.08.25 15:12:16,USDCHF,4.95,0.1,0.16,1.6,7.92,10573.2761,0.16
2023.08.25 16:00:00,EURUSD,-1.51,0.2,0.32,1.6,-2.416,10570.8601,0.32
2023.08.25 16:01:57,GBPUSD,7.37,0.08,0.15,1.875,13.8187,10584.6788,0.15
2023.08.25 16:25:00,USDCHF,-0.7,0.1,0.16,1.6,-1.12,10583.5588,0.16
2023.08.25 17:03:51,EURUSD,28.28,0.2,0.32,1.6,45.248,10628.8068,0.32
2023.08.25 17:27:24,USDCHF,5.17,0.1,0.16,1.6,8.272,10637.0788,0.16
2023.08.25 17:30:00,USDCHF,-0.7,0.1,0.16,1.6,-1.12,10635.9588,0.16
2023.08.25 17:32:48,USDCHF,5.16,0.1,0.16,1.6,8.256,10644.2148,0.16
2023.08.25 18:00:00,GBPUSD,-0.7,0.08,0.15,1.875,-1.3125,10642.9023,0.15
2023.08.25 20:05:00,USDCHF,-0.7,0.1,0.16,1.6,-1.12,10641.7823,0.16
2023.08.25 21:10:12,USDCHF,4.96,0.1,0.16,1.6,7.936,10649.7183,0.16
2023.08.25 23:10:00,USDCHF,-0.7,0.1,0.16,1.6,-1.12,10648.5983,0.16
2023.08.28 01:42:39,USDCHF,5.06,0.1,0.16,1.6,8.096,10656.6943,0.16
2023.08.28 02:20:00,USDCHF,-0.7,0.1,0.16,1.6,-1.12,10655.5743,0.16
2023.08.28 03:47:09,USDCHF,5.07,0.1,0.16,1.6,8.112,10663.6863,0.16
2023.08.28 11:00:00,USDCHF,-0.7,0.1,0.16,1.6,-1.12,10662.5663,0.16
2023.08.28 11:14:49,USDCHF,5.07,0.1,0.16,1.6,8.112,10670.6783,0.16
2023.08.28 13:25:00,USDCHF,-0.7,0.1,0.16,1.6,-1.12,10669.5583,0.16
2023.08.29 04:30:52,USDCHF,4.96,0.1,0.16,1.6,7.936,10677.4943,0.16
2023.08.29 07:45:01,USDCHF,-0.7,0.1,0.16,1.6,-1.12,10676.3743,0.16
2023.08.29 09:20:13,USDCHF,5.52,0.1,0.16,1.6,8.832,10685.2063,0.16
2023.08.29 10:00:00,EURUSD,-1.51,0.2,0.32,1.6,-2.416,10682.7903,0.32
2023.08.29 10:25:01,USDCHF,-0.7,0.1,0.16,1.6,-1.12,10681.6703,0.16
2023.08.29 15:18:54,EURUSD,28.69,0.2,0.32,1.6,45.904,10727.5743,0.32
2023.08.29 17:00:03,USDCHF,6.43,0.1,0.16,1.6,10.288,10737.8623,0.16
2023.08.29 19:00:00,EURUSD,-1.52,0.2,0.32,1.6,-2.432,10735.4303,0.32
2023.08.29 20:01:18,EURUSD,28.68,0.2,0.32,1.6,45.888,10781.3183,0.32
2023.08.29 21:20:01,USDCHF,-0.7,0.1,0.16,1.6,-1.12,10780.1983,0.16
2023.08.30 07:59:21,USDCHF,5.21,0.1,0.16,1.6,8.336,10788.5343,0.16
2023.08.30 08:35:00,USDCHF,-0.7,0.1,0.16,1.6,-1.12,10787.4143,0.16
2023.08.30 09:39:12,USDCHF,4.76,0.1,0.16,1.6,7.616,10795.0303,0.16
2023.08.30 10:25:00,USDCHF,-0.7,0.1,0.16,1.6,-1.12,10793.9103,0.16
2023.08.31 10:00:00,EURUSD,-1.53,0.2,0.32,1.6,-2.448,10791.4623,0.32
2023.08.31 10:12:37,EURUSD,28.68,0.2,0.32,1.6,45.888,10837.3503,0.32
2023.08.31 10:45:48,USDCHF,5.09,0.1,0.16,1.6,8.144,10845.4943,0.16
2023.08.31 12:00:00,GBPUSD,-0.71,0.08,0.15,1.875,-1.3312,10844.1631,0.15
2023.08.31 13:40:00,USDCHF,-0.7,0.1,0.16,1.6,-1.12,10843.0431,0.16
2023.09.01 15:32:04,USDCHF,5.21,0.1,0.16,1.6,8.336,10851.3791,0.16
2023.09.01 15:35:00,USDCHF,-0.7,0.1,0.16,1.6,-1.12,10850.2591,0.16
2023.09.01 16:00:00,EURUSD,-1.52,0.2,0.33,1.65,-2.508,10847.7511,0.33
2023.09.01 16:34:25,EURUSD,29.08,0.2,0.33,1.65,47.982,10895.7331,0.33
2023.09.01 17:53:51,GBPUSD,64.09,0.08,0.15,1.875,120.1688,11015.9018,0.15
2023.09.01 17:53:51,GBPUSD,-49.35,0.08,0.15,1.875,-92.5312,10923.3706,0.15
2023.09.01 18:00:00,EURUSD,-1.51,0.2,0.33,1.65,-2.4915,10920.8791,0.33
2023.09.01 18:00:00,GBPUSD,-0.71,0.08,0.15,1.875,-1.3312,10919.5478,0.15
2023.09.01 18:11:44,GBPUSD,7.45,0.08,0.15,1.875,13.9688,10933.5166,0.15
2023.09.01 18:18:21,EURUSD,28.89,0.2,0.33,1.65,47.6685,10981.1851,0.33
2023.09.01 20:20:03,USDCHF,-0.7,0.1,0.16,1.6,-1.12,10980.0651,0.16
2023.09.04 12:00:00,EURUSD,-1.59,0.21,0.33,1.571429,-2.4986,10977.5665,0.33
2023.09.04 12:00:00,GBPUSD,-0.71,0.08,0.15,1.875,-1.3312,10976.2352,0.15
2023.09.05 23:55:00,USDCHF,-0.7,0.1,0.16,1.6,-1.12,10975.1152,0.16
2023.09.06 08:00:00,EURUSD,-1.58,0.21,0.33,1.571429,-2.4829,10972.6324,0.33
2023.09.06 09:00:30,GBPUSD,-0.7,0.08,0.15,1.875,-1.3125,10971.3199,0.15
2023.09.08 09:00:00,GBPUSD,-0.7,0.08,0.15,1.875,-1.3125,10970.0074,0.15
2023.09.15 11:00:00,EURUSD,-1.57,0.21,0.33,1.571429,-2.4671,10967.5402,0.33
2023.09.26 16:00:00,EURUSD,-1.56,0.21,0.33,1.571429,-2.4514,10965.0888,0.33
2023.10.31 11:59:32,EURGBP,62.96,0.07,0.09,1.285714,80.9486,11046.0374,0.09
2023.10.31 11:59:32,EURGBP,24.28,0.07,0.09,1.285714,31.2171,11077.2545,0.09
2023.10.31 11:59:32,EURGBP,-14.58,0.07,0.09,1.285714,-18.7457,11058.5088,0.09
2023.10.31 11:59:32,EURGBP,-57.36,0.07,0.09,1.285714,-73.7486,10984.7602,0.09
2023.10.31 12:00:00,EURGBP,-0.52,0.07,0.13,1.857143,-0.9657,10983.7945,0.13
2023.10.31 12:27:42,EURGBP,3.83,0.07,0.13,1.857143,7.1129,10990.9074,0.13
2023.10.31 12:40:00,EURGBP,-0.52,0.07,0.13,1.857143,-0.9657,10989.9417,0.13
2023.10.31 12:54:42,EURGBP,3.75,0.07,0.13,1.857143,6.9643,10996.9059,0.13
2023.10.31 13:00:00,EURGBP,-0.52,0.07,0.13,1.857143,-0.9657,10995.9402,0.13
2023.10.31 13:01:27,EURGBP,3.75,0.07,0.13,1.857143,6.9643,11002.9045,0.13
2023.10.31 15:35:00,EURGBP,-0.52,0.07,0.13,1.857143,-0.9657,11001.9388,0.13
2023.11.01 10:25:00,EURGBP,-0.52,0.07,0.13,1.857143,-0.9657,11000.9731,0.13
2023.11.02 13:05:00,EURGBP,23.61,0.07,0.13,1.857143,43.8471,11044.8202,0.13
2023.11.02 13:05:00,EURGBP,-16.04,0.07,0.13,1.857143,-29.7886,11015.0317,0.13
2023.11.02 14:00:00,EURGBP,-0.52,0.07,0.13,1.857143,-0.9657,11014.0659,0.13
2023.11.02 14:29:34,EURGBP,3.75,0.07,0.13,1.857143,6.9643,11021.0302,0.13
2023.11.02 15:05:00,EURGBP,-0.52,0.07,0.13,1.857143,-0.9657,11020.0645,0.13
2023.11.02 15:12:37,EURGBP,3.75,0.07,0.13,1.857143,6.9643,11027.0288,0.13
2023.11.02 16:00:00,EURGBP,-0.52,0.07,0.13,1.857143,-0.9657,11026.0631,0.13
2023.11.02 16:13:07,EURGBP,3.84,0.07,0.13,1.857143,7.1314,11033.1945,0.13
2023.11.02 17:55:00,EURGBP,-0.52,0.07,0.13,1.857143,-0.9657,11032.2288,0.13
2023.11.02 18:08:49,EURGBP,3.75,0.07,0.13,1.857143,6.9643,11039.1931,0.13
2023.11.02 18:40:01,EURGBP,-0.52,0.07,0.13,1.857143,-0.9657,11038.2274,0.13
2023.11.03 15:46:48,EURUSD,230.05,0.21,0.33,1.571429,361.5071,11399.7345,0.33
2023.11.03 15:46:48,EURUSD,108.04,0.21,0.33,1.571429,169.7771,11569.5117,0.33
2023.11.03 15:46:48,EURUSD,-43.58,0.21,0.33,1.571429,-68.4829,11501.0288,0.33
2023.11.03 15:46:48,EURUSD,-173.57,0.21,0.33,1.571429,-272.7529,11228.2759,0.33
2023.11.03 17:40:01,EURGBP,-0.52,0.07,0.13,1.857143,-0.9657,11227.3102,0.13
2023.11.06 22:00:00,EURUSD,-1.58,0.21,0.34,1.619048,-2.5581,11224.7521,0.34
2023.11.07 03:04:41,EURUSD,30.14,0.21,0.34,1.619048,48.7981,11273.5502,0.34
2023.11.08 11:00:24,EURGBP,23.77,0.07,0.13,1.857143,44.1443,11317.6945,0.13
2023.11.08 11:00:24,EURGBP,-16.22,0.07,0.13,1.857143,-30.1229,11287.5717,0.13
2023.11.08 12:40:00,EURGBP,-0.52,0.07,0.14,2.0,-1.04,11286.5317,0.14
2023.11.08 14:53:24,EURGBP,3.77,0.07,0.14,2.0,7.54,11294.0717,0.14
2023.11.08 15:10:00,EURGBP,-0.52,0.07,0.14,2.0,-1.04,11293.0317,0.14
2023.11.08 17:00:00,EURUSD,-1.57,0.21,0.34,1.619048,-2.5419,11290.4898,0.34
2023.11.08 17:10:56,EURGBP,3.86,0.07,0.14,2.0,7.72,11298.2098,0.14
2023.11.08 17:25:00,EURGBP,-0.52,0.07,0.14,2.0,-1.04,11297.1698,0.14
2023.11.08 17:53:23,EURUSD,30.35,0.21,0.34,1.619048,49.1381,11346.3079,0.34
2023.11.09 11:01:46,EURGBP,3.78,0.07,0.14,2.0,7.56,11353.8679,0.14
2023.11.09 12:55:01,EURGBP,-0.52,0.07,0.14,2.0,-1.04,11352.8279,0.14
2023.11.09 13:00:01,EURUSD,-1.57,0.21,0.34,1.619048,-2.5419,11350.2859,0.34
2023.11.09 21:15:43,EURUSD,30.56,0.21,0.34,1.619048,49.4781,11399.764,0.34
2023.11.09 22:00:00,EURUSD,-1.57,0.21,0.34,1.619048,-2.5419,11397.2221,0.34
2023.11.10 17:05:00,EURGBP,-0.52,0.07,0.14,2.0,-1.04,11396.1821,0.14
2023.11.13 14:45:07,EURGBP,23.3,0.07,0.14,2.0,46.6,11442.7821,0.14
2023.11.13 14:45:07,EURGBP,-15.52,0.07,0.14,2.0,-31.04,11411.7421,0.14
2023.11.13 14:50:00,EURGBP,-0.52,0.07,0.14,2.0,-1.04,11410.7021,0.14
2023.11.13 16:14:38,EURGBP,3.76,0.07,0.14,2.0,7.52,11418.2221,0.14
2023.11.13 19:35:00,EURGBP,-0.52,0.07,0.14,2.0,-1.04,11417.1821,0.14
2023.11.14 12:36:04,EURGBP,3.77,0.07,0.14,2.0,7.54,11424.7221,0.14
2023.11.14 13:55:00,EURGBP,-0.53,0.07,0.14,2.0,-1.06,11423.6621,0.14
2023.11.14 14:18:47,EURGBP,3.77,0.07,0.14,2.0,7.54,11431.2021,0.14
2023.11.14 15:35:00,EURGBP,-0.53,0.07,0.14,2.0,-1.06,11430.1421,0.14
2023.11.15 09:02:59,EURGBP,3.83,0.07,0.14,2.0,7.66,11437.8021,0.14
2023.11.15 09:05:00,EURGBP,-0.53,0.07,0.14,2.0,-1.06,11436.7421,0.14
2023.11.15 09:29:42,EURGBP,3.84,0.07,0.14,2.0,7.68,11444.4221,0.14
2023.11.15 10:10:00,EURGBP,-0.53,0.07,0.14,2.0,-1.06,11443.3621,0.14
2023.11.15 10:20:38,EURGBP,3.92,0.07,0.14,2.0,7.84,11451.2021,0.14
2023.11.15 10:40:00,EURGBP,-0.53,0.07,0.14,2.0,-1.06,11450.1421,0.14
2023.11.15 10:54:48,EURGBP,3.92,0.07,0.14,2.0,7.84,11457.9821,0.14
2023.11.15 11:25:00,EURGBP,-0.53,0.07,0.14,2.0,-1.06,11456.9221,0.14
2023.11.15 12:00:00,EURUSD,-1.6,0.21,0.34,1.619048,-2.5905,11454.3317,0.34
2023.11.15 14:57:33,EURGBP,3.92,0.07,0.14,2.0,7.84,11462.1717,0.14
2023.11.15 15:00:00,EURGBP,-0.53,0.07,0.14,2.0,-1.06,11461.1117,0.14
2023.11.20 04:26:19,USDCHF,56.17,0.1,0.16,1.6,89.872,11550.9837,0.16
2023.11.20 04:26:19,USDCHF,10.38,0.1,0.16,1.6,16.608,11567.5917,0.16
2023.11.20 04:26:19,USDCHF,-51.35,0.1,0.16,1.6,-82.16,11485.4317,0.16
2023.11.20 05:15:01,USDCHF,-0.7,0.1,0.17,1.7,-1.19,11484.2417,0.17
2023.11.20 15:36:37,USDCHF,5.06,0.1,0.17,1.7,8.602,11492.8437,0.17
2023.11.20 16:40:00,USDCHF,-0.7,0.1,0.17,1.7,-1.19,11491.6537,0.17
2023.11.20 16:45:42,USDCHF,5.18,0.1,0.17,1.7,8.806,11500.4597,0.17
2023.11.20 19:20:00,USDCHF,-0.7,0.1,0.17,1.7,-1.19,11499.2697,0.17
2023.11.21 18:00:00,EURUSD,-1.61,0.21,0.34,1.619048,-2.6067,11496.663,0.34
2023.11.21 18:58:41,EURGBP,3.85,0.07,0.14,2.0,7.7,11504.363,0.14
2023.11.22 00:00:00,EURGBP,-0.53,0.07,0.14,2.0,-1.06,11503.303,0.14
2023.11.22 08:14:22,EURGBP,3.85,0.07,0.14,2.0,7.7,11511.003,0.14
2023.11.22 09:15:00,EURGBP,-0.53,0.07,0.14,2.0,-1.06,11509.943,0.14
2023.11.22 10:25:03,EURGBP,3.86,0.07,0.14,2.0,7.72,11517.663,0.14
2023.11.22 10:39:13,USDCHF,5.29,0.1,0.17,1.7,8.993,11526.656,0.17
2023.11.22 10:50:00,EURGBP,-0.53,0.07,0.14,2.0,-1.06,11525.596,0.14
2023.11.22 11:35:00,USDCHF,-0.7,0.1,0.17,1.7,-1.19,11524.406,0.17
2023.11.22 11:38:53,USDCHF,5.18,0.1,0.17,1.7,8.806,11533.212,0.17
2023.11.22 15:19:06,EURGBP,4.03,0.07,0.14,2.0,8.06,11541.272,0.14
2023.11.22 15:45:00,USDCHF,-0.7,0.1,0.17,1.7,-1.19,11540.082,0.17
2023.11.22 16:02:00,USDCHF,4.95,0.1,0.17,1.7,8.415,11548.497,0.17
2023.11.22 17:35:01,EURGBP,-0.53,0.07,0.14,2.0,-1.06,11547.437,0.14
2023.11.22 18:25:01,USDCHF,-0.7,0.1,0.17,1.7,-1.19,11546.247,0.17
2023.11.22 19:14:46,USDCHF,4.95,0.1,0.17,1.7,8.415,11554.662,0.17
2023.11.22 20:11:50,EURGBP,3.93,0.07,0.14,2.0,7.86,11562.522,0.14
2023.11.22 23:30:00,EURGBP,-0.53,0.07,0.14,2.0,-1.06,11561.462,0.14
2023.11.23 02:25:07,USDCHF,-0.7,0.1,0.17,1.7,-1.19,11560.272,0.17
2023.11.23 03:50:15,USDCHF,4.85,0.1,0.17,1.7,8.245,11568.517,0.17
2023.11.23 06:50:00,USDCHF,-0.7,0.1,0.17,1.7,-1.19,11567.327,0.17
2023.11.23 10:15:00,USDCHF,5.19,0.1,0.17,1.7,8.823,11576.15,0.17
2023.11.23 10:15:13,EURGBP,3.94,0.07,0.14,2.0,7.88,11584.03,0.14
2023.11.23 10:35:00,USDCHF,-0.7,0.1,0.17,1.7,-1.19,11582.84,0.17
2023.11.23 11:35:00,EURGBP,-0.53,0.07,0.14,2.0,-1.06,11581.78,0.14
2023.11.24 09:35:20,EURGBP,4.03,0.07,0.14,2.0,8.06,11589.84,0.14
2023.11.24 10:35:02,EURGBP,-0.53,0.07,0.14,2.0,-1.06,11588.78,0.14
2023.11.24 16:10:13,GBPUSD,62.1,0.08,0.15,1.875,116.4375,11705.2175,0.15
2023.11.24 16:10:13,GBPUSD,1.14,0.08,0.15,1.875,2.1375,11707.355,0.15
2023.11.24 16:10:13,GBPUSD,-41.1,0.08,0.15,1.875,-77.0625,11630.2925,0.15
2023.11.24 17:01:55,USDCHF,4.97,0.1,0.17,1.7,8.449,11638.7415,0.17
2023.11.27 01:05:00,USDCHF,-0.7,0.1,0.17,1.7,-1.19,11637.5515,0.17
2023.11.27 02:54:40,USDCHF,4.96,0.1,0.17,1.7,8.432,11645.9835,0.17
2023.11.27 03:25:00,USDCHF,-0.7,0.1,0.17,1.7,-1.19,11644.7935,0.17
2023.11.27 09:02:17,USDCHF,5.09,0.1,0.17,1.7,8.653,11653.4465,0.17
2023.11.27 11:55:00,USDCHF,-0.7,0.1,0.17,1.7,-1.19,11652.2565,0.17
2023.11.28 19:45:00,USDCHF,-0.7,0.1,0.17,1.7,-1.19,11651.0665,0.17
2023.11.29 10:05:00,EURGBP,-0.54,0.07,0.14,2.0,-1.08,11649.9865,0.14
2023.11.29 12:00:00,GBPUSD,-0.71,0.08,0.16,2.0,-1.42,11648.5665,0.16
2023.11.29 17:19:08,GBPUSD,7.37,0.08,0.16,2.0,14.74,11663.3065,0.16
2023.11.29 21:30:00,USDCHF,-0.7,0.1,0.17,1.7,-1.19,11662.1165,0.17
2023.12.01 12:00:00,GBPUSD,-0.71,0.08,0.16,2.0,-1.42,11660.6965,0.16
2023.12.01 16:45:01,EURGBP,-0.53,0.07,0.14,2.0,-1.06,11659.6365,0.14
2023.12.01 18:33:57,GBPUSD,7.93,0.08,0.16,2.0,15.86,11675.4965,0.16
2023.12.01 19:00:00,GBPUSD,-0.71,0.08,0.16,2.0,-1.42,11674.0765,0.16
2023.12.01 19:36:13,GBPUSD,7.37,0.08,0.16,2.0,14.74,11688.8165,0.16
2023.12.04 17:00:00,GBPUSD,-0.71,0.08,0.16,2.0,-1.42,11687.3965,0.16
2023.12.04 17:22:52,GBPUSD,8.25,0.08,0.16,2.0,16.5,11703.8965,0.16
2023.12.05 16:45:54,EURUSD,274.56,0.21,0.34,1.619048,444.5257,12148.4222,0.34
2023.12.05 16:45:54,EURUSD,101.94,0.21,0.34,1.619048,165.0457,12313.4679,0.34
2023.12.05 16:45:54,EURUSD,-285.51,0.21,0.34,1.619048,-462.2543,11851.2136,0.34
2023.12.06 10:25:00,EURGBP,-0.53,0.07,0.14,2.0,-1.06,11850.1536,0.14
2023.12.07 10:00:00,EURUSD,-1.58,0.21,0.36,1.714286,-2.7086,11847.4451,0.36
2023.12.07 10:00:00,GBPUSD,-0.7,0.08,0.17,2.125,-1.4875,11845.9576,0.17
2023.12.07 13:01:02,GBPUSD,7.53,0.08,0.17,2.125,16.0012,11861.9588,0.17
2023.12.07 14:26:52,USDCHF,52.72,0.1,0.17,1.7,89.624,11951.5828,0.17
2023.12.07 14:26:52,USDCHF,5.34,0.1,0.17,1.7,9.078,11960.6608,0.17
2023.12.07 14:26:52,USDCHF,-41.94,0.1,0.17,1.7,-71.298,11889.3628,0.17
2023.12.07 15:40:00,USDCHF,-0.7,0.1,0.18,1.8,-1.26,11888.1028,0.18
2023.12.07 15:43:43,USDCHF,5.13,0.1,0.18,1.8,9.234,11897.3368,0.18
2023.12.07 15:54:19,EURUSD,30.33,0.21,0.36,1.714286,51.9943,11949.3311,0.36
2023.12.07 16:20:00,USDCHF,-0.7,0.1,0.18,1.8,-1.26,11948.0711,0.18
2023.12.07 16:41:11,USDCHF,5.45,0.1,0.18,1.8,9.81,11957.8811,0.18
2023.12.07 17:30:00,USDCHF,-0.7,0.1,0.18,1.8,-1.26,11956.6211,0.18
2023.12.07 17:36:37,USDCHF,5.13,0.1,0.18,1.8,9.234,11965.8551,0.18
2023.12.07 22:05:00,USDCHF,-0.7,0.1,0.18,1.8,-1.26,11964.5951,0.18
2023.12.07 22:46:39,USDCHF,5.13,0.1,0.18,1.8,9.234,11973.8291,0.18
2023.12.07 23:50:00,USDCHF,-0.7,0.1,0.18,1.8,-1.26,11972.5691,0.18
2023.12.08 02:53:31,USDCHF,5.25,0.1,0.18,1.8,9.45,11982.0191,0.18
2023.12.08 06:55:03,USDCHF,-0.7,0.1,0.18,1.8,-1.26,11980.7591,0.18
2023.12.08 09:36:07,USDCHF,5.12,0.1,0.18,1.8,9.216,11989.9751,0.18
2023.12.08 10:35:00,USDCHF,-0.7,0.1,0.18,1.8,-1.26,11988.7151,0.18
2023.12.08 10:47:53,USDCHF,5.13,0.1,0.18,1.8,9.234,11997.9491,0.18
2023.12.08 12:00:00,GBPUSD,-0.7,0.08,0.17,2.125,-1.4875,11996.4616,0.17
2023.12.08 12:10:00,USDCHF,-0.7,0.1,0.18,1.8,-1.26,11995.2016,0.18
2023.12.08 15:12:47,USDCHF,5.01,0.1,0.18,1.8,9.018,12004.2196,0.18
2023.12.08 15:30:01,GBPUSD,8.18,0.08,0.17,2.125,17.3825,12021.6021,0.17
2023.12.08 16:00:00,EURUSD,-1.58,0.21,0.36,1.714286,-2.7086,12018.8935,0.36
2023.12.08 16:26:32,EURUSD,31.39,0.21,0.36,1.714286,53.8114,12072.705,0.36
2023.12.08 17:20:00,USDCHF,-0.7,0.1,0.18,1.8,-1.26,12071.445,0.18
2023.12.08 17:28:28,USDCHF,5.11,0.1,0.18,1.8,9.198,12080.643,0.18
2023.12.08 17:55:00,USDCHF,-0.7,0.1,0.18,1.8,-1.26,12079.383,0.18
2023.12.08 18:15:12,USDCHF,5.09,0.1,0.18,1.8,9.162,12088.545,0.18
2023.12.08 19:35:01,USDCHF,-0.7,0.1,0.18,1.8,-1.26,12087.285,0.18
2023.12.08 22:28:23,USDCHF,5.21,0.1,0.18,1.8,9.378,12096.663,0.18
2023.12.11 05:25:00,USDCHF,-0.7,0.1,0.18,1.8,-1.26,12095.403,0.18
2023.12.11 06:47:18,USDCHF,5.09,0.1,0.18,1.8,9.162,12104.565,0.18
2023.12.11 07:50:00,USDCHF,-0.7,0.1,0.18,1.8,-1.26,12103.305,0.18
2023.12.11 09:13:17,USDCHF,5.21,0.1,0.18,1.8,9.378,12112.683,0.18
2023.12.11 10:00:00,USDCHF,-0.7,0.1,0.18,1.8,-1.26,12111.423,0.18
2023.12.11 13:00:00,GBPUSD,-0.7,0.08,0.17,2.125,-1.4875,12109.9355,0.17
2023.12.11 13:33:42,GBPUSD,7.38,0.08,0.17,2.125,15.6825,12125.618,0.17
2023.12.11 14:39:50,USDCHF,5.09,0.1,0.18,1.8,9.162,12134.78,0.18
2023.12.11 15:25:00,USDCHF,-0.7,0.1,0.18,1.8,-1.26,12133.52,0.18
2023.12.11 17:07:37,USDCHF,5.78,0.1,0.18,1.8,10.404,12143.924,0.18
2023.12.11 20:00:00,GBPUSD,-0.7,0.08,0.17,2.125,-1.4875,12142.4365,0.17
2023.12.11 22:05:00,USDCHF,-0.7,0.1,0.18,1.8,-1.26,12141.1765,0.18
2023.12.12 11:00:00,EURUSD,-1.66,0.22,0.36,1.636364,-2.7164,12138.4601,0.36
2023.12.12 12:26:18,EURUSD,31.78,0.22,0.36,1.636364,52.0036,12190.4637,0.36
2023.12.12 16:33:25,GBPUSD,7.3,0.08,0.17,2.125,15.5125,12205.9762,0.17
2023.12.13 22:00:00,GBPUSD,-0.71,0.08,0.17,2.125,-1.5088,12204.4675,0.17
2023.12.14 02:53:07,GBPUSD,7.29,0.08,0.17,2.125,15.4913,12219.9587,0.17
2023.12.14 06:30:00,USDCHF,-0.7,0.1,0.18,1.8,-1.26,12218.6987,0.18
2023.12.14 10:19:36,EURGBP,65.11,0.07,0.14,2.0,130.22,12348.9187,0.14
2023.12.14 10:19:36,EURGBP,24.21,0.07,0.14,2.0,48.42,12397.3387,0.14
2023.12.14 10:19:36,EURGBP,-15.72,0.07,0.14,2.0,-31.44,12365.8987,0.14
2023.12.14 10:19:36,EURGBP,-57.95,0.07,0.14,2.0,-115.9,12249.9987,0.14
2023.12.14 10:20:00,EURGBP,-0.53,0.07,0.15,2.142857,-1.1357,12248.863,0.15
2023.12.14 10:49:45,EURGBP,3.98,0.07,0.15,2.142857,8.5286,12257.3916,0.15
2023.12.14 11:25:00,EURGBP,-0.53,0.07,0.15,2.142857,-1.1357,12256.2559,0.15
2023.12.14 12:45:56,EURGBP,3.9,0.07,0.15,2.142857,8.3571,12264.613,0.15
2023.12.14 13:55:00,EURGBP,-0.54,0.07,0.15,2.142857,-1.1571,12263.4559,0.15
2023.12.14 14:00:06,EURGBP,5.05,0.07,0.15,2.142857,10.8214,12274.2773,0.15
2023.12.14 14:05:00,EURGBP,-0.54,0.07,0.15,2.142857,-1.1571,12273.1202,0.15
2023.12.14 14:16:02,EURGBP,3.9,0.07,0.15,2.142857,8.3571,12281.4773,0.15
2023.12.14 14:20:00,EURGBP,-0.54,0.07,0.15,2.142857,-1.1571,12280.3202,0.15
2023.12.14 15:15:47,EURGBP,3.99,0.07,0.15,2.142857,8.55,12288.8702,0.15
2023.12.14 16:15:00,EURGBP,-0.54,0.07,0.15,2.142857,-1.1571,12287.713,0.15
2023.12.14 19:29:33,EURGBP,3.76,0.07,0.15,2.142857,8.0571,12295.7702,0.15
2023.12.14 19:30:00,EURGBP,-0.54,0.07,0.15,2.142857,-1.1571,12294.613,0.15
2023.12.14 20:03:49,EURGBP,3.93,0.07,0.15,2.142857,8.4214,12303.0344,0.15
2023.12.14 22:45:00,EURGBP,-0.54,0.07,0.15,2.142857,-1.1571,12301.8773,0.15
2023.12.15 04:52:01,EURGBP,4.02,0.07,0.15,2.142857,8.6143,12310.4916,0.15
2023.12.15 05:05:02,EURGBP,-0.54,0.07,0.15,2.142857,-1.1571,12309.3344,0.15
2023.12.15 07:24:11,EURGBP,3.93,0.07,0.15,2.142857,8.4214,12317.7559,0.15
2023.12.15 07:25:00,EURGBP,-0.54,0.07,0.15,2.142857,-1.1571,12316.5987,0.15
2023.12.15 11:00:00,EURUSD,-1.69,0.22,0.37,1.681818,-2.8423,12313.7565,0.37
2023.12.15 14:59:25,EURUSD,31.32,0.22,0.37,1.681818,52.6745,12366.431,0.37
2023.12.15 16:00:00,GBPUSD,-0.71,0.08,0.17,2.125,-1.5088,12364.9223,0.17
2023.12.15 17:45:07,GBPUSD,7.29,0.08,0.17,2.125,15.4913,12380.4135,0.17
2023.12.18 11:38:55,EURGBP,3.9,0.07,0.15,2.142857,8.3571,12388.7706,0.15
2023.12.18 13:30:00,EURGBP,-0.53,0.07,0.15,2.142857,-1.1357,12387.6349,0.15
2023.12.18 14:32:21,EURGBP,3.99,0.07,0.15,2.142857,8.55,12396.1849,0.15
2023.12.18 16:30:00,EURGBP,-0.54,0.07,0.15,2.142857,-1.1571,12395.0278,0.15
2023.12.18 16:35:46,EURGBP,3.98,0.07,0.15,2.142857,8.5286,12403.5564,0.15
2023.12.18 17:00:00,EURUSD,-1.68,0.22,0.37,1.681818,-2.8255,12400.7309,0.37
2023.12.18 17:30:00,EURGBP,-0.54,0.07,0.15,2.142857,-1.1571,12399.5738,0.15
2023.12.18 17:40:45,EURGBP,3.9,0.07,0.15,2.142857,8.3571,12407.9309,0.15
2023.12.18 18:50:00,EURGBP,-0.54,0.07,0.15,2.142857,-1.1571,12406.7738,0.15
2023.12.18 22:32:52,EURGBP,3.9,0.07,0.15,2.142857,8.3571,12415.1309,0.15
2023.12.18 22:35:00,EURGBP,-0.53,0.07,0.15,2.142857,-1.1357,12413.9952,0.15
2023.12.19 11:07:09,EURUSD,31.53,0.22,0.37,1.681818,53.0277,12467.0229,0.37
2023.12.19 12:00:00,GBPUSD,-0.71,0.08,0.17,2.125,-1.5088,12465.5142,0.17
2023.12.19 12:52:43,GBPUSD,7.61,0.08,0.17,2.125,16.1713,12481.6854,0.17
2023.12.19 20:00:00,USDCHF,-0.7,0.1,0.19,1.9,-1.33,12480.3554,0.19
2023.12.20 09:00:01,EURGBP,5.14,0.07,0.15,2.142857,11.0143,12491.3697,0.15
2023.12.20 10:00:00,GBPUSD,-0.71,0.08,0.17,2.125,-1.5088,12489.861,0.17
2023.12.20 12:00:00,EURGBP,-0.54,0.07,0.15,2.142857,-1.1571,12488.7038,0.15
2023.12.20 12:09:58,EURGBP,3.98,0.07,0.15,2.142857,8.5286,12497.2324,0.15
2023.12.20 12:38:53,GBPUSD,7.37,0.08,0.17,2.125,15.6613,12512.8936,0.17
2023.12.20 13:00:00,EURUSD,-1.69,0.22,0.38,1.727273,-2.9191,12509.9745,0.38
2023.12.20 13:40:02,EURGBP,-0.54,0.07,0.15,2.142857,-1.1571,12508.8174,0.15
2023.12.20 13:56:09,EURUSD,31.76,0.22,0.38,1.727273,54.8582,12563.6756,0.38
2023.12.20 14:00:54,EURGBP,4.42,0.07,0.15,2.142857,9.4714,12573.147,0.15
2023.12.20 14:50:00,EURGBP,-0.54,0.07,0.15,2.142857,-1.1571,12571.9899,0.15
2023.12.20 18:00:00,EURUSD,-1.69,0.22,0.38,1.727273,-2.9191,12569.0708,0.38
2023.12.21 14:00:00,GBPUSD,-0.71,0.08,0.18,2.25,-1.5975,12567.4733,0.18
2023.12.21 15:30:05,EURUSD,31.75,0.22,0.38,1.727273,54.8409,12622.3142,0.38
2023.12.21 15:36:07,GBPUSD,7.37,0.08,0.18,2.25,16.5825,12638.8967,0.18
2023.12.27 11:00:00,GBPUSD,-0.71,0.08,0.18,2.25,-1.5975,12637.2992,0.18
2023.12.28 14:15:00,EURGBP,-0.54,0.07,0.15,2.142857,-1.1571,12636.142,0.15
2023.12.28 15:00:00,GBPUSD,-0.71,0.08,0.18,2.25,-1.5975,12634.5445,0.18
2023.12.28 16:00:00,EURUSD,-1.71,0.22,0.38,1.727273,-2.9536,12631.5909,0.38
2023.12.28 20:08:42,EURUSD,31.52,0.22,0.38,1.727273,54.4436,12686.0345,0.38
2023.12.28 20:14:56,GBPUSD,33.21,0.08,0.18,2.25,74.7225,12760.757,0.18
2023.12.28 20:14:56,GBPUSD,-18.55,0.08,0.18,2.25,-41.7375,12719.0195,0.18
2023.12.29 07:57:09,EURGBP,25.27,0.07,0.15,2.142857,54.15,12773.1695,0.15
2023.12.29 07:57:09,EURGBP,-17.24,0.07,0.15,2.142857,-36.9429,12736.2267,0.15
2023.12.29 09:00:00,GBPUSD,-0.72,0.08,0.18,2.25,-1.62,12734.6067,0.18
2023.12.29 09:10:04,EURGBP,-0.54,0.07,0.15,2.142857,-1.1571,12733.4495,0.15
2023.12.29 17:57:58,EURGBP,4.01,0.07,0.15,2.142857,8.5929,12742.0424,0.15
2023.12.29 18:00:00,EURGBP,-0.54,0.07,0.15,2.142857,-1.1571,12740.8853,0.15
2023.12.29 18:05:35,EURGBP,4.01,0.07,0.15,2.142857,8.5929,12749.4781,0.15
2023.12.29 21:50:02,EURGBP,-0.54,0.07,0.15,2.142857,-1.1571,12748.321,0.15
2023.12.29 23:54:06,EURGBP,4.01,0.07,0.15,2.142857,8.5929,12756.9138,0.15
2023.12.29 23:55:00,EURGBP,-0.54,0.07,0.15,2.142857,-1.1571,12755.7567,0.15
2024.01.02 07:46:57,EURGBP,3.92,0.07,0.15,2.142857,8.4,12764.1567,0.15
2024.01.02 09:20:01,EURGBP,-0.54,0.07,0.15,2.142857,-1.1571,12762.9995,0.15
2024.01.02 09:26:24,EURGBP,3.92,0.07,0.15,2.142857,8.4,12771.3995,0.15
2024.01.02 09:55:00,EURGBP,-0.54,0.07,0.15,2.142857,-1.1571,12770.2424,0.15
2024.01.02 12:00:09,EURGBP,4.0,0.07,0.15,2.142857,8.5714,12778.8138,0.15
2024.01.02 12:45:01,EURGBP,-0.54,0.07,0.15,2.142857,-1.1571,12777.6567,0.15
2024.01.03 11:43:43,EURGBP,3.97,0.07,0.15,2.142857,8.5071,12786.1638,0.15
2024.01.03 12:40:00,EURGBP,-0.54,0.07,0.15,2.142857,-1.1571,12785.0067,0.15
2024.01.03 12:50:19,EURGBP,3.97,0.07,0.15,2.142857,8.5071,12793.5138,0.15
2024.01.03 13:00:00,EURGBP,-0.54,0.07,0.15,2.142857,-1.1571,12792.3567,0.15
2024.01.03 22:00:00,GBPUSD,-0.71,0.08,0.18,2.25,-1.5975,12790.7592,0.18
2024.01.04 11:00:00,EURUSD,-1.69,0.22,0.38,1.727273,-2.9191,12787.8401,0.38
2024.01.04 11:49:23,EURUSD,31.97,0.22,0.38,1.727273,55.2209,12843.061,0.38
2024.01.04 12:01:33,GBPUSD,50.01,0.08,0.18,2.25,112.5225,12955.5835,0.18
2024.01.04 12:01:33,GBPUSD,-34.63,0.08,0.18,2.25,-77.9175,12877.666,0.18
2024.01.05 09:00:00,EURUSD,-1.68,0.22,0.39,1.772727,-2.9782,12874.6878,0.39
2024.01.05 09:00:00,GBPUSD,-0.71,0.08,0.18,2.25,-1.5975,12873.0903,0.18
2024.01.05 10:32:09,EURUSD,32.64,0.22,0.39,1.772727,57.8618,12930.9521,0.39
2024.01.05 11:00:34,GBPUSD,7.29,0.08,0.18,2.25,16.4025,12947.3546,0.18
2024.01.05 17:00:00,EURUSD,-1.69,0.22,0.39,1.772727,-2.9959,12944.3587,0.39
2024.01.05 17:00:00,GBPUSD,-0.71,0.08,0.18,2.25,-1.5975,12942.7612,0.18
2024.01.05 17:00:01,GBPUSD,10.41,0.08,0.18,2.25,23.4225,12966.1837,0.18
2024.01.05 17:01:07,EURUSD,31.75,0.22,0.39,1.772727,56.2841,13022.4678,0.39
2024.01.05 19:00:00,EURGBP,-0.54,0.07,0.16,2.285714,-1.2343,13021.2335,0.16
2024.01.09 13:00:00,EURUSD,-1.68,0.22,0.39,1.772727,-2.9782,13018.2554,0.39
2024.01.09 13:00:00,GBPUSD,-0.71,0.08,0.18,2.25,-1.5975,13016.6579,0.18
2024.01.09 13:17:50,GBPUSD,7.37,0.08,0.18,2.25,16.5825,13033.2404,0.18
2024.01.09 17:57:05,EURUSD,31.98,0.22,0.39,1.772727,56.6918,13089.9322,0.39
2024.01.10 12:00:00,EURUSD,-1.69,0.22,0.39,1.772727,-2.9959,13086.9363,0.39
2024.01.10 12:00:00,GBPUSD,-0.71,0.08,0.18,2.25,-1.5975,13085.3388,0.18
2024.01.10 15:14:20,GBPUSD,7.53,0.08,0.18,2.25,16.9425,13102.2813,0.18
2024.01.10 17:41:11,EURUSD,31.53,0.22,0.39,1.772727,55.8941,13158.1754,0.39
2024.01.11 12:00:00,GBPUSD,-0.71,0.08,0.18,2.25,-1.5975,13156.5779,0.18
2024.01.11 15:30:01,GBPUSD,8.41,0.08,0.18,2.25,18.9225,13175.5004,0.18
2024.01.11 16:00:00,EURUSD,-1.76,0.23,0.4,1.73913,-3.0609,13172.4395,0.4
2024.01.12 02:00:00,GBPUSD,-0.72,0.08,0.18,2.25,-1.62,13170.8195,0.18
2024.01.16 02:54:27,EURUSD,33.43,0.23,0.4,1.73913,58.1391,13228.9586,0.4
2024.01.17 10:00:00,GBPUSD,-0.71,0.08,0.19,2.375,-1.6862,13227.2724,0.19
2024.01.18 02:00:00,EURUSD,-1.75,0.23,0.4,1.73913,-3.0435,13224.2289,0.4
2024.01.18 04:19:13,EURUSD,33.66,0.23,0.4,1.73913,58.5391,13282.768,0.4
2024.01.18 15:00:00,EURUSD,-1.75,0.23,0.4,1.73913,-3.0435,13279.7245,0.4
2024.01.18 15:30:00,EURUSD,46.32,0.23,0.4,1.73913,80.5565,13360.2811,0.4
2024.01.19 16:38:19,USDCHF,92.18,0.1,0.19,1.9,175.142,13535.4231,0.19
2024.01.19 16:38:19,USDCHF,23.09,0.1,0.18,1.8,41.562,13576.9851,0.18
2024.01.19 16:38:19,USDCHF,-99.9,0.1,0.18,1.8,-179.82,13397.1651,0.18
2024.01.19 16:40:00,USDCHF,-0.7,0.1,0.2,2.0,-1.4,13395.7651,0.2
2024.01.22 00:00:05,EURUSD,-1.75,0.23,0.4,1.73913,-3.0435,13392.7216,0.4
2024.01.22 04:21:46,EURUSD,33.2,0.23,0.4,1.73913,57.7391,13450.4607,0.4
2024.01.22 14:19:19,GBPUSD,56.17,0.08,0.19,2.375,133.4038,13583.8645,0.19
2024.01.22 14:19:19,GBPUSD,-41.59,0.08,0.18,2.25,-93.5775,13490.287,0.18
2024.01.22 15:25:00,EURGBP,-0.53,0.07,0.16,2.285714,-1.2114,13489.0755,0.16
2024.01.22 22:00:00,EURUSD,-1.75,0.23,0.4,1.73913,-3.0435,13486.0321,0.4
2024.01.23 12:55:05,EURUSD,32.98,0.23,0.4,1.73913,57.3565,13543.3886,0.4
2024.01.23 13:00:00,EURUSD,-1.75,0.23,0.41,1.782609,-3.1196,13540.269,0.41
2024.01.23 14:00:00,GBPUSD,-0.71,0.08,0.19,2.375,-1.6862,13538.5828,0.19
2024.01.23 16:05:46,GBPUSD,7.45,0.08,0.19,2.375,17.6938,13556.2765,0.19
2024.01.23 16:33:29,USDCHF,5.16,0.1,0.2,2.0,10.32,13566.5965,0.2
2024.01.23 16:41:47,EURUSD,32.98,0.23,0.41,1.782609,58.7904,13625.3869,0.41
2024.01.23 18:05:00,USDCHF,-0.7,0.1,0.2,2.0,-1.4,13623.9869,0.2
2024.01.23 23:22:21,USDCHF,5.04,0.1,0.2,2.0,10.08,13634.0669,0.2
2024.01.24 03:05:00,USDCHF,-0.7,0.1,0.2,2.0,-1.4,13632.6669,0.2
2024.01.24 10:00:00,GBPUSD,-0.71,0.08,0.19,2.375,-1.6862,13630.9807,0.19
2024.01.24 10:05:03,GBPUSD,7.21,0.08,0.19,2.375,17.1238,13648.1044,0.19
2024.01.24 12:00:00,EURUSD,-1.76,0.23,0.41,1.782609,-3.1374,13644.9671,0.41
2024.01.24 15:32:29,EURUSD,32.51,0.23,0.41,1.782609,57.9526,13702.9197,0.41
2024.01.24 16:50:00,USDCHF,-0.7,0.1,0.21,2.1,-1.47,13701.4497,0.21
2024.01.25 03:00:00,GBPUSD,-0.71,0.08,0.19,2.375,-1.6862,13699.7634,0.19
2024.01.25 17:00:00,EURUSD,-1.75,0.23,0.41,1.782609,-3.1196,13696.6439,0.41
2024.01.25 17:16:20,EURUSD,32.75,0.23,0.41,1.782609,58.3804,13755.0243,0.41
2024.01.25 17:27:50,USDCHF,45.32,0.1,0.21,2.1,95.172,13850.1963,0.21
2024.01.25 17:27:50,USDCHF,-34.03,0.1,0.2,2.0,-68.06,13782.1363,0.2
2024.01.25 17:50:14,GBPUSD,7.45,0.08,0.19,2.375,17.6938,13799.83,0.19
2024.01.25 18:00:00,GBPUSD,-0.71,0.08,0.19,2.375,-1.6862,13798.1438,0.19
2024.01.25 19:36:22,GBPUSD,7.45,0.08,0.19,2.375,17.6938,13815.8375,0.19
2024.01.25 20:10:00,USDCHF,-0.7,0.1,0.21,2.1,-1.47,13814.3675,0.21
2024.01.26 10:46:41,USDCHF,5.07,0.1,0.21,2.1,10.647,13825.0145,0.21
2024.01.26 12:00:00,GBPUSD,-0.71,0.08,0.19,2.375,-1.6862,13823.3283,0.19
2024.01.26 12:08:21,GBPUSD,7.53,0.08,0.19,2.375,17.8837,13841.212,0.19
2024.01.26 13:00:00,EURUSD,-1.75,0.23,0.42,1.826087,-3.1957,13838.0164,0.42
2024.01.26 14:30:00,USDCHF,-0.7,0.1,0.21,2.1,-1.47,13836.5464,0.21
2024.01.26 14:40:33,USDCHF,5.09,0.1,0.21,2.1,10.689,13847.2354,0.21
2024.01.26 15:30:00,USDCHF,-0.7,0.1,0.21,2.1,-1.47,13845.7654,0.21
2024.01.26 15:30:09,EURUSD,35.05,0.23,0.42,1.826087,64.0043,13909.7697,0.42
2024.01.26 15:30:09,USDCHF,6.02,0.1,0.21,2.1,12.642,13922.4117,0.21
2024.01.26 17:10:00,USDCHF,-0.7,0.1,0.21,2.1,-1.47,13920.9417,0.21
2024.01.26 17:30:24,USDCHF,5.32,0.1,0.21,2.1,11.172,13932.1137,0.21
2024.01.26 21:15:00,USDCHF,-0.7,0.1,0.21,2.1,-1.47,13930.6437,0.21
2024.01.29 02:00:00,GBPUSD,-0.71,0.08,0.2,2.5,-1.775,13928.8687,0.2
2024.01.29 03:35:15,USDCHF,5.21,0.1,0.21,2.1,10.941,13939.8097,0.21
2024.01.29 07:25:03,USDCHF,-0.7,0.1,0.21,2.1,-1.47,13938.3397,0.21
2024.01.29 12:00:00,EURUSD,-1.74,0.23,0.42,1.826087,-3.1774,13935.1623,0.42
2024.01.29 15:21:03,GBPUSD,7.37,0.08,0.2,2.5,18.425,13953.5873,0.2
2024.01.29 16:14:57,EURUSD,34.37,0.23,0.42,1.826087,62.7626,14016.3499,0.42
2024.01.29 16:30:01,USDCHF,5.32,0.1,0.21,2.1,11.172,14027.5219,0.21
2024.01.29 18:05:00,USDCHF,-0.7,0.1,0.21,2.1,-1.47,14026.0519,0.21
2024.01.29 21:33:49,USDCHF,5.21,0.1,0.21,2.1,10.941,14036.9929,0.21
2024.01.30 03:00:00,EURUSD,-1.82,0.24,0.42,1.75,-3.185,14033.8079,0.42
2024.01.30 03:00:00,GBPUSD,-0.71,0.08,0.2,2.5,-1.775,14032.0329,0.2
2024.01.30 07:20:02,USDCHF,-0.7,0.1,0.21,2.1,-1.47,14030.5629,0.21
2024.01.30 10:00:54,USDCHF,5.22,0.1,0.21,2.1,10.962,14041.5249,0.21
2024.01.30 10:15:00,USDCHF,-0.7,0.1,0.21,2.1,-1.47,14040.0549,0.21
2024.01.30 10:22:00,USDCHF,5.21,0.1,0.21,2.1,10.941,14050.9959,0.21
2024.01.30 12:50:00,USDCHF,-0.7,0.1,0.21,2.1,-1.47,14049.5259,0.21
2024.01.30 16:04:01,USDCHF,5.56,0.1,0.21,2.1,11.676,14061.2019,0.21
2024.01.30 16:33:09,EURUSD,34.66,0.24,0.42,1.75,60.655,14121.8569,0.42
2024.01.30 17:05:00,USDCHF,-0.7,0.1,0.21,2.1,-1.47,14120.3869,0.21
2024.01.30 17:05:47,USDCHF,5.21,0.1,0.21,2.1,10.941,14131.3279,0.21
2024.01.30 21:10:00,USDCHF,-0.7,0.1,0.21,2.1,-1.47,14129.8579,0.21
2024.01.30 22:01:04,USDCHF,5.22,0.1,0.21,2.1,10.962,14140.8199,0.21
2024.01.31 02:45:00,USDCHF,-0.7,0.1,0.21,2.1,-1.47,14139.3499,0.21
2024.01.31 04:03:04,USDCHF,5.21,0.1,0.21,2.1,10.941,14150.2909,0.21
2024.01.31 05:00:00,EURUSD,-1.82,0.24,0.42,1.75,-3.185,14147.1059,0.42
2024.01.31 06:20:01,USDCHF,-0.7,0.1,0.21,2.1,-1.47,14145.6359,0.21
2024.01.31 10:26:22,USDCHF,5.1,0.1,0.21,2.1,10.71,14156.3459,0.21
2024.01.31 12:40:00,USDCHF,-0.7,0.1,0.21,2.1,-1.47,14154.8759,0.21
2024.01.31 12:47:56,USDCHF,5.09,0.1,0.21,2.1,10.689,14165.5649,0.21
2024.01.31 13:50:00,USDCHF,-0.7,0.1,0.21,2.1,-1.47,14164.0949,0.21
2024.01.31 15:15:01,USDCHF,11.02,0.1,0.21,2.1,23.142,14187.2369,0.21
2024.01.31 16:39:29,GBPUSD,7.77,0.08,0.2,2.5,19.425,14206.6619,0.2
2024.01.31 18:10:00,USDCHF,-0.7,0.1,0.21,2.1,-1.47,14205.1919,0.21
2024.01.31 18:26:40,USDCHF,5.35,0.1,0.21,2.1,11.235,14216.4269,0.21
2024.01.31 21:40:00,USDCHF,-0.7,0.1,0.21,2.1,-1.47,14214.9569,0.21
2024.01.31 21:41:54,USDCHF,5.71,0.1,0.21,2.1,11.991,14226.9479,0.21
2024.01.31 22:03:47,EURUSD,34.19,0.24,0.42,1.75,59.8325,14286.7804,0.42
2024.01.31 22:05:00,USDCHF,-0.7,0.1,0.21,2.1,-1.47,14285.3104,0.21
2024.01.31 23:00:00,EURUSD,-1.82,0.24,0.43,1.791667,-3.2608,14282.0496,0.43
2024.01.31 23:00:00,GBPUSD,-0.71,0.08,0.2,2.5,-1.775,14280.2746,0.2
2024.02.01 08:57:28,GBPUSD,7.29,0.08,0.2,2.5,18.225,14298.4996,0.2
2024.02.01 09:01:10,USDCHF,5.2,0.1,0.21,2.1,10.92,14309.4196,0.21
2024.02.01 09:10:02,EURUSD,34.91,0.24,0.43,1.791667,62.5471,14371.9667,0.43
2024.02.01 10:25:00,USDCHF,-0.7,0.1,0.22,2.2,-1.54,14370.4267,0.22
2024.02.01 10:47:18,USDCHF,5.33,0.1,0.22,2.2,11.726,14382.1527,0.22
2024.02.01 14:35:00,USDCHF,-0.7,0.1,0.22,2.2,-1.54,14380.6127,0.22
2024.02.01 17:00:00,EURUSD,-1.82,0.24,0.43,1.791667,-3.2608,14377.3519,0.43
2024.02.01 18:00:00,GBPUSD,-0.71,0.08,0.2,2.5,-1.775,14375.5769,0.2
2024.02.01 18:04:09,GBPUSD,7.53,0.08,0.2,2.5,18.825,14394.4019,0.2
2024.02.01 18:07:59,EURUSD,35.14,0.24,0.43,1.791667,62.9592,14457.361,0.43
2024.02.01 20:05:00,USDCHF,-0.7,0.1,0.22,2.2,-1.54,14455.821,0.22
2024.02.02 15:34:47,USDCHF,31.44,0.1,0.22,2.2,69.168,14524.989,0.22
2024.02.02 15:34:47,USDCHF,-21.12,0.1,0.22,2.2,-46.464,14478.525,0.22
2024.02.02 16:00:00,EURUSD,-1.82,0.24,0.43,1.791667,-3.2608,14475.2642,0.43
2024.02.02 16:00:00,GBPUSD,-0.71,0.08,0.2,2.5,-1.775,14473.4892,0.2
2024.02.02 16:03:01,GBPUSD,7.29,0.08,0.2,2.5,18.225,14491.7142,0.2
2024.02.02 17:12:32,EURUSD,34.43,0.24,0.43,1.791667,61.6871,14553.4013,0.43
2024.02.02 20:45:00,USDCHF,-0.7,0.1,0.22,2.2,-1.54,14551.8613,0.22
2024.02.02 21:45:25,USDCHF,5.19,0.1,0.22,2.2,11.418,14563.2793,0.22
2024.02.02 23:50:00,USDCHF,-0.7,0.1,0.22,2.2,-1.54,14561.7393,0.22
2024.02.05 01:02:08,USDCHF,5.29,0.1,0.22,2.2,11.638,14573.3773,0.22
2024.02.05 01:05:00,USDCHF,-0.7,0.1,0.22,2.2,-1.54,14571.8373,0.22
2024.02.05 02:26:48,USDCHF,5.52,0.1,0.22,2.2,12.144,14583.9813,0.22
2024.02.05 08:10:00,USDCHF,-0.7,0.1,0.22,2.2,-1.54,14582.4413,0.22
2024.02.06 13:30:00,USDCHF,-0.7,0.1,0.22,2.2,-1.54,14580.9013,0.22
2024.02.06 15:00:00,GBPUSD,-0.7,0.08,0.2,2.5,-1.75,14579.1513,0.2
2024.02.06 16:44:34,GBPUSD,7.3,0.08,0.2,2.5,18.25,14597.4013,0.2
2024.02.07 03:00:00,EURUSD,-1.81,0.24,0.44,1.833333,-3.3183,14594.0829,0.44
2024.02.07 03:49:38,USDCHF,30.59,0.1,0.22,2.2,67.298,14661.3809,0.22
2024.02.07 03:49:38,USDCHF,-20.37,0.1,0.22,2.2,-44.814,14616.5669,0.22
2024.02.07 05:50:00,USDCHF,-0.7,0.1,0.22,2.2,-1.54,14615.0269,0.22
2024.02.07 10:00:21,USDCHF,5.05,0.1,0.22,2.2,11.11,14626.1369,0.22
2024.02.07 10:05:00,USDCHF,-0.7,0.1,0.22,2.2,-1.54,14624.5969,0.22
2024.02.07 10:12:44,USDCHF,5.27,0.1,0.22,2.2,11.594,14636.1909,0.22
2024.02.07 14:57:10,EURUSD,34.43,0.24,0.44,1.833333,63.1217,14699.3126,0.44
2024.02.07 15:05:00,USDCHF,-0.7,0.1,0.22,2.2,-1.54,14697.7726,0.22
2024.02.07 15:32:20,USDCHF,5.16,0.1,0.22,2.2,11.352,14709.1246,0.22
2024.02.07 18:10:00,USDCHF,-0.7,0.1,0.22,2.2,-1.54,14707.5846,0.22
2024.02.07 18:21:21,USDCHF,5.14,0.1,0.22,2.2,11.308,14718.8926,0.22
2024.02.07 21:15:00,USDCHF,-0.7,0.1,0.22,2.2,-1.54,14717.3526,0.22
2024.02.08 02:25:21,USDCHF,5.02,0.1,0.22,2.2,11.044,14728.3966,0.22
2024.02.08 03:35:00,USDCHF,-0.7,0.1,0.22,2.2,-1.54,14726.8566,0.22
2024.02.08 13:18:46,USDCHF,5.25,0.1,0.22,2.2,11.55,14738.4066,0.22
2024.02.08 14:00:00,EURUSD,-1.81,0.24,0.44,1.833333,-3.3183,14735.0883,0.44
2024.02.08 14:00:00,GBPUSD,-0.71,0.08,0.21,2.625,-1.8638,14733.2245,0.21
2024.02.08 14:30:03,GBPUSD,7.29,0.08,0.21,2.625,19.1363,14752.3608,0.21
2024.02.08 15:42:45,EURUSD,34.67,0.24,0.44,1.833333,63.5617,14815.9224,0.44
2024.02.08 18:15:00,USDCHF,-0.7,0.1,0.22,2.2,-1.54,14814.3824,0.22
2024.02.08 18:56:43,USDCHF,5.25,0.1,0.22,2.2,11.55,14825.9324,0.22
2024.02.08 21:45:00,USDCHF,-0.7,0.1,0.22,2.2,-1.54,14824.3924,0.22
2024.02.09 10:00:00,GBPUSD,-0.71,0.08,0.21,2.625,-1.8638,14822.5287,0.21
2024.02.09 10:12:57,USDCHF,5.13,0.1,0.22,2.2,11.286,14833.8147,0.22
2024.02.09 15:35:00,USDCHF,-0.7,0.1,0.22,2.2,-1.54,14832.2747,0.22
2024.02.09 17:07:51,GBPUSD,7.29,0.08,0.21,2.625,19.1363,14851.4109,0.21
2024.02.09 18:00:00,EURUSD,-1.81,0.24,0.45,1.875,-3.3938,14848.0172,0.45
2024.02.12 09:53:03,USDCHF,5.14,0.1,0.22,2.2,11.308,14859.3252,0.22
2024.02.12 09:55:13,EURUSD,34.43,0.24,0.45,1.875,64.5563,14923.8814,0.45
2024.02.12 10:40:00,USDCHF,-0.7,0.1,0.22,2.2,-1.54,14922.3414,0.22
2024.02.12 10:49:21,USDCHF,5.13,0.1,0.22,2.2,11.286,14933.6274,0.22
2024.02.12 11:00:00,EURUSD,-1.81,0.24,0.45,1.875,-3.3938,14930.2337,0.45
2024.02.12 14:00:00,GBPUSD,-0.71,0.08,0.21,2.625,-1.8638,14928.3699,0.21
2024.02.12 17:16:14,EURUSD,34.43,0.24,0.45,1.875,64.5563,14992.9262,0.45
2024.02.12 18:15:01,USDCHF,-0.7,0.1,0.22,2.2,-1.54,14991.3862,0.22
2024.02.12 19:58:45,USDCHF,5.13,0.1,0.22,2.2,11.286,15002.6722,0.22
2024.02.12 21:35:00,USDCHF,-0.7,0.1,0.23,2.3,-1.61,15001.0622,0.23
2024.02.13 03:51:02,USDCHF,5.12,0.1,0.23,2.3,11.776,15012.8382,0.23
2024.02.13 07:15:00,USDCHF,-0.7,0.1,0.23,2.3,-1.61,15011.2282,0.23
2024.02.13 09:03:56,USDCHF,4.55,0.1,0.23,2.3,10.465,15021.6932,0.23
2024.02.13 09:35:00,USDCHF,-0.7,0.1,0.23,2.3,-1.61,15020.0832,0.23
2024.02.13 09:36:11,USDCHF,4.98,0.1,0.23,2.3,11.454,15031.5372,0.23
2024.02.13 11:30:00,EURGBP,-0.53,0.07,0.18,2.571429,-1.3629,15030.1743,0.18
2024.02.13 12:00:00,USDCHF,-0.7,0.1,0.23,2.3,-1.61,15028.5643,0.23
2024.02.13 12:00:24,USDCHF,5.21,0.1,0.23,2.3,11.983,15040.5473,0.23
2024.02.13 13:05:00,USDCHF,-0.7,0.1,0.23,2.3,-1.61,15038.9373,0.23
2024.02.13 13:55:25,USDCHF,5.2,0.1,0.23,2.3,11.96,15050.8973,0.23
2024.02.13 14:00:00,EURUSD,-1.81,0.24,0.45,1.875,-3.3938,15047.5036,0.45
2024.02.13 14:15:00,USDCHF,-0.7,0.1,0.23,2.3,-1.61,15045.8936,0.23
2024.02.13 14:37:13,USDCHF,5.1,0.1,0.23,2.3,11.73,15057.6236,0.23
2024.02.13 15:09:05,EURUSD,34.43,0.24,0.45,1.875,64.5563,15122.1798,0.45
2024.02.13 15:31:51,GBPUSD,7.53,0.08,0.21,2.625,19.7662,15141.9461,0.21
2024.02.13 15:35:00,USDCHF,-0.7,0.1,0.23,2.3,-1.61,15140.3361,0.23
2024.02.13 15:35:47,USDCHF,5.06,0.1,0.23,2.3,11.638,15151.9741,0.23
2024.02.13 16:00:00,EURUSD,-1.87,0.25,0.45,1.8,-3.366,15148.6081,0.45
2024.02.13 16:00:00,GBPUSD,-0.71,0.08,0.21,2.625,-1.8638,15146.7443,0.21
2024.02.13 16:01:52,GBPUSD,7.14,0.08,0.21,2.625,18.7425,15165.4868,0.21
2024.02.13 22:45:00,USDCHF,-0.7,0.1,0.23,2.3,-1.61,15163.8768,0.23
2024.02.14 04:03:16,USDCHF,5.05,0.1,0.23,2.3,11.615,15175.4918,0.23
2024.02.14 04:05:00,USDCHF,-0.7,0.1,0.23,2.3,-1.61,15173.8818,0.23
2024.02.14 07:19:00,USDCHF,5.06,0.1,0.23,2.3,11.638,15185.5198,0.23
2024.02.14 09:00:00,USDCHF,-0.7,0.1,0.23,2.3,-1.61,15183.9098,0.23
2024.02.14 09:03:10,USDCHF,4.94,0.1,0.23,2.3,11.362,15195.2718,0.23
2024.02.14 11:55:00,USDCHF,-0.7,0.1,0.23,2.3,-1.61,15193.6618,0.23
2024.02.14 14:55:18,USDCHF,5.05,0.1,0.23,2.3,11.615,15205.2768,0.23
2024.02.14 16:55:00,USDCHF,-0.7,0.1,0.23,2.3,-1.61,15203.6668,0.23
2024.02.15 17:00:00,GBPUSD,-0.7,0.08,0.21,2.625,-1.8375,15201.8293,0.21
2024.02.15 17:08:23,GBPUSD,7.29,0.08,0.21,2.625,19.1363,15220.9656,0.21
2024.02.15 17:45:00,USDCHF,-0.7,0.1,0.23,2.3,-1.61,15219.3556,0.23
2024.02.16 16:00:00,GBPUSD,-0.7,0.08,0.21,2.625,-1.8375,15217.5181,0.21
2024.02.16 16:16:06,GBPUSD,7.46,0.08,0.21,2.625,19.5825,15237.1006,0.21
2024.02.16 21:00:00,GBPUSD,-0.71,0.08,0.21,2.625,-1.8638,15235.2368,0.21
2024.02.19 09:34:35,GBPUSD,7.37,0.08,0.21,2.625,19.3463,15254.5831,0.21
2024.02.19 16:00:00,GBPUSD,-0.71,0.08,0.21,2.625,-1.8638,15252.7193,0.21
2024.02.19 17:48:49,GBPUSD,7.7,0.08,0.21,2.625,20.2125,15272.9318,0.21
2024.02.20 13:00:00,GBPUSD,-0.71,0.08,0.21,2.625,-1.8638,15271.0681,0.21
2024.02.20 15:30:10,GBPUSD,7.37,0.08,0.21,2.625,19.3463,15290.4143,0.21
2024.02.21 11:00:00,EURUSD,-1.89,0.25,0.46,1.84,-3.4776,15286.9367,0.46
2024.02.21 11:00:00,GBPUSD,-0.71,0.08,0.21,2.625,-1.8638,15285.073,0.21
2024.02.28 06:00:00,GBPUSD,-0.71,0.08,0.21,2.625,-1.8638,15283.2092,0.21
2024.02.28 11:37:08,GBPUSD,31.37,0.08,0.21,2.625,82.3462,15365.5555,0.21
2024.02.28 11:37:08,GBPUSD,-16.79,0.08,0.21,2.625,-44.0737,15321.4817,0.21
2024.02.28 19:00:00,GBPUSD,-0.71,0.08,0.21,2.625,-1.8638,15319.618,0.21
2024.02.29 17:01:07,GBPUSD,7.37,0.08,0.21,2.625,19.3463,15338.9642,0.21
2024.02.29 19:28:21,USDCHF,45.67,0.1,0.23,2.3,105.041,15444.0052,0.23
2024.02.29 19:28:21,USDCHF,-35.53,0.1,0.23,2.3,-81.719,15362.2862,0.23
2024.03.01 02:10:00,USDCHF,-0.7,0.1,0.23,2.3,-1.61,15360.6762,0.23
2024.03.01 18:00:00,GBPUSD,-0.71,0.08,0.22,2.75,-1.9525,15358.7237,0.22
2024.03.01 19:34:50,USDCHF,5.07,0.1,0.23,2.3,11.661,15370.3847,0.23
2024.03.01 21:30:21,GBPUSD,7.29,0.08,0.22,2.75,20.0475,15390.4322,0.22
2024.03.01 23:20:00,USDCHF,-0.7,0.1,0.23,2.3,-1.61,15388.8222,0.23
2024.03.04 14:09:42,USDCHF,4.96,0.1,0.23,2.3,11.408,15400.2302,0.23
2024.03.04 15:55:00,USDCHF,-0.7,0.1,0.23,2.3,-1.61,15398.6202,0.23
2024.03.04 16:58:20,USDCHF,4.95,0.1,0.23,2.3,11.385,15410.0052,0.23
2024.03.04 17:30:00,USDCHF,-0.7,0.1,0.23,2.3,-1.61,15408.3952,0.23
2024.03.05 09:20:19,USDCHF,5.05,0.1,0.23,2.3,11.615,15420.0102,0.23
2024.03.05 10:05:00,USDCHF,-0.7,0.1,0.23,2.3,-1.61,15418.4002,0.23
2024.03.05 11:27:06,USDCHF,4.95,0.1,0.23,2.3,11.385,15429.7852,0.23
2024.03.05 12:30:00,USDCHF,-0.7,0.1,0.23,2.3,-1.61,15428.1752,0.23
2024.03.06 21:05:00,USDCHF,-0.7,0.1,0.23,2.3,-1.61,15426.5652,0.23
2024.03.07 16:00:00,EURUSD,-1.9,0.25,0.46,1.84,-3.496,15423.0692,0.46
2024.03.08 03:15:00,USDCHF,-0.7,0.1,0.23,2.3,-1.61,15421.4592,0.23
2024.03.08 15:00:00,EURUSD,-1.91,0.25,0.46,1.84,-3.5144,15417.9448,0.46
2024.03.11 16:00:00,GBPUSD,-0.72,0.08,0.22,2.75,-1.98,15415.9648,0.22
2024.03.11 17:28:47,GBPUSD,7.28,0.08,0.22,2.75,20.02,15435.9848,0.22
2024.03.13 15:00:00,GBPUSD,-0.72,0.08,0.22,2.75,-1.98,15434.0048,0.22
2024.03.14 12:44:27,GBPUSD,7.28,0.08,0.22,2.75,20.02,15454.0248,0.22
2024.03.14 17:00:00,GBPUSD,-0.72,0.08,0.22,2.75,-1.98,15452.0448,0.22
2024.03.14 17:17:12,GBPUSD,7.29,0.08,0.22,2.75,20.0475,15472.0923,0.22
2024.03.14 17:47:33,USDCHF,55.62,0.1,0.23,2.3,127.926,15600.0183,0.23
2024.03.14 17:47:33,USDCHF,3.38,0.1,0.23,2.3,7.774,15607.7923,0.23
2024.03.14 17:47:33,USDCHF,-43.08,0.1,0.23,2.3,-99.084,15508.7083,0.23
2024.03.14 23:05:00,USDCHF,-0.7,0.1,0.23,2.3,-1.61,15507.0983,0.23
2024.03.15 12:34:45,USDCHF,4.96,0.1,0.23,2.3,11.408,15518.5063,0.23
2024.03.15 15:45:00,USDCHF,-0.7,0.1,0.23,2.3,-1.61,15516.8963,0.23
2024.03.15 17:45:12,USDCHF,4.96,0.1,0.23,2.3,11.408,15528.3043,0.23
2024.03.15 22:20:00,USDCHF,-0.7,0.1,0.23,2.3,-1.61,15526.6943,0.23
2024.03.18 05:18:54,USDCHF,5.07,0.1,0.23,2.3,11.661,15538.3553,0.23
2024.03.18 06:55:00,USDCHF,-0.7,0.1,0.23,2.3,-1.61,15536.7453,0.23
2024.03.18 09:39:21,USDCHF,5.07,0.1,0.23,2.3,11.661,15548.4063,0.23
2024.03.18 13:45:04,USDCHF,-0.7,0.1,0.23,2.3,-1.61,15546.7963,0.23
2024.03.18 14:05:29,USDCHF,4.96,0.1,0.23,2.3,11.408,15558.2043,0.23
2024.03.18 15:35:00,USDCHF,-0.7,0.1,0.23,2.3,-1.61,15556.5943,0.23
2024.03.18 15:54:00,USDCHF,5.18,0.1,0.23,2.3,11.914,15568.5083,0.23
2024.03.18 23:50:00,USDCHF,-0.7,0.1,0.23,2.3,-1.61,15566.8983,0.23
2024.03.19 11:51:46,USDCHF,5.05,0.1,0.23,2.3,11.615,15578.5133,0.23
2024.03.19 13:35:01,USDCHF,-0.7,0.1,0.23,2.3,-1.61,15576.9033,0.23
2024.03.19 20:00:00,GBPUSD,-0.71,0.08,0.22,2.75,-1.9525,15574.9508,0.22
2024.03.20 10:52:01,USDCHF,4.92,0.1,0.23,2.3,11.316,15586.2668,0.23
2024.03.20 10:55:00,USDCHF,-0.7,0.1,0.23,2.3,-1.61,15584.6568,0.23
2024.03.20 11:01:49,USDCHF,5.03,0.1,0.23,2.3,11.569,15596.2258,0.23
2024.03.20 14:05:00,USDCHF,-0.7,0.1,0.23,2.3,-1.61,15594.6158,0.23
2024.03.20 21:00:04,GBPUSD,9.45,0.08,0.22,2.75,25.9875,15620.6033,0.22
2024.03.20 21:00:04,USDCHF,13.01,0.1,0.23,2.3,29.923,15650.5263,0.23
2024.03.20 21:05:00,USDCHF,-0.7,0.1,0.23,2.3,-1.61,15648.9163,0.23
2024.03.20 21:05:24,USDCHF,5.49,0.1,0.23,2.3,12.627,15661.5433,0.23
2024.03.20 21:35:00,USDCHF,-0.7,0.1,0.23,2.3,-1.61,15659.9333,0.23
2024.03.20 22:00:00,GBPUSD,-0.72,0.08,0.22,2.75,-1.98,15657.9533,0.22
2024.03.21 01:17:21,GBPUSD,7.36,0.08,0.22,2.75,20.24,15678.1933,0.22
2024.03.21 05:35:00,USDCHF,-0.7,0.1,0.24,2.4,-1.68,15676.5133,0.24
2024.03.21 11:30:03,USDCHF,62.41,0.1,0.24,2.4,149.784,15826.2973,0.24
2024.03.21 11:30:03,USDCHF,-9.91,0.1,0.23,2.3,-22.793,15803.5043,0.23
2024.03.21 12:00:00,GBPUSD,-0.71,0.08,0.22,2.75,-1.9525,15801.5518,0.22
2024.03.21 13:50:00,USDCHF,-0.7,0.1,0.24,2.4,-1.68,15799.8718,0.24
2024.03.21 14:27:52,GBPUSD,7.45,0.08,0.22,2.75,20.4875,15820.3593,0.22
2024.03.21 20:15:00,USDCHF,-0.7,0.1,0.24,2.4,-1.68,15818.6793,0.24
2024.03.22 10:33:41,EURGBP,66.36,0.07,0.18,2.571429,170.64,15989.3193,0.18
2024.03.22 10:33:41,EURGBP,26.3,0.07,0.16,2.285714,60.1143,16049.4336,0.16
2024.03.22 10:33:41,EURGBP,-14.65,0.07,0.16,2.285714,-33.4857,16015.9479,0.16
2024.03.22 10:33:42,EURGBP,-61.86,0.07,0.15,2.142857,-132.5571,15883.3908,0.15
2024.03.22 10:35:00,EURGBP,-0.53,0.07,0.19,2.714286,-1.4386,15881.9522,0.19
2024.03.22 11:32:14,EURUSD,296.11,0.25,0.46,1.84,544.8424,16426.7946,0.46
2024.03.22 11:32:14,EURUSD,146.86,0.25,0.46,1.84,270.2224,16697.017,0.46
2024.03.22 11:32:14,EURUSD,-37.14,0.25,0.46,1.84,-68.3376,16628.6794,0.46
2024.03.22 11:32:15,EURUSD,-263.14,0.25,0.45,1.8,-473.652,16155.0274,0.45
2024.03.22 15:57:47,EURGBP,3.98,0.07,0.19,2.714286,10.8029,16165.8303,0.19
2024.03.22 17:30:00,EURGBP,-0.53,0.07,0.19,2.714286,-1.4386,16164.3917,0.19
2024.03.22 19:32:26,EURGBP,3.88,0.07,0.19,2.714286,10.5314,16174.9231,0.19
2024.03.22 23:25:01,EURGBP,-0.53,0.07,0.19,2.714286,-1.4386,16173.4845,0.19
2024.03.25 06:00:00,EURUSD,-1.89,0.25,0.49,1.96,-3.7044,16169.7801,0.49
2024.03.25 10:31:58,EURGBP,3.88,0.07,0.19,2.714286,10.5314,16180.3116,0.19
2024.03.25 10:35:01,EURGBP,-0.53,0.07,0.19,2.714286,-1.4386,16178.873,0.19
2024.03.25 11:21:37,EURGBP,3.97,0.07,0.19,2.714286,10.7757,16189.6487,0.19
2024.03.25 11:25:00,EURGBP,-0.53,0.07,0.19,2.714286,-1.4386,16188.2101,0.19
2024.03.25 14:00:00,GBPUSD,-0.71,0.08,0.23,2.875,-2.0412,16186.1689,0.23
2024.03.25 14:51:51,GBPUSD,7.93,0.08,0.23,2.875,22.7988,16208.9676,0.23
2024.03.25 16:12:48,EURUSD,35.6,0.25,0.49,1.96,69.776,16278.7436,0.49
2024.03.26 15:27:52,EURGBP,4.07,0.07,0.19,2.714286,11.0471,16289.7908,0.19
2024.03.26 15:30:00,EURGBP,-0.53,0.07,0.2,2.857143,-1.5143,16288.2765,0.2
2024.03.26 16:55:00,USDCHF,-0.7,0.1,0.24,2.4,-1.68,16286.5965,0.24
2024.03.26 18:41:47,EURGBP,3.98,0.07,0.2,2.857143,11.3714,16297.9679,0.2
2024.03.26 18:55:00,EURGBP,-0.53,0.07,0.2,2.857143,-1.5143,16296.4536,0.2
2024.03.26 19:00:00,EURUSD,-1.89,0.25,0.49,1.96,-3.7044,16292.7492,0.49
2024.03.26 19:00:00,GBPUSD,-0.71,0.08,0.23,2.875,-2.0412,16290.708,0.23
2024.03.27 03:15:04,EURGBP,3.89,0.07,0.2,2.857143,11.1143,16301.8223,0.2
2024.03.27 04:20:51,GBPUSD,7.29,0.08,0.23,2.875,20.9587,16322.781,0.23
2024.03.27 05:20:00,EURGBP,-0.53,0.07,0.2,2.857143,-1.5143,16321.2667,0.2
2024.03.27 10:21:30,EURGBP,3.98,0.07,0.2,2.857143,11.3714,16332.6382,0.2
2024.03.27 10:45:00,EURGBP,-0.53,0.07,0.2,2.857143,-1.5143,16331.1239,0.2
2024.03.27 11:33:39,EURGBP,3.89,0.07,0.2,2.857143,11.1143,16342.2382,0.2
2024.03.27 13:10:00,EURGBP,-0.53,0.07,0.2,2.857143,-1.5143,16340.7239,0.2
2024.03.27 14:00:00,GBPUSD,-0.71,0.08,0.23,2.875,-2.0412,16338.6826,0.23
2024.03.27 15:04:23,EURGBP,3.88,0.07,0.2,2.857143,11.0857,16349.7683,0.2
2024.03.27 15:05:00,EURGBP,-0.53,0.07,0.2,2.857143,-1.5143,16348.2541,0.2
2024.03.27 15:17:59,EURGBP,3.97,0.07,0.2,2.857143,11.3429,16359.5969,0.2
2024.03.27 16:36:04,EURUSD,35.86,0.25,0.49,1.96,70.2856,16429.8825,0.49
2024.03.27 17:15:00,EURGBP,-0.53,0.07,0.2,2.857143,-1.5143,16428.3682,0.2
2024.03.28 16:00:00,EURUSD,-1.89,0.25,0.49,1.96,-3.7044,16424.6638,0.49
2024.03.28 16:00:13,GBPUSD,7.29,0.08,0.23,2.875,20.9587,16445.6226,0.23
2024.04.01 17:00:00,GBPUSD,-0.71,0.08,0.23,2.875,-2.0412,16443.5813,0.23
2024.04.01 17:03:00,GBPUSD,7.54,0.08,0.23,2.875,21.6775,16465.2588,0.23
2024.04.02 12:00:00,GBPUSD,-0.7,0.08,0.23,2.875,-2.0125,16463.2463,0.23
2024.04.02 12:07:55,GBPUSD,7.3,0.08,0.23,2.875,20.9875,16484.2338,0.23
2024.04.02 15:00:00,EURUSD,-1.88,0.25,0.49,1.96,-3.6848,16480.549,0.49
2024.04.03 16:02:39,EURGBP,3.96,0.07,0.2,2.857143,11.3143,16491.8633,0.2
2024.04.03 16:05:04,EURGBP,-0.53,0.07,0.2,2.857143,-1.5143,16490.349,0.2
2024.04.03 17:00:00,EURUSD,120.11,0.25,0.49,1.96,235.4156,16725.7646,0.49
2024.04.03 17:00:00,EURUSD,-14.39,0.25,0.49,1.96,-28.2044,16697.5602,0.49
2024.04.03 17:44:47,EURGBP,3.89,0.07,0.2,2.857143,11.1143,16708.6745,0.2
2024.04.03 17:45:02,EURGBP,-0.53,0.07,0.2,2.857143,-1.5143,16707.1602,0.2
2024.04.03 17:58:06,EURGBP,3.97,0.07,0.2,2.857143,11.3429,16718.5031,0.2
2024.04.03 21:20:00,EURGBP,-0.53,0.07,0.2,2.857143,-1.5143,16716.9888,0.2
2024.04.04 03:06:22,EURGBP,3.99,0.07,0.2,2.857143,11.4,16728.3888,0.2
2024.04.04 03:35:17,EURGBP,-0.53,0.07,0.2,2.857143,-1.5143,16726.8745,0.2
2024.04.04 23:00:00,EURUSD,-1.9,0.25,0.5,2.0,-3.8,16723.0745,0.5
2024.04.04 23:00:00,GBPUSD,-0.71,0.08,0.23,2.875,-2.0412,16721.0333,0.23
2024.04.05 04:53:11,GBPUSD,7.37,0.08,0.23,2.875,21.1887,16742.222,0.23
2024.04.05 15:30:06,EURUSD,38.86,0.25,0.5,2.0,77.72,16819.942,0.5
2024.04.08 06:00:00,GBPUSD,-0.71,0.08,0.24,3.0,-2.13,16817.812,0.24
2024.04.08 16:41:00,GBPUSD,7.29,0.08,0.24,3.0,21.87,16839.682,0.24
2024.04.08 17:00:00,EURUSD,-1.98,0.26,0.51,1.961538,-3.8838,16835.7982,0.51
2024.04.09 13:00:48,EURUSD,37.28,0.26,0.51,1.961538,73.1262,16908.9243,0.51
2024.04.09 17:25:01,EURGBP,4.0,0.07,0.2,2.857143,11.4286,16920.3529,0.2
2024.04.09 20:50:01,EURGBP,-0.53,0.07,0.2,2.857143,-1.5143,16918.8386,0.2
2024.04.09 21:00:00,EURUSD,-1.97,0.26,0.51,1.961538,-3.8642,16914.9744,0.51
2024.04.10 15:30:01,EURUSD,45.35,0.26,0.51,1.961538,88.9558,17003.9302,0.51
2024.04.10 16:00:00,EURUSD,-1.96,0.26,0.51,1.961538,-3.8446,17000.0855,0.51
2024.04.10 16:00:00,GBPUSD,-0.71,0.08,0.24,3.0,-2.13,16997.9555,0.24
2024.04.10 16:03:36,GBPUSD,7.29,0.08,0.24,3.0,21.87,17019.8255,0.24
2024.04.10 16:12:34,EURUSD,37.04,0.26,0.51,1.961538,72.6554,17092.4809,0.51
2024.04.10 21:59:55,EURGBP,3.68,0.07,0.2,2.857143,10.5143,17102.9952,0.2
2024.04.10 22:00:00,EURGBP,-0.53,0.07,0.21,3.0,-1.59,17101.4052,0.21
2024.04.11 05:57:13,EURGBP,3.77,0.07,0.21,3.0,11.31,17112.7152,0.21
2024.04.11 07:30:00,EURGBP,-0.53,0.07,0.21,3.0,-1.59,17111.1252,0.21
2024.04.11 11:00:00,GBPUSD,-0.7,0.08,0.24,3.0,-2.1,17109.0252,0.24
2024.04.11 15:50:23,GBPUSD,7.38,0.08,0.24,3.0,22.14,17131.1652,0.24
2024.04.11 18:00:00,GBPUSD,-0.7,0.08,0.24,3.0,-2.1,17129.0652,0.24
2024.04.12 10:14:13,GBPUSD,7.38,0.08,0.24,3.0,22.14,17151.2052,0.24
2024.04.15 13:00:00,GBPUSD,-0.79,0.09,0.24,2.666667,-2.1067,17149.0985,0.24
2024.04.15 13:57:43,GBPUSD,8.21,0.09,0.24,2.666667,21.8933,17170.9919,0.24
2024.04.15 18:00:00,GBPUSD,-0.78,0.09,0.24,2.666667,-2.08,17168.9119,0.24
2024.04.15 20:48:44,GBPUSD,8.22,0.09,0.24,2.666667,21.92,17190.8319,0.24
2024.04.16 13:00:00,EURUSD,-1.93,0.26,0.52,2.0,-3.86,17186.9719,0.52
2024.04.16 14:52:56,EURUSD,37.32,0.26,0.52,2.0,74.64,17261.6119,0.52
2024.04.16 15:00:00,GBPUSD,-0.78,0.09,0.24,2.666667,-2.08,17259.5319,0.24
2024.04.16 15:38:07,GBPUSD,8.21,0.09,0.24,2.666667,21.8933,17281.4252,0.24
2024.04.17 19:39:09,EURGBP,3.83,0.07,0.21,3.0,11.49,17292.9152,0.21
2024.04.18 00:05:00,EURGBP,-0.52,0.07,0.21,3.0,-1.56,17291.3552,0.21
2024.04.18 16:00:00,EURUSD,-1.94,0.26,0.52,2.0,-3.88,17287.4752,0.52
2024.04.18 16:41:42,EURUSD,37.58,0.26,0.52,2.0,75.16,17362.6352,0.52
2024.04.18 17:00:00,GBPUSD,-0.78,0.09,0.24,2.666667,-2.08,17360.5552,0.24
2024.04.18 20:17:36,GBPUSD,8.31,0.09,0.24,2.666667,22.16,17382.7152,0.24
2024.04.19 10:00:00,EURUSD,-1.94,0.26,0.52,2.0,-3.88,17378.8352,0.52
2024.04.19 10:00:00,GBPUSD,-0.78,0.09,0.24,2.666667,-2.08,17376.7552,0.24
2024.04.19 10:09:04,GBPUSD,8.4,0.09,0.24,2.666667,22.4,17399.1552,0.24
2024.04.19 12:31:41,EURUSD,37.32,0.26,0.52,2.0,74.64,17473.7952,0.52
2024.04.19 17:43:55,EURGBP,3.92,0.07,0.21,3.0,11.76,17485.5552,0.21
2024.04.19 18:20:00,EURGBP,-0.52,0.07,0.21,3.0,-1.56,17483.9952,0.21
2024.04.19 19:00:00,GBPUSD,-0.78,0.09,0.24,2.666667,-2.08,17481.9152,0.24
2024.04.19 19:15:36,GBPUSD,8.31,0.09,0.24,2.666667,22.16,17504.0752,0.24
2024.04.22 13:55:00,EURGBP,-0.52,0.07,0.21,3.0,-1.56,17502.5152,0.21
2024.04.22 15:00:00,EURUSD,-1.94,0.26,0.53,2.038462,-3.9546,17498.5606,0.53
2024.04.22 22:00:00,GBPUSD,-0.78,0.09,0.24,2.666667,-2.08,17496.4806,0.24
2024.04.23 10:30:03,GBPUSD,8.76,0.09,0.24,2.666667,23.36,17519.8406,0.24
2024.04.23 14:59:10,EURGBP,24.3,0.07,0.21,3.0,72.9,17592.7406,0.21
2024.04.23 14:59:10,EURGBP,-16.31,0.07,0.21,3.0,-48.93,17543.8106,0.21
2024.04.23 17:00:00,EURGBP,-0.52,0.07,0.21,3.0,-1.56,17542.2506,0.21
2024.04.24 10:00:00,EURUSD,-1.95,0.26,0.53,2.038462,-3.975,17538.2756,0.53
2024.04.24 11:00:00,GBPUSD,-0.78,0.09,0.25,2.777778,-2.1667,17536.1089,0.25
2024.04.25 16:00:00,GBPUSD,-0.79,0.09,0.25,2.777778,-2.1944,17533.9145,0.25
2024.04.29 03:40:04,EURGBP,-0.52,0.07,0.21,3.0,-1.56,17532.3545,0.21
2024.04.30 09:00:00,GBPUSD,-0.79,0.09,0.25,2.777778,-2.1944,17530.16,0.25
2024.05.01 09:05:48,GBPUSD,56.9,0.09,0.25,2.777778,158.0556,17688.2156,0.25
2024.05.01 09:05:49,GBPUSD,6.68,0.09,0.25,2.777778,18.5556,17706.7711,0.25
2024.05.01 09:05:49,GBPUSD,-37.42,0.09,0.25,2.777778,-103.9444,17602.8267,0.25
2024.05.01 09:54:06,EURUSD,114.02,0.26,0.53,2.038462,232.4254,17835.2521,0.53
2024.05.01 09:54:06,EURUSD,-39.64,0.26,0.53,2.038462,-80.8046,17754.4475,0.53
2024.05.01 12:00:00,EURUSD,-1.94,0.26,0.53,2.038462,-3.9546,17750.4929,0.53
2024.05.01 12:00:00,GBPUSD,-0.79,0.09,0.25,2.777778,-2.1944,17748.2984,0.25
2024.05.01 15:57:09,EURUSD,37.32,0.26,0.53,2.038462,76.0754,17824.3738,0.53
2024.05.01 21:02:42,GBPUSD,8.57,0.09,0.25,2.777778,23.8056,17848.1794,0.25
2024.05.02 17:00:00,EURUSD,-2.02,0.27,0.54,2.0,-4.04,17844.1394,0.54
2024.05.02 17:00:00,GBPUSD,-0.79,0.09,0.25,2.777778,-2.1944,17841.9449,0.25
2024.05.02 17:02:35,GBPUSD,8.21,0.09,0.25,2.777778,22.8056,17864.7505,0.25
2024.05.03 04:00:00,GBPUSD,-0.79,0.09,0.25,2.777778,-2.1944,17862.556,0.25
2024.05.03 04:33:51,GBPUSD,8.3,0.09,0.25,2.777778,23.0556,17885.6116,0.25
2024.05.03 18:22:05,EURGBP,23.71,0.07,0.21,3.0,71.13,17956.7416,0.21
2024.05.03 18:22:05,EURGBP,-15.99,0.07,0.21,3.0,-47.97,17908.7716,0.21
2024.05.03 20:00:00,GBPUSD,-0.79,0.09,0.25,2.777778,-2.1944,17906.5771,0.25
2024.05.03 20:15:08,EURGBP,-0.53,0.07,0.21,3.0,-1.59,17904.9871,0.21
2024.05.07 09:00:00,EURUSD,-2.03,0.27,0.54,2.0,-4.06,17900.9271,0.54
2024.05.07 10:12:44,EURGBP,3.95,0.07,0.21,3.0,11.85,17912.7771,0.21
2024.05.07 10:40:00,EURGBP,-0.53,0.07,0.21,3.0,-1.59,17911.1871,0.21
2024.05.07 11:14:25,GBPUSD,8.57,0.09,0.25,2.777778,23.8056,17934.9927,0.25
2024.05.07 12:19:38,EURGBP,4.12,0.07,0.21,3.0,12.36,17947.3527,0.21
2024.05.07 12:25:00,EURGBP,-0.53,0.07,0.22,3.142857,-1.6657,17945.687,0.22
2024.05.07 13:03:10,EURGBP,4.03,0.07,0.22,3.142857,12.6657,17958.3527,0.22
2024.05.07 15:10:03,EURGBP,-0.53,0.07,0.22,3.142857,-1.6657,17956.687,0.22
2024.05.07 15:32:09,EURGBP,3.86,0.07,0.22,3.142857,12.1314,17968.8184,0.22
2024.05.07 15:40:00,EURGBP,-0.53,0.07,0.22,3.142857,-1.6657,17967.1527,0.22
2024.05.08 14:00:00,GBPUSD,-0.79,0.09,0.25,2.777778,-2.1944,17964.9582,0.25
2024.05.09 15:37:46,GBPUSD,8.39,0.09,0.25,2.777778,23.3056,17988.2638,0.25
2024.05.09 16:00:00,GBPUSD,-0.79,0.09,0.25,2.777778,-2.1944,17986.0694,0.25
2024.05.09 17:31:22,GBPUSD,8.48,0.09,0.25,2.777778,23.5556,18009.6249,0.25
2024.05.10 18:00:00,GBPUSD,-0.79,0.09,0.25,2.777778,-2.1944,18007.4305,0.25
2024.05.15 12:26:37,EURGBP,3.97,0.07,0.22,3.142857,12.4771,18019.9076,0.22
2024.05.15 12:35:03,EURGBP,-0.53,0.07,0.22,3.142857,-1.6657,18018.2419,0.22
2024.05.15 13:52:19,EURGBP,4.06,0.07,0.22,3.142857,12.76,18031.0019,0.22
2024.05.15 14:00:00,EURGBP,-0.53,0.07,0.22,3.142857,-1.6657,18029.3362,0.22
2024.05.15 15:30:02,EURGBP,4.34,0.07,0.22,3.142857,13.64,18042.9762,0.22
2024.05.15 15:40:00,EURGBP,-0.53,0.07,0.22,3.142857,-1.6657,18041.3105,0.22
2024.05.15 15:44:03,EURGBP,3.9,0.07,0.22,3.142857,12.2571,18053.5676,0.22
2024.05.15 15:50:00,EURGBP,-0.53,0.07,0.22,3.142857,-1.6657,18051.9019,0.22
2024.05.15 16:05:22,EURGBP,3.99,0.07,0.22,3.142857,12.54,18064.4419,0.22
2024.05.15 18:15:01,EURGBP,-0.53,0.07,0.22,3.142857,-1.6657,18062.7762,0.22
2024.05.16 13:00:00,EURUSD,-2.05,0.27,0.54,2.0,-4.1,18058.6762,0.54
2024.05.16 15:00:00,GBPUSD,-0.8,0.09,0.25,2.777778,-2.2222,18056.454,0.25
2024.05.16 16:07:42,EURGBP,3.98,0.07,0.22,3.142857,12.5086,18068.9625,0.22
2024.05.16 17:25:00,EURGBP,-0.53,0.07,0.22,3.142857,-1.6657,18067.2968,0.22
2024.05.22 09:05:01,EURGBP,-0.53,0.07,0.22,3.142857,-1.6657,18065.6311,0.22
2024.05.22 15:00:00,GBPUSD,-0.8,0.09,0.25,2.777778,-2.2222,18063.4089,0.25
2024.06.03 17:45:51,USDCHF,59.04,0.1,0.24,2.4,141.696,18205.1049,0.24
2024.06.03 17:45:52,USDCHF,7.66,0.1,0.24,2.4,18.384,18223.4889,0.24
2024.06.03 17:45:52,USDCHF,-51.86,0.1,0.24,2.4,-124.464,18099.0249,0.24
2024.06.03 22:05:01,USDCHF,-0.7,0.1,0.27,2.7,-1.89,18097.1349,0.27
2024.06.03 22:30:11,USDCHF,4.99,0.1,0.27,2.7,13.473,18110.6079,0.27
2024.06.04 00:00:00,USDCHF,-0.7,0.1,0.27,2.7,-1.89,18108.7179,0.27
2024.06.04 02:51:35,USDCHF,4.89,0.1,0.27,2.7,13.203,18121.9209,0.27
2024.06.04 04:00:00,USDCHF,-0.7,0.1,0.27,2.7,-1.89,18120.0309,0.27
2024.06.04 04:36:54,USDCHF,4.88,0.1,0.27,2.7,13.176,18133.2069,0.27
2024.06.04 08:05:02,USDCHF,-0.7,0.1,0.27,2.7,-1.89,18131.3169,0.27
2024.06.04 08:37:35,USDCHF,4.89,0.1,0.27,2.7,13.203,18144.5199,0.27
2024.06.04 08:55:00,USDCHF,-0.7,0.1,0.27,2.7,-1.89,18142.6299,0.27
2024.06.04 09:31:59,USDCHF,4.99,0.1,0.27,2.7,13.473,18156.1029,0.27
2024.06.04 09:35:00,USDCHF,-0.77,0.11,0.27,2.454545,-1.89,18154.2129,0.27
2024.06.04 17:15:00,USDCHF,-0.77,0.11,0.27,2.454545,-1.89,18152.3229,0.27
2024.06.07 15:31:27,USDCHF,31.92,0.11,0.27,2.454545,78.3491,18230.672,0.27
2024.06.07 15:31:27,USDCHF,-20.43,0.11,0.27,2.454545,-50.1464,18180.5256,0.27
2024.06.07 19:05:00,USDCHF,-0.77,0.11,0.27,2.454545,-1.89,18178.6356,0.27
2024.06.10 06:00:01,EURGBP,-0.53,0.07,0.22,3.142857,-1.6657,18176.9699,0.22
2024.06.10 06:58:04,EURUSD,304.15,0.27,0.54,2.0,608.3,18785.2699,0.54
2024.06.10 06:58:04,EURUSD,2.29,0.27,0.54,2.0,4.58,18789.8499,0.54
2024.06.10 06:58:04,EURUSD,-190.76,0.27,0.54,2.0,-381.52,18408.3299,0.54
2024.06.11 16:15:00,EURGBP,-0.53,0.07,0.22,3.142857,-1.6657,18406.6642,0.22
2024.06.12 13:00:00,EURUSD,-2.03,0.27,0.55,2.037037,-4.1352,18402.529,0.55
2024.06.12 15:21:38,EURUSD,38.73,0.27,0.55,2.037037,78.8944,18481.4234,0.55
2024.06.12 15:22:59,USDCHF,5.5,0.11,0.27,2.454545,13.5,18494.9234,0.27
2024.06.12 17:10:00,USDCHF,-0.77,0.11,0.28,2.545455,-1.96,18492.9634,0.28
2024.06.12 21:00:01,USDCHF,7.23,0.11,0.28,2.545455,18.4036,18511.3671,0.28
2024.06.13 01:20:00,USDCHF,-0.77,0.11,0.28,2.545455,-1.96,18509.4071,0.28
2024.06.13 04:37:52,USDCHF,5.38,0.11,0.28,2.545455,13.6945,18523.1016,0.28
2024.06.13 09:00:00,USDCHF,-0.77,0.11,0.28,2.545455,-1.96,18521.1416,0.28
2024.06.13 11:11:17,USDCHF,5.38,0.11,0.28,2.545455,13.6945,18534.8362,0.28
2024.06.13 13:20:00,USDCHF,-0.77,0.11,0.28,2.545455,-1.96,18532.8762,0.28
2024.06.13 13:48:56,USDCHF,5.73,0.11,0.28,2.545455,14.5855,18547.4616,0.28
2024.06.13 15:00:00,EURUSD,-2.04,0.27,0.56,2.074074,-4.2311,18543.2305,0.56
2024.06.13 15:20:00,USDCHF,-0.77,0.11,0.28,2.545455,-1.96,18541.2705,0.28
2024.06.13 15:30:01,USDCHF,8.94,0.11,0.28,2.545455,22.7564,18564.0269,0.28
2024.06.13 17:36:49,EURUSD,38.73,0.27,0.56,2.074074,80.3289,18644.3558,0.56
2024.06.13 19:15:00,USDCHF,-0.77,0.11,0.28,2.545455,-1.96,18642.3958,0.28
2024.06.17 16:00:00,EURUSD,-2.02,0.27,0.56,2.074074,-4.1896,18638.2061,0.56
2024.06.17 21:02:00,EURUSD,38.47,0.27,0.56,2.074074,79.7896,18717.9958,0.56
2024.06.18 00:45:06,USDCHF,-0.77,0.11,0.28,2.545455,-1.96,18716.0358,0.28
2024.06.18 12:00:00,EURUSD,-2.03,0.27,0.56,2.074074,-4.2104,18711.8254,0.56
2024.06.18 18:05:00,USDCHF,-0.77,0.11,0.28,2.545455,-1.96,18709.8654,0.28
2024.06.20 11:08:18,USDCHF,65.7,0.11,0.28,2.545455,167.2364,18877.1018,0.28
2024.06.20 11:08:18,USDCHF,3.18,0.11,0.28,2.545455,8.0945,18885.1963,0.28
2024.06.20 11:08:18,USDCHF,-52.42,0.11,0.28,2.545455,-133.4327,18751.7636,0.28
2024.06.20 17:25:00,USDCHF,-0.77,0.11,0.28,2.545455,-1.96,18749.8036,0.28
2024.06.20 17:47:37,USDCHF,5.41,0.11,0.28,2.545455,13.7709,18763.5745,0.28
2024.06.20 19:36:28,EURUSD,38.48,0.27,0.56,2.074074,79.8104,18843.3848,0.56
2024.06.20 22:05:01,USDCHF,-0.77,0.11,0.28,2.545455,-1.96,18841.4248,0.28
2024.06.21 01:10:12,USDCHF,5.52,0.11,0.28,2.545455,14.0509,18855.4758,0.28
2024.06.21 02:25:19,USDCHF,-0.77,0.11,0.28,2.545455,-1.96,18853.5158,0.28
2024.06.21 10:35:46,USDCHF,5.4,0.11,0.28,2.545455,13.7455,18867.2612,0.28
2024.06.21 12:05:00,USDCHF,-0.77,0.11,0.28,2.545455,-1.96,18865.3012,0.28
2024.06.21 15:34:59,USDCHF,5.39,0.11,0.28,2.545455,13.72,18879.0212,0.28
2024.06.24 01:15:00,USDCHF,-0.77,0.11,0.28,2.545455,-1.96,18877.0612,0.28
2024.06.24 11:00:00,EURUSD,-2.02,0.27,0.57,2.111111,-4.2644,18872.7968,0.57
2024.06.24 12:31:23,EURUSD,38.74,0.27,0.57,2.111111,81.7844,18954.5812,0.57
2024.06.25 10:00:00,EURUSD,-2.03,0.27,0.57,2.111111,-4.2856,18950.2957,0.57
2024.06.25 14:22:39,EURUSD,38.74,0.27,0.57,2.111111,81.7844,19032.0801,0.57
2024.06.25 17:08:45,USDCHF,5.38,0.11,0.28,2.545455,13.6945,19045.7746,0.28
2024.06.25 21:30:00,USDCHF,-0.77,0.11,0.29,2.636364,-2.03,19043.7446,0.29
2024.06.27 03:41:06,GBPUSD,84.89,0.09,0.25,2.777778,235.8056,19279.5502,0.25
2024.06.27 03:41:06,GBPUSD,37.1,0.09,0.25,2.777778,103.0556,19382.6058,0.25
2024.06.27 03:41:06,GBPUSD,-96.55,0.09,0.25,2.777778,-268.1944,19114.4113,0.25
2024.06.27 09:00:00,EURUSD,-2.1,0.28,0.57,2.035714,-4.275,19110.1363,0.57
2024.06.27 10:00:00,GBPUSD,-0.8,0.09,0.27,3.0,-2.4,19107.7363,0.27
2024.06.27 13:48:34,GBPUSD,8.11,0.09,0.27,3.0,24.33,19132.0663,0.27
2024.06.27 15:37:30,EURUSD,40.46,0.28,0.57,2.035714,82.365,19214.4313,0.57
2024.06.28 05:00:00,EURUSD,-2.1,0.28,0.58,2.071429,-4.35,19210.0813,0.58
2024.06.28 05:40:05,USDCHF,-0.77,0.11,0.29,2.636364,-2.03,19208.0513,0.29
2024.06.28 08:00:00,GBPUSD,-0.8,0.09,0.27,3.0,-2.4,19205.6513,0.27
2024.07.01 21:45:03,USDCHF,-0.77,0.11,0.29,2.636364,-2.03,19203.6213,0.29
2024.07.05 06:20:32,USDCHF,59.09,0.11,0.29,2.636364,155.7827,19359.404,0.29
2024.07.05 06:20:32,USDCHF,7.68,0.11,0.29,2.636364,20.2473,19379.6513,0.29
2024.07.05 06:20:33,USDCHF,-50.35,0.11,0.29,2.636364,-132.7409,19246.9104,0.29
2024.07.05 08:35:03,USDCHF,-0.77,0.11,0.29,2.636364,-2.03,19244.8804,0.29
2024.07.05 15:15:36,USDCHF,5.35,0.11,0.29,2.636364,14.1045,19258.9849,0.29
2024.07.05 15:30:01,USDCHF,-0.77,0.11,0.29,2.636364,-2.03,19256.9549,0.29
2024.07.05 15:30:19,USDCHF,5.84,0.11,0.29,2.636364,15.3964,19272.3513,0.29
2024.07.05 15:40:00,USDCHF,-0.77,0.11,0.29,2.636364,-2.03,19270.3213,0.29
2024.07.08 03:05:01,USDCHF,-0.77,0.11,0.29,2.636364,-2.03,19268.2913,0.29
2024.07.08 23:00:00,GBPUSD,-0.81,0.09,0.27,3.0,-2.43,19265.8613,0.27
2024.07.09 03:56:07,USDCHF,33.03,0.11,0.29,2.636364,87.0791,19352.9404,0.29
2024.07.09 03:56:07,USDCHF,-22.2,0.11,0.29,2.636364,-58.5273,19294.4131,0.29
2024.07.09 05:50:02,USDCHF,-0.77,0.11,0.29,2.636364,-2.03,19292.3831,0.29
2024.07.09 10:01:56,USDCHF,5.35,0.11,0.29,2.636364,14.1045,19306.4877,0.29
2024.07.09 11:15:00,USDCHF,-0.77,0.11,0.29,2.636364,-2.03,19304.4577,0.29
2024.07.09 15:00:00,EURUSD,-2.12,0.28,0.58,2.071429,-4.3914,19300.0662,0.58
2024.07.10 16:38:50,USDCHF,5.47,0.11,0.29,2.636364,14.4209,19314.4872,0.29
2024.07.10 22:55:01,USDCHF,-0.77,0.11,0.29,2.636364,-2.03,19312.4572,0.29
2024.07.11 01:46:53,USDCHF,5.59,0.11,0.29,2.636364,14.7373,19327.1944,0.29
2024.07.11 02:30:00,USDCHF,-0.77,0.11,0.29,2.636364,-2.03,19325.1644,0.29
2024.07.11 19:05:00,USDCHF,-0.77,0.11,0.29,2.636364,-2.03,19323.1344,0.29
2024.07.16 04:00:00,EURUSD,-2.13,0.28,0.58,2.071429,-4.4121,19318.7223,0.58
2024.07.16 06:00:00,GBPUSD,-0.82,0.09,0.27,3.0,-2.46,19316.2623,0.27
2024.07.16 15:35:30,USDCHF,37.6,0.11,0.29,2.636364,99.1273,19415.3896,0.29
2024.07.16 15:35:30,USDCHF,-26.76,0.11,0.29,2.636364,-70.5491,19344.8405,0.29
2024.07.16 16:55:00,USDCHF,-0.77,0.11,0.29,2.636364,-2.03,19342.8105,0.29
2024.07.16 18:13:03,USDCHF,5.49,0.11,0.29,2.636364,14.4736,19357.2841,0.29
2024.07.17 01:10:00,USDCHF,-0.77,0.11,0.29,2.636364,-2.03,19355.2541,0.29
2024.07.17 13:55:00,USDCHF,-0.77,0.11,0.29,2.636364,-2.03,19353.2241,0.29
2024.07.18 01:05:18,USDCHF,-0.77,0.11,0.29,2.636364,-2.03,19351.1941,0.29
2024.07.19 04:59:38,USDCHF,69.14,0.11,0.29,2.636364,182.2782,19533.4723,0.29
2024.07.19 04:59:38,USDCHF,10.74,0.11,0.29,2.636364,28.3145,19561.7868,0.29
2024.07.19 04:59:39,USDCHF,-63.26,0.11,0.29,2.636364,-166.7764,19395.0105,0.29
2024.07.19 09:40:00,USDCHF,-0.77,0.11,0.29,2.636364,-2.03,19392.9805,0.29
2024.07.19 09:50:35,USDCHF,5.42,0.11,0.29,2.636364,14.2891,19407.2696,0.29
2024.07.19 11:05:00,USDCHF,-0.77,0.11,0.29,2.636364,-2.03,19405.2396,0.29
2024.07.19 12:55:25,USDCHF,5.54,0.11,0.29,2.636364,14.6055,19419.845,0.29
2024.07.19 14:50:00,USDCHF,-0.77,0.11,0.29,2.636364,-2.03,19417.815,0.29
2024.07.19 17:25:33,USDCHF,5.67,0.11,0.29,2.636364,14.9482,19432.7632,0.29
2024.07.19 20:55:00,USDCHF,-0.77,0.11,0.29,2.636364,-2.03,19430.7332,0.29
2024.07.19 21:30:44,USDCHF,5.54,0.11,0.29,2.636364,14.6055,19445.3387,0.29
2024.07.19 22:45:00,USDCHF,-0.77,0.11,0.29,2.636364,-2.03,19443.3087,0.29
2024.07.22 01:22:49,USDCHF,5.42,0.11,0.29,2.636364,14.2891,19457.5977,0.29
2024.07.22 02:00:00,USDCHF,-0.77,0.11,0.29,2.636364,-2.03,19455.5677,0.29
2024.07.24 13:04:05,USDCHF,5.55,0.11,0.29,2.636364,14.6318,19470.1996,0.29
2024.07.24 20:30:00,USDCHF,-0.77,0.11,0.29,2.636364,-2.03,19468.1696,0.29
2024.07.24 20:40:05,USDCHF,5.57,0.11,0.29,2.636364,14.6845,19482.8541,0.29
2024.07.24 23:20:01,USDCHF,-0.77,0.11,0.29,2.636364,-2.03,19480.8241,0.29
2024.07.25 01:25:25,USDCHF,5.57,0.11,0.29,2.636364,14.6845,19495.5087,0.29
2024.07.25 03:40:00,USDCHF,-0.77,0.11,0.29,2.636364,-2.03,19493.4787,0.29
2024.07.25 04:31:29,USDCHF,5.58,0.11,0.29,2.636364,14.7109,19508.1896,0.29
2024.07.25 15:35:00,USDCHF,-0.77,0.11,0.29,2.636364,-2.03,19506.1596,0.29
2024.07.25 15:35:52,USDCHF,5.47,0.11,0.29,2.636364,14.4209,19520.5805,0.29
2024.07.25 17:05:00,USDCHF,-0.77,0.11,0.29,2.636364,-2.03,19518.5505,0.29
2024.07.25 17:11:23,USDCHF,5.61,0.11,0.29,2.636364,14.79,19533.3405,0.29
2024.07.25 19:15:00,USDCHF,-0.77,0.11,0.29,2.636364,-2.03,19531.3105,0.29
2024.07.25 23:33:15,USDCHF,5.6,0.11,0.29,2.636364,14.7636,19546.0741,0.29
2024.07.26 03:45:00,USDCHF,-0.77,0.11,0.29,2.636364,-2.03,19544.0441,0.29
2024.07.26 09:30:53,USDCHF,5.47,0.11,0.29,2.636364,14.4209,19558.465,0.29
2024.07.26 12:30:00,USDCHF,-0.77,0.11,0.29,2.636364,-2.03,19556.435,0.29
2024.07.26 15:39:50,USDCHF,5.59,0.11,0.29,2.636364,14.7373,19571.1723,0.29
2024.07.26 18:05:00,USDCHF,-0.77,0.11,0.29,2.636364,-2.03,19569.1423,0.29
2024.07.26 21:50:01,USDCHF,5.45,0.11,0.29,2.636364,14.3682,19583.5105,0.29
2024.07.26 23:10:09,USDCHF,-0.77,0.11,0.29,2.636364,-2.03,19581.4805,0.29
2024.07.29 04:37:17,USDCHF,5.58,0.11,0.29,2.636364,14.7109,19596.1914,0.29
2024.07.29 06:35:01,USDCHF,-0.77,0.11,0.29,2.636364,-2.03,19594.1614,0.29
2024.07.29 08:18:45,USDCHF,5.95,0.11,0.29,2.636364,15.6864,19609.8477,0.29
2024.07.29 09:10:02,USDCHF,-0.77,0.11,0.29,2.636364,-2.03,19607.8177,0.29
2024.07.31 02:12:51,USDCHF,5.59,0.11,0.29,2.636364,14.7373,19622.555,0.29
2024.07.31 05:15:00,USDCHF,-0.77,0.11,0.29,2.636364,-2.03,19620.525,0.29
2024.07.31 17:15:00,USDCHF,-0.77,0.11,0.29,2.636364,-2.03,19618.495,0.29
2024.07.31 21:00:03,USDCHF,33.93,0.11,0.29,2.636364,89.4518,19707.9468,0.29
2024.07.31 21:00:03,USDCHF,-19.0,0.11,0.29,2.636364,-50.0909,19657.8559,0.29
2024.07.31 21:40:00,USDCHF,-0.77,0.11,0.29,2.636364,-2.03,19655.8259,0.29
2024.07.31 21:50:06,USDCHF,5.61,0.11,0.29,2.636364,14.79,19670.6159,0.29
2024.08.01 02:40:01,USDCHF,-0.77,0.11,0.3,2.727273,-2.1,19668.5159,0.3
2024.08.01 11:03:00,GBPUSD,156.42,0.09,0.27,3.0,469.26,20137.7759,0.27
2024.08.01 11:03:00,GBPUSD,18.18,0.09,0.27,3.0,54.54,20192.3159,0.27
2024.08.01 11:03:00,GBPUSD,-149.76,0.09,0.27,3.0,-449.28,19743.0359,0.27
2024.08.01 11:14:39,EURUSD,299.17,0.28,0.58,2.071429,619.7093,20362.7452,0.58
2024.08.01 11:14:39,EURUSD,82.17,0.28,0.58,2.071429,170.2093,20532.9545,0.58
2024.08.01 11:14:39,EURUSD,-261.39,0.28,0.58,2.071429,-541.4507,19991.5038,0.58
2024.08.01 17:00:00,GBPUSD,-0.81,0.09,0.28,3.111111,-2.52,19988.9838,0.28
2024.08.01 19:55:00,USDCHF,-0.77,0.11,0.3,2.727273,-2.1,19986.8838,0.3
2024.08.02 12:00:00,EURUSD,-2.12,0.28,0.6,2.142857,-4.5429,19982.3409,0.6
2024.08.02 14:13:40,EURUSD,39.88,0.28,0.6,2.142857,85.4571,20067.7981,0.6
2024.08.02 14:40:29,EURGBP,73.16,0.07,0.22,3.142857,229.9314,20297.7295,0.22
2024.08.02 14:40:29,EURGBP,31.94,0.07,0.22,3.142857,100.3829,20398.1124,0.22
2024.08.02 14:40:29,EURGBP,-17.75,0.07,0.22,3.142857,-55.7857,20342.3266,0.22
2024.08.02 14:40:29,EURGBP,-71.45,0.07,0.22,3.142857,-224.5571,20117.7695,0.22
2024.08.02 15:35:00,EURGBP,-0.53,0.07,0.24,3.428571,-1.8171,20115.9524,0.24
2024.08.02 16:10:38,EURGBP,3.95,0.07,0.24,3.428571,13.5429,20129.4952,0.24
2024.08.02 17:40:00,EURGBP,-0.53,0.07,0.24,3.428571,-1.8171,20127.6781,0.24
2024.08.02 18:55:00,USDCHF,-0.77,0.11,0.3,2.727273,-2.1,20125.5781,0.3
2024.08.05 11:20:00,EURGBP,-0.54,0.07,0.24,3.428571,-1.8514,20123.7266,0.24
2024.08.05 16:00:00,EURGBP,-0.54,0.07,0.24,3.428571,-1.8514,20121.8752,0.24
2024.08.06 13:00:00,EURUSD,-2.14,0.28,0.6,2.142857,-4.5857,20117.2895,0.6
2024.08.08 15:48:41,EURUSD,40.42,0.28,0.6,2.142857,86.6143,20203.9038,0.6
2024.08.08 16:00:00,EURUSD,-2.14,0.28,0.61,2.178571,-4.6621,20199.2416,0.61
2024.08.08 16:42:58,EURUSD,40.43,0.28,0.61,2.178571,88.0796,20287.3213,0.61
2024.08.08 19:00:00,GBPUSD,-0.8,0.09,0.28,3.111111,-2.4889,20284.8324,0.28
2024.08.08 19:59:10,EURGBP,50.58,0.07,0.24,3.428571,173.4171,20458.2495,0.24
2024.08.08 19:59:11,EURGBP,4.55,0.07,0.24,3.428571,15.6,20473.8495,0.24
2024.08.08 19:59:11,EURGBP,-43.52,0.07,0.24,3.428571,-149.2114,20324.6381,0.24
2024.08.08 22:40:00,EURGBP,-0.53,0.07,0.24,3.428571,-1.8171,20322.821,0.24
2024.08.09 09:01:27,EURGBP,3.93,0.07,0.24,3.428571,13.4743,20336.2952,0.24
2024.08.09 09:15:02,EURGBP,-0.54,0.07,0.24,3.428571,-1.8514,20334.4438,0.24
2024.08.09 13:07:56,EURGBP,3.93,0.07,0.24,3.428571,13.4743,20347.9181,0.24
2024.08.09 14:45:00,EURGBP,-0.53,0.07,0.24,3.428571,-1.8171,20346.101,0.24
2024.08.09 17:21:25,EURGBP,3.93,0.07,0.24,3.428571,13.4743,20359.5752,0.24
2024.08.09 17:45:01,EURGBP,-0.54,0.07,0.24,3.428571,-1.8514,20357.7238,0.24
2024.08.12 12:35:13,EURGBP,3.84,0.07,0.24,3.428571,13.1657,20370.8895,0.24
2024.08.12 14:30:05,EURGBP,-0.54,0.07,0.24,3.428571,-1.8514,20369.0381,0.24
2024.08.12 18:00:00,EURUSD,-2.14,0.28,0.61,2.178571,-4.6621,20364.376,0.61
2024.08.12 20:49:53,EURGBP,4.02,0.07,0.24,3.428571,13.7829,20378.1588,0.24
2024.08.12 20:55:01,EURGBP,-0.54,0.07,0.24,3.428571,-1.8514,20376.3074,0.24
2024.08.13 09:00:02,EURGBP,6.71,0.07,0.24,3.428571,23.0057,20399.3131,0.24
2024.08.13 09:00:49,GBPUSD,50.4,0.09,0.28,3.111111,156.8,20556.1131,0.28
2024.08.13 09:00:49,GBPUSD,-33.93,0.09,0.28,3.111111,-105.56,20450.5531,0.28
2024.08.13 10:55:00,EURGBP,-0.54,0.07,0.25,3.571429,-1.9286,20448.6245,0.25
2024.08.13 13:24:13,EURGBP,4.03,0.07,0.25,3.571429,14.3929,20463.0174,0.25
2024.08.13 13:25:00,EURGBP,-0.54,0.07,0.25,3.571429,-1.9286,20461.0888,0.25
2024.08.13 15:40:20,EURUSD,40.41,0.28,0.61,2.178571,88.0361,20549.1249,0.61
2024.08.13 16:00:00,EURUSD,-2.14,0.28,0.62,2.214286,-4.7386,20544.3863,0.62
2024.08.13 16:40:04,EURUSD,39.85,0.28,0.62,2.214286,88.2393,20632.6256,0.62
2024.08.14 10:00:00,GBPUSD,-0.81,0.09,0.29,3.222222,-2.61,20630.0156,0.29
2024.08.14 11:15:07,GBPUSD,8.46,0.09,0.29,3.222222,27.26,20657.2756,0.29
2024.08.14 16:10:00,EURGBP,-0.54,0.07,0.25,3.571429,-1.9286,20655.347,0.25
2024.08.15 10:00:00,GBPUSD,-0.81,0.09,0.29,3.222222,-2.61,20652.737,0.29
2024.08.15 14:41:52,GBPUSD,8.73,0.09,0.29,3.222222,28.13,20680.867,0.29
2024.08.15 15:20:26,EURGBP,25.31,0.07,0.25,3.571429,90.3929,20771.2599,0.25
2024.08.15 15:20:26,EURGBP,-17.12,0.07,0.25,3.571429,-61.1429,20710.117,0.25
2024.08.15 15:33:29,USDCHF,139.09,0.11,0.3,2.727273,379.3364,21089.4534,0.3
2024.08.15 15:33:30,USDCHF,-34.22,0.11,0.3,2.727273,-93.3273,20996.1261,0.3
2024.08.15 15:33:30,USDCHF,-88.63,0.11,0.3,2.727273,-241.7182,20754.4079,0.3
2024.08.15 15:35:00,EURGBP,-0.54,0.07,0.25,3.571429,-1.9286,20752.4794,0.25
2024.08.15 16:00:00,EURUSD,-2.22,0.29,0.62,2.137931,-4.7462,20747.7332,0.62
2024.08.15 16:00:00,GBPUSD,-0.81,0.09,0.29,3.222222,-2.61,20745.1232,0.29
2024.08.15 16:07:15,GBPUSD,8.46,0.09,0.29,3.222222,27.26,20772.3832,0.29
2024.08.15 21:35:00,USDCHF,-0.77,0.11,0.31,2.818182,-2.17,20770.2132,0.31
2024.08.15 22:21:19,USDCHF,5.66,0.11,0.31,2.818182,15.9509,20786.1641,0.31
2024.08.15 23:25:00,USDCHF,-0.77,0.11,0.31,2.818182,-2.17,20783.9941,0.31
2024.08.16 05:00:00,GBPUSD,-0.81,0.09,0.29,3.222222,-2.61,20781.3841,0.29
2024.08.16 09:04:40,GBPUSD,8.46,0.09,0.29,3.222222,27.26,20808.6441,0.29
2024.08.19 01:05:00,USDCHF,-0.77,0.11,0.31,2.818182,-2.17,20806.4741,0.31
2024.08.20 04:35:00,USDCHF,-0.77,0.11,0.31,2.818182,-2.17,20804.3041,0.31
2024.08.22 10:55:00,EURGBP,-0.55,0.07,0.25,3.571429,-1.9643,20802.3398,0.25
2024.08.22 17:00:00,EURUSD,-2.26,0.29,0.62,2.137931,-4.8317,20797.5081,0.62
2024.08.22 21:00:00,GBPUSD,-0.82,0.09,0.29,3.222222,-2.6422,20794.8658,0.29
2024.08.26 15:55:00,EURGBP,-0.55,0.07,0.25,3.571429,-1.9643,20792.9016,0.25
2024.08.28 13:00:00,GBPUSD,-0.83,0.09,0.29,3.222222,-2.6744,20790.2271,0.29
2024.08.29 11:05:00,EURGBP,-0.54,0.07,0.25,3.571429,-1.9286,20788.2985,0.25
2024.08.30 16:04:32,GBPUSD,73.33,0.09,0.29,3.222222,236.2856,21024.5841,0.29
2024.08.30 16:04:32,GBPUSD,-56.9,0.09,0.29,3.222222,-183.3444,20841.2397,0.29
2024.09.02 18:00:00,GBPUSD,-0.83,0.09,0.29,3.222222,-2.6744,20838.5652,0.29
2024.09.04 17:03:20,GBPUSD,8.44,0.09,0.29,3.222222,27.1956,20865.7608,0.29
2024.09.04 18:00:00,GBPUSD,-0.83,0.09,0.29,3.222222,-2.6744,20863.0863,0.29
2024.09.05 11:53:41,GBPUSD,8.26,0.09,0.29,3.222222,26.6156,20889.7019,0.29
2024.09.06 18:00:00,GBPUSD,-0.83,0.09,0.29,3.222222,-2.6744,20887.0274,0.29
2024.09.06 18:08:02,GBPUSD,9.43,0.09,0.29,3.222222,30.3856,20917.413,0.29
2024.09.10 10:00:00,GBPUSD,-0.83,0.09,0.29,3.222222,-2.6744,20914.7385,0.29
2024.09.10 16:50:44,EURUSD,276.74,0.29,0.62,2.137931,591.651,21506.3896,0.62
2024.09.10 16:50:44,EURUSD,-194.8,0.29,0.62,2.137931,-416.469,21089.9206,0.62
2024.09.10 17:00:00,EURUSD,-2.24,0.29,0.63,2.172414,-4.8662,21085.0544,0.63
2024.09.11 15:46:05,EURUSD,41.56,0.29,0.63,2.172414,90.2855,21175.3399,0.63
2024.09.11 16:00:00,EURUSD,-2.24,0.29,0.64,2.206897,-4.9434,21170.3965,0.64
2024.09.12 22:30:34,GBPUSD,8.71,0.09,0.29,3.222222,28.0656,21198.462,0.29
2024.09.13 15:00:00,GBPUSD,-0.83,0.09,0.3,3.333333,-2.7667,21195.6954,0.3
2024.09.17 17:00:00,EURUSD,-2.26,0.29,0.64,2.206897,-4.9876,21190.7078,0.64
2024.09.17 17:00:00,GBPUSD,-0.83,0.09,0.3,3.333333,-2.7667,21187.9411,0.3
2024.09.20 17:00:00,GBPUSD,-0.84,0.09,0.3,3.333333,-2.8,21185.1411,0.3
2024.09.25 18:00:00,EURUSD,-2.27,0.29,0.64,2.206897,-5.0097,21180.1315,0.64
2024.10.01 13:35:24,EURUSD,250.34,0.29,0.64,2.206897,552.4745,21732.6059,0.64
2024.10.01 13:35:24,EURUSD,77.21,0.29,0.64,2.206897,170.3945,21903.0004,0.64
2024.10.01 13:35:25,EURUSD,-203.22,0.29,0.64,2.206897,-448.4855,21454.5149,0.64
2024.10.03 08:22:21,GBPUSD,84.31,0.09,0.3,3.333333,281.0333,21735.5482,0.3
2024.10.03 08:22:21,GBPUSD,-0.92,0.09,0.3,3.333333,-3.0667,21732.4816,0.3
2024.10.03 08:22:21,GBPUSD,-60.05,0.09,0.3,3.333333,-200.1667,21532.3149,0.3
2024.10.04 11:00:00,GBPUSD,-0.83,0.09,0.3,3.333333,-2.7667,21529.5482,0.3
2024.10.04 12:52:25,GBPUSD,7.99,0.09,0.3,3.333333,26.6333,21556.1816,0.3
2024.10.04 16:00:00,GBPUSD,-0.82,0.09,0.3,3.333333,-2.7333,21553.4482,0.3
2024.10.07 12:24:17,GBPUSD,8.09,0.09,0.3,3.333333,26.9667,21580.4149,0.3
2024.10.08 08:00:00,EURUSD,-2.23,0.29,0.65,2.241379,-4.9983,21575.4166,0.65
2024.10.11 11:00:00,GBPUSD,-0.82,0.09,0.3,3.333333,-2.7333,21572.6833,0.3
2024.10.15 11:46:52,GBPUSD,8.45,0.09,0.3,3.333333,28.1667,21600.85,0.3
2024.10.15 12:00:00,EURUSD,-2.21,0.29,0.65,2.241379,-4.9534,21595.8965,0.65
2024.10.16 10:00:00,GBPUSD,-0.82,0.09,0.3,3.333333,-2.7333,21593.1632,0.3
2024.10.16 22:46:41,GBPUSD,8.27,0.09,0.3,3.333333,27.5667,21620.7298,0.3
2024.10.17 15:00:00,GBPUSD,-0.82,0.09,0.3,3.333333,-2.7333,21617.9965,0.3
2024.10.18 05:41:04,GBPUSD,8.18,0.09,0.3,3.333333,27.2667,21645.2632,0.3
2024.10.18 15:00:00,EURUSD,-2.2,0.29,0.65,2.241379,-4.931,21640.3321,0.65
2024.10.18 19:00:00,GBPUSD,-0.82,0.09,0.3,3.333333,-2.7333,21637.5988,0.3
2024.10.21 17:23:20,GBPUSD,8.36,0.09,0.3,3.333333,27.8667,21665.4655,0.3
2024.10.22 10:00:00,GBPUSD,-0.82,0.09,0.3,3.333333,-2.7333,21662.7321,0.3
2024.10.23 09:38:27,USDCHF,70.74,0.11,0.31,2.818182,199.3582,21862.0903,0.31
2024.10.23 09:38:27,USDCHF,8.74,0.11,0.31,2.818182,24.6309,21886.7212,0.31
2024.10.23 09:38:27,USDCHF,-61.63,0.11,0.31,2.818182,-173.6845,21713.0367,0.31
2024.10.23 09:40:00,USDCHF,-0.77,0.11,0.33,3.0,-2.31,21710.7267,0.33
2024.10.23 10:02:05,USDCHF,5.82,0.11,0.33,3.0,17.46,21728.1867,0.33
2024.10.23 10:50:00,USDCHF,-0.77,0.11,0.33,3.0,-2.31,21725.8767,0.33
2024.10.23 11:38:07,USDCHF,5.7,0.11,0.33,3.0,17.1,21742.9767,0.33
2024.10.23 12:25:00,USDCHF,-0.77,0.11,0.33,3.0,-2.31,21740.6667,0.33
2024.10.23 15:18:34,USDCHF,5.57,0.11,0.33,3.0,16.71,21757.3767,0.33
2024.10.23 17:25:00,USDCHF,-0.77,0.11,0.33,3.0,-2.31,21755.0667,0.33
2024.10.23 18:10:06,USDCHF,5.7,0.11,0.33,3.0,17.1,21772.1667,0.33
2024.10.23 20:10:02,USDCHF,-0.77,0.11,0.33,3.0,-2.31,21769.8567,0.33
2024.10.24 11:00:00,EURUSD,-2.19,0.29,0.65,2.241379,-4.9086,21764.9481,0.65
2024.10.24 11:00:00,GBPUSD,-0.82,0.09,0.3,3.333333,-2.7333,21762.2147,0.3
2024.10.25 15:43:08,GBPUSD,28.52,0.09,0.3,3.333333,95.0667,21857.2814,0.3
2024.10.25 15:43:08,GBPUSD,-12.16,0.09,0.3,3.333333,-40.5333,21816.7481,0.3
2024.10.25 23:00:00,GBPUSD,-0.82,0.09,0.31,3.444444,-2.8244,21813.9236,0.31
2024.10.28 00:01:24,USDCHF,5.95,0.11,0.33,3.0,17.85,21831.7736,0.33
2024.10.28 05:25:00,USDCHF,-0.77,0.11,0.33,3.0,-2.31,21829.4636,0.33
2024.10.28 05:57:11,GBPUSD,8.0,0.09,0.31,3.444444,27.5556,21857.0192,0.31
2024.10.28 10:00:49,USDCHF,5.82,0.11,0.33,3.0,17.46,21874.4792,0.33
2024.10.28 12:00:00,GBPUSD,-0.82,0.09,0.31,3.444444,-2.8244,21871.6547,0.31
2024.10.28 14:03:18,GBPUSD,8.36,0.09,0.31,3.444444,28.7956,21900.4503,0.31
2024.10.28 15:35:01,USDCHF,-0.77,0.11,0.33,3.0,-2.31,21898.1403,0.33
2024.10.28 15:41:08,USDCHF,5.7,0.11,0.33,3.0,17.1,21915.2403,0.33
2024.10.28 17:30:05,USDCHF,-0.77,0.11,0.33,3.0,-2.31,21912.9303,0.33
2024.10.29 03:02:23,USDCHF,5.72,0.11,0.33,3.0,17.16,21930.0903,0.33
2024.10.29 03:20:00,USDCHF,-0.77,0.11,0.33,3.0,-2.31,21927.7803,0.33
2024.10.29 09:09:45,USDCHF,5.59,0.11,0.33,3.0,16.77,21944.5503,0.33
2024.10.29 12:10:02,USDCHF,-0.77,0.11,0.33,3.0,-2.31,21942.2403,0.33
2024.10.30 14:00:00,GBPUSD,-0.82,0.09,0.31,3.444444,-2.8244,21939.4158,0.31
2024.10.30 14:50:12,GBPUSD,8.0,0.09,0.31,3.444444,27.5556,21966.9714,0.31
2024.10.30 19:00:00,GBPUSD,-0.82,0.09,0.31,3.444444,-2.8244,21964.147,0.31
2024.10.31 09:46:45,USDCHF,5.72,0.11,0.33,3.0,17.16,21981.307,0.33
2024.10.31 10:10:00,USDCHF,-0.77,0.11,0.33,3.0,-2.31,21978.997,0.33
2024.10.31 10:16:24,USDCHF,5.96,0.11,0.33,3.0,17.88,21996.877,0.33
2024.10.31 13:10:00,USDCHF,-0.77,0.11,0.33,3.0,-2.31,21994.567,0.33
2024.10.31 16:30:16,USDCHF,5.85,0.11,0.33,3.0,17.55,22012.117,0.33
2024.10.31 17:20:00,USDCHF,-0.77,0.11,0.33,3.0,-2.31,22009.807,0.33
2024.11.01 10:30:20,USDCHF,6.97,0.11,0.33,3.0,20.91,22030.717,0.33
2024.11.01 14:05:00,USDCHF,-0.77,0.11,0.33,3.0,-2.31,22028.407,0.33
2024.11.01 15:00:00,GBPUSD,-0.81,0.09,0.31,3.444444,-2.79,22025.617,0.31
2024.11.01 15:30:01,USDCHF,6.46,0.11,0.33,3.0,19.38,22044.997,0.33
2024.11.01 15:38:33,EURUSD,301.13,0.29,0.65,2.241379,674.9466,22719.9435,0.65
2024.11.01 15:38:34,EURUSD,149.46,0.29,0.65,2.241379,334.9966,23054.9401,0.65
2024.11.01 15:38:34,EURUSD,-30.63,0.29,0.65,2.241379,-68.6534,22986.2866,0.65
2024.11.01 15:38:34,EURUSD,-248.13,0.29,0.65,2.241379,-556.1534,22430.1332,0.65
2024.11.01 16:00:00,EURUSD,-2.29,0.3,0.67,2.233333,-5.1143,22425.0188,0.67
2024.11.01 16:30:00,USDCHF,-0.77,0.11,0.34,3.090909,-2.38,22422.6388,0.34
2024.11.01 16:37:26,USDCHF,5.7,0.11,0.34,3.090909,17.6182,22440.257,0.34
2024.11.01 16:40:32,GBPUSD,49.58,0.09,0.31,3.444444,170.7756,22611.0326,0.31
2024.11.01 16:40:32,GBPUSD,-32.68,0.09,0.31,3.444444,-112.5644,22498.4681,0.31
2024.11.01 21:30:02,USDCHF,-0.77,0.11,0.34,3.090909,-2.38,22496.0881,0.34
2024.11.04 00:00:09,USDCHF,29.15,0.11,0.34,3.090909,90.1,22586.1881,0.34
2024.11.04 05:39:25,EURUSD,42.71,0.3,0.67,2.233333,95.3857,22681.5738,0.67
2024.11.04 06:55:00,USDCHF,-0.77,0.11,0.34,3.090909,-2.38,22679.1938,0.34
2024.11.04 08:45:56,USDCHF,5.84,0.11,0.34,3.090909,18.0509,22697.2447,0.34
2024.11.04 09:35:01,USDCHF,-0.77,0.11,0.34,3.090909,-2.38,22694.8647,0.34
2024.11.04 10:11:55,USDCHF,5.72,0.11,0.34,3.090909,17.68,22712.5447,0.34
2024.11.04 14:15:00,USDCHF,-0.77,0.11,0.34,3.090909,-2.38,22710.1647,0.34
2024.11.04 15:25:03,USDCHF,5.73,0.11,0.34,3.090909,17.7109,22727.8756,0.34
2024.11.04 16:05:00,USDCHF,-0.77,0.11,0.34,3.090909,-2.38,22725.4956,0.34
2024.11.04 17:01:10,USDCHF,5.99,0.11,0.34,3.090909,18.5145,22744.0102,0.34
2024.11.04 17:55:00,USDCHF,-0.77,0.11,0.34,3.090909,-2.38,22741.6302,0.34
2024.11.04 19:00:00,GBPUSD,-0.82,0.09,0.32,3.555556,-2.9156,22738.7146,0.32
2024.11.04 19:01:25,USDCHF,5.73,0.11,0.34,3.090909,17.7109,22756.4255,0.34
2024.11.04 22:00:02,EURUSD,-2.28,0.3,0.68,2.266667,-5.168,22751.2575,0.68
2024.11.05 02:15:00,USDCHF,-0.77,0.11,0.34,3.090909,-2.38,22748.8775,0.34
2024.11.05 10:25:18,USDCHF,5.6,0.11,0.34,3.090909,17.3091,22766.1866,0.34
2024.11.05 14:25:00,USDCHF,-0.77,0.11,0.34,3.090909,-2.38,22763.8066,0.34
2024.11.05 14:52:37,USDCHF,5.73,0.11,0.34,3.090909,17.7109,22781.5175,0.34
2024.11.05 19:05:00,USDCHF,-0.77,0.11,0.34,3.090909,-2.38,22779.1375,0.34
2024.11.05 20:03:54,USDCHF,5.61,0.11,0.34,3.090909,17.34,22796.4775,0.34
2024.11.05 21:00:01,USDCHF,-0.77,0.11,0.34,3.090909,-2.38,22794.0975,0.34
2024.11.05 22:36:40,USDCHF,5.85,0.11,0.34,3.090909,18.0818,22812.1793,0.34
2024.11.06 01:10:00,USDCHF,-0.77,0.11,0.34,3.090909,-2.38,22809.7993,0.34
2024.11.06 01:18:45,USDCHF,5.85,0.11,0.34,3.090909,18.0818,22827.8811,0.34
2024.11.06 01:55:00,USDCHF,-0.77,0.11,0.34,3.090909,-2.38,22825.5011,0.34
2024.11.06 01:56:39,USDCHF,5.74,0.11,0.34,3.090909,17.7418,22843.243,0.34
2024.11.06 02:15:00,USDCHF,-0.77,0.11,0.34,3.090909,-2.38,22840.863,0.34
2024.11.06 02:19:10,USDCHF,5.72,0.11,0.34,3.090909,17.68,22858.543,0.34
2024.11.06 02:32:17,EURUSD,43.32,0.3,0.68,2.266667,98.192,22956.735,0.68
2024.11.06 03:00:00,EURUSD,-2.28,0.3,0.69,2.3,-5.244,22951.491,0.69
2024.11.06 03:06:16,EURUSD,43.33,0.3,0.69,2.3,99.659,23051.15,0.69
2024.11.06 04:31:54,GBPUSD,8.64,0.09,0.32,3.555556,30.72,23081.87,0.32
2024.11.06 07:05:00,USDCHF,-0.77,0.11,0.35,3.181818,-2.45,23079.42,0.35
2024.11.06 07:07:16,USDCHF,6.18,0.11,0.35,3.181818,19.6636,23099.0836,0.35
2024.11.06 08:25:00,USDCHF,-0.77,0.11,0.35,3.181818,-2.45,23096.6336,0.35
2024.11.06 08:37:59,USDCHF,5.78,0.11,0.35,3.181818,18.3909,23115.0245,0.35
2024.11.06 17:00:00,USDCHF,-0.77,0.11,0.35,3.181818,-2.45,23112.5745,0.35
2024.11.06 17:00:43,USDCHF,5.64,0.11,0.35,3.181818,17.9455,23130.52,0.35
2024.11.06 18:45:00,USDCHF,-0.77,0.11,0.35,3.181818,-2.45,23128.07,0.35
2024.11.07 02:36:54,USDCHF,5.63,0.11,0.35,3.181818,17.9136,23145.9836,0.35
2024.11.07 03:50:00,USDCHF,-0.77,0.11,0.35,3.181818,-2.45,23143.5336,0.35
2024.11.07 04:34:26,USDCHF,5.64,0.11,0.35,3.181818,17.9455,23161.4791,0.35
2024.11.07 06:10:00,USDCHF,-0.77,0.11,0.35,3.181818,-2.45,23159.0291,0.35
2024.11.07 08:00:00,GBPUSD,-0.81,0.09,0.32,3.555556,-2.88,23156.1491,0.32
2024.11.07 09:12:49,GBPUSD,8.18,0.09,0.32,3.555556,29.0844,23185.2335,0.32
2024.11.07 11:00:00,EURUSD,-2.26,0.3,0.7,2.333333,-5.2733,23179.9602,0.7
2024.11.07 12:51:40,USDCHF,6.25,0.11,0.35,3.181818,19.8864,23199.8465,0.35
2024.11.07 13:30:00,USDCHF,-0.77,0.11,0.35,3.181818,-2.45,23197.3965,0.35
2024.11.07 14:43:40,USDCHF,5.63,0.11,0.35,3.181818,17.9136,23215.3102,0.35
2024.11.07 15:08:13,EURUSD,43.94,0.3,0.7,2.333333,102.5267,23317.8368,0.7
2024.11.07 18:20:00,USDCHF,-0.77,0.11,0.35,3.181818,-2.45,23315.3868,0.35
2024.11.07 21:00:20,USDCHF,7.04,0.11,0.35,3.181818,22.4,23337.7868,0.35
2024.11.07 22:05:00,USDCHF,-0.77,0.11,0.35,3.181818,-2.45,23335.3368,0.35
2024.11.07 22:14:25,USDCHF,5.54,0.11,0.35,3.181818,17.6273,23352.9641,0.35
2024.11.08 01:05:00,USDCHF,-0.77,0.11,0.35,3.181818,-2.45,23350.5141,0.35
2024.11.08 02:42:20,USDCHF,5.53,0.11,0.35,3.181818,17.5955,23368.1096,0.35
2024.11.08 04:15:00,USDCHF,-0.77,0.11,0.35,3.181818,-2.45,23365.6596,0.35
2024.11.08 10:34:42,USDCHF,5.54,0.11,0.35,3.181818,17.6273,23383.2868,0.35
2024.11.08 14:15:00,USDCHF,-0.77,0.11,0.35,3.181818,-2.45,23380.8368,0.35
2024.11.08 14:25:22,USDCHF,5.54,0.11,0.35,3.181818,17.6273,23398.4641,0.35
2024.11.08 16:00:00,EURUSD,-2.26,0.3,0.7,2.333333,-5.2733,23393.1908,0.7
2024.11.08 16:00:00,GBPUSD,-0.82,0.09,0.33,3.666667,-3.0067,23390.1841,0.33
2024.11.08 16:30:00,USDCHF,-0.77,0.11,0.35,3.181818,-2.45,23387.7341,0.35
2024.11.08 17:02:10,GBPUSD,8.19,0.09,0.33,3.666667,30.03,23417.7641,0.33
2024.11.08 18:09:24,EURUSD,43.05,0.3,0.7,2.333333,100.45,23518.2141,0.7
2024.11.11 07:55:00,USDCHF,-0.77,0.11,0.35,3.181818,-2.45,23515.7641,0.35
2024.11.12 10:05:00,USDCHF,-0.77,0.11,0.35,3.181818,-2.45,23513.3141,0.35
2024.11.13 14:00:00,EURUSD,-2.23,0.3,0.71,2.366667,-5.2777,23508.0364,0.71
2024.11.13 15:30:09,EURUSD,42.16,0.3,0.71,2.366667,99.7787,23607.8151,0.71
2024.11.13 17:00:00,EURUSD,-2.22,0.3,0.71,2.366667,-5.254,23602.5611,0.71
2024.11.13 17:06:40,EURUSD,43.08,0.3,0.71,2.366667,101.956,23704.5171,0.71
2024.11.14 17:00:00,EURUSD,-2.29,0.31,0.71,2.290323,-5.2448,23699.2723,0.71
2024.11.14 17:00:00,GBPUSD,-0.8,0.09,0.33,3.666667,-2.9333,23696.3389,0.33
2024.11.14 17:12:48,EURUSD,44.83,0.31,0.71,2.290323,102.6752,23799.0141,0.71
2024.11.14 17:18:53,GBPUSD,8.29,0.09,0.33,3.666667,30.3967,23829.4108,0.33
2024.11.15 17:00:00,EURUSD,-2.29,0.31,0.71,2.290323,-5.2448,23824.1659,0.71
2024.11.15 17:00:00,GBPUSD,-0.8,0.09,0.33,3.666667,-2.9333,23821.2326,0.33
2024.11.15 17:17:47,GBPUSD,8.2,0.09,0.33,3.666667,30.0667,23851.2993,0.33
2024.11.18 19:00:00,GBPUSD,-0.8,0.09,0.33,3.666667,-2.9333,23848.3659,0.33
2024.11.18 20:27:25,GBPUSD,8.2,0.09,0.33,3.666667,30.0667,23878.4326,0.33
2024.11.19 12:00:00,GBPUSD,-0.8,0.09,0.33,3.666667,-2.9333,23875.4993,0.33
2024.11.20 17:51:13,EURUSD,44.84,0.31,0.71,2.290323,102.6981,23978.1973,0.71
2024.11.21 18:02:49,GBPUSD,8.48,0.09,0.33,3.666667,31.0933,24009.2907,0.33
2024.11.25 01:00:00,EURUSD,-2.27,0.31,0.72,2.322581,-5.2723,24004.0184,0.72
2024.11.25 01:00:00,GBPUSD,-0.79,0.09,0.34,3.777778,-2.9844,24001.0339,0.34
2024.11.25 01:29:20,EURUSD,45.15,0.31,0.72,2.322581,104.8645,24105.8985,0.72
2024.11.25 02:18:49,GBPUSD,8.12,0.09,0.34,3.777778,30.6756,24136.574,0.34
2024.11.25 18:00:00,GBPUSD,-0.79,0.09,0.34,3.777778,-2.9844,24133.5896,0.34
2024.11.26 01:43:15,GBPUSD,8.21,0.09,0.34,3.777778,31.0156,24164.6051,0.34
2024.11.26 02:00:00,EURUSD,-2.27,0.31,0.72,2.322581,-5.2723,24159.3329,0.72
2024.11.26 02:15:48,EURUSD,49.82,0.31,0.72,2.322581,115.711,24275.0438,0.72
2024.11.26 12:00:00,EURUSD,-2.28,0.31,0.73,2.354839,-5.369,24269.6748,0.73
2024.11.26 13:00:00,GBPUSD,-0.79,0.09,0.34,3.777778,-2.9844,24266.6904,0.34
2024.11.26 14:14:26,EURUSD,47.32,0.31,0.73,2.354839,111.431,24378.1213,0.73
2024.11.26 14:17:34,GBPUSD,8.21,0.09,0.34,3.777778,31.0156,24409.1369,0.34
2024.11.26 19:00:00,GBPUSD,-0.79,0.09,0.34,3.777778,-2.9844,24406.1524,0.34
2024.11.26 19:17:34,GBPUSD,8.84,0.09,0.34,3.777778,33.3956,24439.548,0.34
2024.11.26 20:00:00,EURUSD,-2.27,0.31,0.73,2.354839,-5.3455,24434.2025,0.73
2024.11.27 10:00:00,GBPUSD,-0.79,0.09,0.34,3.777778,-2.9844,24431.2181,0.34
2024.11.27 10:07:04,GBPUSD,8.3,0.09,0.34,3.777778,31.3556,24462.5736,0.34
2024.11.29 12:00:00,GBPUSD,-0.8,0.09,0.34,3.777778,-3.0222,24459.5514,0.34
2024.11.29 12:42:05,GBPUSD,8.38,0.09,0.34,3.777778,31.6578,24491.2092,0.34
2024.11.29 19:00:00,EURUSD,-2.29,0.31,0.73,2.354839,-5.3926,24485.8166,0.73
2024.11.29 22:00:00,GBPUSD,-0.8,0.09,0.34,3.777778,-3.0222,24482.7944,0.34
2024.12.02 16:25:57,EURUSD,162.33,0.31,0.73,2.354839,382.261,24865.0553,0.73
2024.12.02 16:25:57,EURUSD,-73.27,0.31,0.73,2.354839,-172.539,24692.5163,0.73
2024.12.03 11:00:00,EURUSD,-2.36,0.32,0.74,2.3125,-5.4575,24687.0588,0.74
2024.12.03 11:00:00,GBPUSD,-0.8,0.09,0.35,3.888889,-3.1111,24683.9477,0.35
2024.12.04 17:25:25,EURUSD,48.52,0.32,0.74,2.3125,112.2025,24796.1502,0.74
2024.12.04 20:00:00,EURUSD,-2.36,0.32,0.74,2.3125,-5.4575,24790.6927,0.74
2024.12.05 09:08:20,GBPUSD,30.43,0.09,0.35,3.888889,118.3389,24909.0316,0.35
2024.12.05 09:08:20,GBPUSD,-13.85,0.09,0.34,3.777778,-52.3222,24856.7094,0.34
2024.12.05 15:30:03,EURUSD,46.28,0.32,0.74,2.3125,107.0225,24963.7319,0.74
2024.12.06 15:30:01,USDCHF,82.0,0.11,0.35,3.181818,260.9091,25224.641,0.35
2024.12.06 15:30:01,USDCHF,38.0,0.11,0.35,3.181818,120.9091,25345.5501,0.35
2024.12.06 15:30:01,USDCHF,-29.56,0.11,0.35,3.181818,-94.0545,25251.4955,0.35
2024.12.06 16:40:00,USDCHF,-0.77,0.11,0.38,3.454545,-2.66,25248.8355,0.38
2024.12.06 17:00:26,USDCHF,5.5,0.11,0.38,3.454545,19.0,25267.8355,0.38
2024.12.06 18:00:00,GBPUSD,-0.8,0.09,0.35,3.888889,-3.1111,25264.7244,0.35
2024.12.06 18:04:30,GBPUSD,8.38,0.09,0.35,3.888889,32.5889,25297.3133,0.35
2024.12.06 20:00:00,EURUSD,-2.36,0.32,0.76,2.375,-5.605,25291.7083,0.76
2024.12.06 22:00:00,USDCHF,-0.77,0.11,0.38,3.454545,-2.66,25289.0483,0.38
2024.12.09 06:04:34,EURUSD,45.96,0.32,0.76,2.375,109.155,25398.2033,0.76
2024.12.09 10:00:00,EURUSD,-2.37,0.32,0.76,2.375,-5.6288,25392.5745,0.76
2024.12.09 10:00:00,GBPUSD,-0.8,0.09,0.36,4.0,-3.2,25389.3745,0.36
2024.12.09 11:04:55,GBPUSD,8.29,0.09,0.36,4.0,33.16,25422.5345,0.36
2024.12.09 12:09:35,EURUSD,46.91,0.32,0.76,2.375,111.4113,25533.9458,0.76
2024.12.09 13:13:09,USDCHF,5.62,0.11,0.38,3.454545,19.4145,25553.3603,0.38
2024.12.09 13:50:02,USDCHF,-0.77,0.11,0.38,3.454545,-2.66,25550.7003,0.38
2024.12.09 14:46:04,USDCHF,5.86,0.11,0.38,3.454545,20.2436,25570.944,0.38
2024.12.09 15:30:00,USDCHF,-0.77,0.11,0.38,3.454545,-2.66,25568.284,0.38
2024.12.09 15:42:13,USDCHF,5.74,0.11,0.38,3.454545,19.8291,25588.1131,0.38
2024.12.09 18:40:00,USDCHF,-0.77,0.11,0.38,3.454545,-2.66,25585.4531,0.38
2024.12.09 19:27:55,USDCHF,5.62,0.11,0.38,3.454545,19.4145,25604.8676,0.38
2024.12.09 23:05:07,USDCHF,-0.77,0.11,0.38,3.454545,-2.66,25602.2076,0.38
2024.12.10 04:08:55,USDCHF,5.49,0.11,0.38,3.454545,18.9655,25621.1731,0.38
2024.12.10 09:15:07,USDCHF,-0.77,0.11,0.38,3.454545,-2.66,25618.5131,0.38
2024.12.10 09:46:01,USDCHF,5.74,0.11,0.38,3.454545,19.8291,25638.3421,0.38
2024.12.10 11:00:00,EURUSD,-2.36,0.32,0.77,2.40625,-5.6787,25632.6634,0.77
2024.12.10 12:35:00,USDCHF,-0.77,0.11,0.38,3.454545,-2.66,25630.0034,0.38
2024.12.10 14:25:26,EURUSD,45.96,0.32,0.77,2.40625,110.5913,25740.5946,0.77
2024.12.11 10:00:00,GBPUSD,-0.8,0.09,0.36,4.0,-3.2,25737.3946,0.36
2024.12.11 10:35:01,USDCHF,-0.77,0.11,0.39,3.545455,-2.73,25734.6646,0.39
2024.12.11 12:07:06,GBPUSD,8.2,0.09,0.36,4.0,32.8,25767.4646,0.36
2024.12.11 15:45:00,USDCHF,32.8,0.11,0.39,3.545455,116.2909,25883.7556,0.39
2024.12.11 15:45:00,USDCHF,-21.86,0.11,0.38,3.454545,-75.5164,25808.2392,0.38
2024.12.11 16:00:00,GBPUSD,-0.8,0.09,0.36,4.0,-3.2,25805.0392,0.36
2024.12.11 17:25:02,USDCHF,-0.77,0.11,0.39,3.545455,-2.73,25802.3092,0.39
2024.12.11 17:34:00,USDCHF,5.57,0.11,0.39,3.545455,19.7482,25822.0574,0.39
2024.12.11 18:45:00,USDCHF,-0.77,0.11,0.39,3.545455,-2.73,25819.3274,0.39
2024.12.12 09:08:47,GBPUSD,8.28,0.09,0.36,4.0,33.12,25852.4474,0.36
2024.12.12 09:08:56,USDCHF,5.46,0.11,0.39,3.545455,19.3582,25871.8056,0.39
2024.12.12 10:15:01,USDCHF,-0.77,0.11,0.39,3.545455,-2.73,25869.0756,0.39
2024.12.12 10:29:57,USDCHF,39.21,0.11,0.39,3.545455,139.0173,26008.0928,0.39
2024.12.12 13:00:00,GBPUSD,-0.8,0.09,0.36,4.0,-3.2,26004.8928,0.36
2024.12.12 13:35:00,USDCHF,-0.84,0.12,0.39,3.25,-2.73,26002.1628,0.39
2024.12.12 14:09:25,GBPUSD,8.02,0.09,0.36,4.0,32.08,26034.2428,0.36
2024.12.13 03:00:00,USDCHF,-0.84,0.12,0.39,3.25,-2.73,26031.5128,0.39
2024.12.13 12:00:00,EURUSD,-2.35,0.32,0.78,2.4375,-5.7281,26025.7847,0.78
2024.12.13 14:40:07,EURUSD,48.53,0.32,0.78,2.4375,118.2919,26144.0766,0.78
2024.12.16 13:00:00,EURUSD,-2.35,0.32,0.78,2.4375,-5.7281,26138.3485,0.78
2024.12.16 16:00:00,GBPUSD,-0.8,0.09,0.37,4.111111,-3.2889,26135.0596,0.37
2024.12.16 17:26:48,GBPUSD,8.29,0.09,0.37,4.111111,34.0811,26169.1407,0.37
2024.12.17 12:35:00,USDCHF,-0.84,0.12,0.39,3.25,-2.73,26166.4107,0.39
2024.12.18 17:50:06,EURUSD,45.97,0.32,0.78,2.4375,112.0519,26278.4626,0.78
2024.12.18 18:00:00,EURUSD,-2.35,0.32,0.79,2.46875,-5.8016,26272.661,0.79
2024.12.18 21:00:23,EURUSD,45.98,0.32,0.79,2.46875,113.5131,26386.1741,0.79
2024.12.18 22:00:00,GBPUSD,-0.79,0.09,0.37,4.111111,-3.2478,26382.9263,0.37
2024.12.18 22:05:56,GBPUSD,8.75,0.09,0.37,4.111111,35.9722,26418.8986,0.37
2024.12.19 11:00:00,GBPUSD,-0.8,0.09,0.37,4.111111,-3.2889,26415.6097,0.37
2024.12.19 11:18:52,GBPUSD,8.29,0.09,0.37,4.111111,34.0811,26449.6908,0.37
2024.12.19 16:00:00,GBPUSD,-0.79,0.09,0.37,4.111111,-3.2478,26446.443,0.37
2024.12.19 16:48:58,GBPUSD,8.57,0.09,0.37,4.111111,35.2322,26481.6752,0.37
2024.12.20 10:00:00,EURUSD,-2.4,0.33,0.79,2.393939,-5.7455,26475.9298,0.79
2024.12.20 10:24:22,EURUSD,47.43,0.33,0.79,2.393939,113.5445,26589.4743,0.79
2024.12.20 16:00:00,GBPUSD,-0.79,0.09,0.37,4.111111,-3.2478,26586.2265,0.37
2024.12.20 18:19:46,GBPUSD,8.3,0.09,0.37,4.111111,34.1222,26620.3488,0.37
2024.12.23 10:00:00,EURUSD,-2.41,0.33,0.8,2.424242,-5.8424,26614.5063,0.8
2024.12.23 12:37:02,EURUSD,48.09,0.33,0.8,2.424242,116.5818,26731.0882,0.8
2024.12.23 13:00:00,GBPUSD,-0.79,0.09,0.37,4.111111,-3.2478,26727.8404,0.37
2024.12.23 13:33:21,GBPUSD,8.21,0.09,0.37,4.111111,33.7522,26761.5926,0.37
2024.12.24 16:00:00,GBPUSD,-0.79,0.09,0.37,4.111111,-3.2478,26758.3448,0.37
2024.12.26 19:00:00,EURUSD,-2.41,0.33,0.8,2.424242,-5.8424,26752.5024,0.8
2024.12.27 13:55:25,EURUSD,47.09,0.33,0.8,2.424242,114.1576,26866.66,0.8
2024.12.27 16:48:01,GBPUSD,8.3,0.09,0.37,4.111111,34.1222,26900.7822,0.37
2024.12.30 11:00:00,EURUSD,-2.41,0.33,0.81,2.454545,-5.9155,26894.8667,0.81
2024.12.30 15:57:50,EURUSD,48.42,0.33,0.81,2.454545,118.8491,27013.7158,0.81
2024.12.30 16:00:00,EURUSD,-2.4,0.33,0.81,2.454545,-5.8909,27007.8249,0.81
2024.12.30 16:00:00,GBPUSD,-0.79,0.09,0.38,4.222222,-3.3356,27004.4894,0.38
2024.12.30 16:38:01,GBPUSD,8.48,0.09,0.38,4.222222,35.8044,27040.2938,0.38
2024.12.30 17:52:44,EURUSD,47.43,0.33,0.81,2.454545,116.4191,27156.7129,0.81
2025.01.03 12:00:01,EURUSD,-2.38,0.33,0.81,2.454545,-5.8418,27150.8711,0.81
2025.01.03 17:06:18,EURUSD,47.45,0.33,0.81,2.454545,116.4682,27267.3393,0.81
2025.01.03 19:00:00,GBPUSD,-0.78,0.09,0.38,4.222222,-3.2933,27264.0459,0.38
2025.01.03 19:08:54,GBPUSD,8.4,0.09,0.38,4.222222,35.4667,27299.5126,0.38
2025.01.07 15:00:00,EURUSD,-2.4,0.33,0.82,2.484848,-5.9636,27293.549,0.82
2025.01.07 17:00:16,EURUSD,47.76,0.33,0.82,2.484848,118.6764,27412.2253,0.82
2025.01.07 18:00:00,GBPUSD,-0.79,0.09,0.38,4.222222,-3.3356,27408.8898,0.38
2025.01.07 18:30:43,GBPUSD,8.3,0.09,0.38,4.222222,35.0444,27443.9342,0.38
2025.01.10 15:00:00,EURUSD,-2.45,0.34,0.82,2.411765,-5.9088,27438.0254,0.82
2025.01.10 15:00:00,GBPUSD,-0.78,0.09,0.38,4.222222,-3.2933,27434.7321,0.38
2025.01.14 00:03:41,GBPUSD,-0.77,0.09,0.38,4.222222,-3.2511,27431.4809,0.38
2025.01.14 01:00:00,EURUSD,-2.44,0.34,0.82,2.411765,-5.8847,27425.5962,0.82
2025.01.14 18:09:08,EURUSD,119.27,0.34,0.82,2.411765,287.6512,27713.2474,0.82
2025.01.14 18:09:08,EURUSD,-20.81,0.34,0.82,2.411765,-50.1888,27663.0586,0.82
2025.01.15 15:30:01,GBPUSD,56.11,0.09,0.38,4.222222,236.9089,27899.9675,0.38
2025.01.15 15:30:01,GBPUSD,-34.61,0.09,0.38,4.222222,-146.1311,27753.8364,0.38
2025.01.15 19:00:00,EURUSD,-2.45,0.34,0.83,2.441176,-5.9809,27747.8555,0.83
2025.01.16 12:00:00,GBPUSD,-0.77,0.09,0.39,4.333333,-3.3367,27744.5188,0.39
2025.01.16 14:43:50,EURUSD,48.56,0.34,0.83,2.441176,118.5435,27863.0624,0.83
2025.01.16 15:11:26,GBPUSD,8.59,0.09,0.39,4.333333,37.2233,27900.2857,0.39
2025.01.16 19:00:00,GBPUSD,-0.77,0.09,0.39,4.333333,-3.3367,27896.949,0.39
2025.01.16 19:18:31,GBPUSD,8.86,0.09,0.39,4.333333,38.3933,27935.3424,0.39
2025.01.17 10:00:00,GBPUSD,-0.77,0.09,0.39,4.333333,-3.3367,27932.0057,0.39
2025.01.17 16:15:59,GBPUSD,8.59,0.09,0.39,4.333333,37.2233,27969.229,0.39
2025.01.20 06:00:00,EURUSD,-2.45,0.34,0.84,2.470588,-6.0529,27963.1761,0.84
2025.01.20 09:00:00,GBPUSD,-0.77,0.09,0.39,4.333333,-3.3367,27959.8394,0.39
2025.01.20 12:34:48,EURUSD,49.22,0.34,0.84,2.470588,121.6024,28081.4418,0.84
2025.01.20 15:30:10,GBPUSD,8.77,0.09,0.39,4.333333,38.0033,28119.4451,0.39
2025.01.20 16:00:00,GBPUSD,-0.77,0.09,0.39,4.333333,-3.3367,28116.1084,0.39
2025.01.20 16:41:37,GBPUSD,8.58,0.09,0.39,4.333333,37.18,28153.2884,0.39
2025.01.21 11:00:00,GBPUSD,-0.77,0.09,0.39,4.333333,-3.3367,28149.9518,0.39
2025.01.21 11:16:57,GBPUSD,8.59,0.09,0.39,4.333333,37.2233,28187.1751,0.39
2025.01.21 12:00:00,EURUSD,-2.46,0.34,0.85,2.5,-6.15,28181.0251,0.85
2025.01.21 19:00:00,GBPUSD,-0.78,0.09,0.39,4.333333,-3.38,28177.6451,0.39
2025.01.21 23:00:59,GBPUSD,8.31,0.09,0.39,4.333333,36.01,28213.6551,0.39
2025.01.22 18:00:00,GBPUSD,-0.78,0.09,0.39,4.333333,-3.38,28210.2751,0.39
2025.01.22 18:15:54,GBPUSD,8.31,0.09,0.39,4.333333,36.01,28246.2851,0.39
2025.01.23 00:00:00,EURUSD,-2.48,0.34,0.85,2.5,-6.2,28240.0851,0.85
2025.01.23 17:00:00,GBPUSD,-0.78,0.09,0.4,4.444444,-3.4667,28236.6184,0.4
2025.01.23 18:21:21,GBPUSD,8.76,0.09,0.4,4.444444,38.9333,28275.5518,0.4
2025.01.27 04:00:00,EURUSD,-2.49,0.34,0.85,2.5,-6.225,28269.3268,0.85
2025.01.28 05:00:00,GBPUSD,-0.78,0.09,0.4,4.444444,-3.4667,28265.8601,0.4
2025.01.28 06:34:40,GBPUSD,8.58,0.09,0.4,4.444444,38.1333,28303.9934,0.4
2025.01.29 15:11:04,EURUSD,236.21,0.34,0.85,2.5,590.525,28894.5184,0.85
2025.01.29 15:11:04,EURUSD,49.21,0.34,0.85,2.5,123.025,29017.5434,0.85
2025.01.29 15:11:04,EURUSD,-139.49,0.34,0.85,2.5,-348.725,28668.8184,0.85
2025.01.30 11:00:00,GBPUSD,-0.78,0.09,0.4,4.444444,-3.4667,28665.3518,0.4
2025.01.30 15:57:36,GBPUSD,9.02,0.09,0.4,4.444444,40.0889,28705.4407,0.4
2025.01.30 16:00:00,EURUSD,-2.56,0.35,0.86,2.457143,-6.2903,28699.1504,0.86
2025.01.31 00:13:28,GBPUSD,-0.87,0.1,0.4,4.0,-3.48,28695.6704,0.4
2025.01.31 11:00:06,GBPUSD,9.53,0.1,0.4,4.0,38.12,28733.7904,0.4
2025.01.31 20:00:00,GBPUSD,-0.87,0.1,0.4,4.0,-3.48,28730.3104,0.4
2025.02.03 16:00:00,GBPUSD,-0.87,0.1,0.4,4.0,-3.48,28726.8304,0.4
2025.02.03 17:42:20,GBPUSD,54.93,0.1,0.4,4.0,219.72,28946.5504,0.4
2025.02.03 17:42:20,GBPUSD,-33.77,0.1,0.4,4.0,-135.08,28811.4704,0.4
2025.02.03 18:00:00,EURUSD,-2.46,0.34,0.86,2.529412,-6.2224,28805.248,0.86
2025.02.05 09:26:20,EURUSD,290.26,0.34,0.86,2.529412,734.1871,29539.4351,0.86
2025.02.05 09:26:20,EURUSD,-190.5,0.35,0.86,2.457143,-468.0857,29071.3494,0.86
2025.02.06 08:00:00,GBPUSD,-0.87,0.1,0.41,4.1,-3.567,29067.7824,0.41
2025.02.06 09:35:57,GBPUSD,10.63,0.1,0.41,4.1,43.583,29111.3654,0.41
2025.02.06 11:00:00,EURUSD,-2.54,0.35,0.87,2.485714,-6.3137,29105.0516,0.87
2025.02.07 11:00:00,GBPUSD,-0.87,0.1,0.41,4.1,-3.567,29101.4846,0.41
2025.02.07 15:30:01,GBPUSD,11.33,0.1,0.41,4.1,46.453,29147.9376,0.41
2025.02.07 15:32:55,EURUSD,51.01,0.35,0.87,2.485714,126.7963,29274.7339,0.87
2025.02.07 16:00:00,EURUSD,-2.54,0.35,0.88,2.514286,-6.3863,29268.3476,0.88
2025.02.07 17:53:34,EURUSD,50.31,0.35,0.88,2.514286,126.4937,29394.8414,0.88
2025.02.07 18:00:00,GBPUSD,-0.87,0.1,0.41,4.1,-3.567,29391.2744,0.41
2025.02.07 18:01:15,GBPUSD,9.63,0.1,0.41,4.1,39.483,29430.7574,0.41
2025.02.11 11:00:01,EURUSD,-2.53,0.35,0.88,2.514286,-6.3611,29424.3962,0.88
2025.02.11 15:00:00,GBPUSD,-0.87,0.1,0.41,4.1,-3.567,29420.8292,0.41
2025.02.11 15:36:10,GBPUSD,9.13,0.1,0.41,4.1,37.433,29458.2622,0.41
2025.02.11 16:31:26,EURUSD,50.32,0.35,0.88,2.514286,126.5189,29584.7811,0.88
2025.02.12 16:00:00,EURUSD,-2.53,0.35,0.89,2.542857,-6.4334,29578.3476,0.89
2025.02.12 16:00:00,GBPUSD,-0.87,0.1,0.41,4.1,-3.567,29574.7806,0.41
2025.02.12 16:06:09,GBPUSD,9.23,0.1,0.41,4.1,37.843,29612.6236,0.41
2025.02.12 20:00:00,GBPUSD,-0.87,0.1,0.41,4.1,-3.567,29609.0566,0.41
2025.02.13 06:08:26,GBPUSD,9.63,0.1,0.41,4.1,39.483,29648.5396,0.41
2025.02.13 15:00:00,EURUSD,-2.55,0.35,0.89,2.542857,-6.4843,29642.0554,0.89
2025.02.17 11:00:00,EURUSD,-2.57,0.35,0.89,2.542857,-6.5351,29635.5202,0.89
2025.02.18 13:00:00,GBPUSD,-0.88,0.1,0.41,4.1,-3.608,29631.9122,0.41
2025.02.18 15:05:05,GBPUSD,10.02,0.1,0.41,4.1,41.082,29672.9942,0.41
2025.02.19 01:00:00,GBPUSD,-0.88,0.1,0.42,4.2,-3.696,29669.2982,0.42
2025.02.20 18:09:21,GBPUSD,9.21,0.1,0.42,4.2,38.682,29707.9802,0.42
2025.02.21 15:00:00,GBPUSD,-0.88,0.1,0.42,4.2,-3.696,29704.2842,0.42
2025.02.21 20:25:23,GBPUSD,9.32,0.1,0.42,4.2,39.144,29743.4282,0.42
2025.02.24 04:00:00,GBPUSD,-0.89,0.1,0.42,4.2,-3.738,29739.6902,0.42
2025.02.24 04:39:25,GBPUSD,9.41,0.1,0.42,4.2,39.522,29779.2122,0.42
2025.02.24 12:00:00,GBPUSD,-0.88,0.1,0.42,4.2,-3.696,29775.5162,0.42
2025.02.24 12:06:53,GBPUSD,9.22,0.1,0.42,4.2,38.724,29814.2402,0.42
2025.02.25 14:00:00,GBPUSD,-0.89,0.1,0.42,4.2,-3.738,29810.5022,0.42
2025.02.25 15:09:25,GBPUSD,9.11,0.1,0.42,4.2,38.262,29848.7642,0.42
2025.02.26 07:00:00,GBPUSD,-0.88,0.1,0.42,4.2,-3.696,29845.0682,0.42
2025.02.27 15:54:01,GBPUSD,9.12,0.1,0.42,4.2,38.304,29883.3722,0.42
2025.02.27 16:00:00,GBPUSD,-0.88,0.1,0.42,4.2,-3.696,29879.6762,0.42
2025.02.27 18:03:03,GBPUSD,9.02,0.1,0.42,4.2,37.884,29917.5602,0.42
2025.02.28 04:14:51,EURUSD,314.56,0.35,0.89,2.542857,799.8811,30717.4414,0.89
2025.02.28 04:14:51,EURUSD,17.76,0.35,0.89,2.542857,45.1611,30762.6025,0.89
2025.02.28 04:14:51,EURUSD,-181.39,0.35,0.89,2.542857,-461.2489,30301.3536,0.89
2025.03.03 02:00:00,EURUSD,-2.62,0.36,0.91,2.527778,-6.6228,30294.7309,0.91
2025.03.03 04:00:00,GBPUSD,-0.88,0.1,0.42,4.2,-3.696,30291.0349,0.42
2025.03.03 11:34:53,GBPUSD,9.42,0.1,0.42,4.2,39.564,30330.5989,0.42
2025.03.03 11:55:45,EURUSD,52.45,0.36,0.91,2.527778,132.5819,30463.1808,0.91
2025.03.04 11:33:55,USDCHF,76.61,0.12,0.39,3.25,248.9825,30712.1633,0.39
2025.03.04 11:33:55,USDCHF,9.8,0.12,0.39,3.25,31.85,30744.0133,0.39
2025.03.04 11:33:56,USDCHF,-68.6,0.12,0.39,3.25,-222.95,30521.0633,0.39
2025.03.04 12:05:00,USDCHF,-0.84,0.12,0.46,3.833333,-3.22,30517.8433,0.46
2025.03.05 12:15:00,USDCHF,-0.84,0.12,0.46,3.833333,-3.22,30514.6233,0.46
2025.03.05 15:04:01,USDCHF,41.1,0.12,0.46,3.833333,157.55,30672.1733,0.46
2025.03.05 15:04:02,USDCHF,-28.75,0.12,0.46,3.833333,-110.2083,30561.965,0.46
2025.03.05 15:25:00,USDCHF,-0.84,0.12,0.46,3.833333,-3.22,30558.745,0.46
2025.03.05 15:28:31,USDCHF,6.05,0.12,0.46,3.833333,23.1917,30581.9366,0.46
2025.03.05 16:35:00,USDCHF,-0.84,0.12,0.46,3.833333,-3.22,30578.7166,0.46
2025.03.05 17:07:40,USDCHF,6.17,0.12,0.46,3.833333,23.6517,30602.3683,0.46
2025.03.05 18:45:00,USDCHF,-0.84,0.12,0.46,3.833333,-3.22,30599.1483,0.46
2025.03.06 06:30:01,USDCHF,-0.84,0.12,0.46,3.833333,-3.22,30595.9283,0.46
2025.03.06 09:36:48,USDCHF,35.46,0.12,0.46,3.833333,135.93,30731.8583,0.46
2025.03.06 09:36:48,USDCHF,-23.37,0.12,0.46,3.833333,-89.585,30642.2733,0.46
2025.03.06 10:05:00,USDCHF,-0.84,0.12,0.46,3.833333,-3.22,30639.0533,0.46
2025.03.06 17:20:00,USDCHF,-0.84,0.12,0.46,3.833333,-3.22,30635.8333,0.46
2025.03.07 12:05:00,USDCHF,-0.84,0.12,0.46,3.833333,-3.22,30632.6133,0.46
2025.03.10 12:00:00,EURUSD,-2.72,0.36,0.92,2.555556,-6.9511,30625.6622,0.92
2025.03.10 12:00:00,GBPUSD,-0.9,0.1,0.43,4.3,-3.87,30621.7922,0.43
2025.03.10 21:17:00,GBPUSD,9.3,0.1,0.43,4.3,39.99,30661.7822,0.43
2025.03.10 22:00:00,GBPUSD,-0.9,0.1,0.43,4.3,-3.87,30657.9122,0.43
2025.03.12 16:00:00,EURUSD,-2.74,0.36,0.92,2.555556,-7.0022,30650.91,0.92
2025.03.12 17:21:00,USDCHF,84.03,0.12,0.46,3.833333,322.115,30973.025,0.46
2025.03.12 17:21:00,USDCHF,-1.52,0.12,0.46,3.833333,-5.8267,30967.1983,0.46
2025.03.12 17:21:00,USDCHF,-64.56,0.12,0.46,3.833333,-247.48,30719.7183,0.46
2025.03.12 17:50:00,USDCHF,-0.84,0.12,0.46,3.833333,-3.22,30716.4983,0.46
2025.03.12 20:13:19,USDCHF,6.23,0.12,0.46,3.833333,23.8817,30740.38,0.46
2025.03.13 02:30:00,USDCHF,-0.84,0.12,0.46,3.833333,-3.22,30737.16,0.46
2025.03.13 09:59:18,USDCHF,5.96,0.12,0.46,3.833333,22.8467,30760.0066,0.46
2025.03.13 10:00:00,USDCHF,-0.84,0.12,0.46,3.833333,-3.22,30756.7866,0.46
2025.03.13 10:01:33,USDCHF,5.96,0.12,0.46,3.833333,22.8467,30779.6333,0.46
2025.03.13 11:15:00,USDCHF,-0.84,0.12,0.46,3.833333,-3.22,30776.4133,0.46
2025.03.13 15:00:00,GBPUSD,-0.91,0.1,0.43,4.3,-3.913,30772.5003,0.43
2025.03.13 15:47:24,EURUSD,174.39,0.36,0.92,2.555556,445.6633,31218.1636,0.92
2025.03.13 15:47:24,EURUSD,-70.77,0.36,0.92,2.555556,-180.8567,31037.307,0.92
2025.03.14 14:00:00,EURUSD,-2.75,0.36,0.93,2.583333,-7.1042,31030.2028,0.93
2025.03.14 15:23:38,EURUSD,51.25,0.36,0.93,2.583333,132.3958,31162.5986,0.93
2025.03.17 18:10:43,USDCHF,6.25,0.12,0.46,3.833333,23.9583,31186.557,0.46
2025.03.17 19:00:00,USDCHF,-0.84,0.12,0.47,3.916667,-3.29,31183.267,0.47
2025.03.18 09:32:40,USDCHF,6.37,0.12,0.47,3.916667,24.9492,31208.2161,0.47
2025.03.18 09:55:00,USDCHF,-0.84,0.12,0.47,3.916667,-3.29,31204.9261,0.47
2025.03.18 10:19:14,USDCHF,6.11,0.12,0.47,3.916667,23.9308,31228.857,0.47
2025.03.18 14:50:00,USDCHF,-0.84,0.12,0.47,3.916667,-3.29,31225.567,0.47
2025.03.18 15:31:16,USDCHF,6.25,0.12,0.47,3.916667,24.4792,31250.0461,0.47
2025.03.18 16:00:00,EURUSD,-2.75,0.36,0.94,2.611111,-7.1806,31242.8656,0.94
2025.03.18 16:15:00,USDCHF,-0.84,0.12,0.47,3.916667,-3.29,31239.5756,0.47
2025.03.18 17:18:49,USDCHF,6.12,0.12,0.47,3.916667,23.97,31263.5456,0.47
2025.03.19 00:55:17,USDCHF,-0.84,0.12,0.47,3.916667,-3.29,31260.2556,0.47
2025.03.19 10:00:00,GBPUSD,-0.91,0.1,0.44,4.4,-4.004,31256.2516,0.44
2025.03.19 10:36:18,EURUSD,51.61,0.36,0.94,2.611111,134.7594,31391.011,0.94
2025.03.19 12:47:56,USDCHF,6.27,0.12,0.47,3.916667,24.5575,31415.5685,0.47
2025.03.19 13:50:01,USDCHF,-0.84,0.12,0.47,3.916667,-3.29,31412.2785,0.47
2025.03.19 21:41:47,USDCHF,6.13,0.12,0.47,3.916667,24.0092,31436.2877,0.47
2025.03.20 03:30:00,USDCHF,-0.84,0.12,0.47,3.916667,-3.29,31432.9977,0.47
2025.03.20 10:36:08,USDCHF,6.14,0.12,0.47,3.916667,24.0483,31457.046,0.47
2025.03.20 11:20:00,USDCHF,-0.84,0.12,0.47,3.916667,-3.29,31453.756,0.47
2025.03.20 18:55:00,USDCHF,-0.84,0.12,0.47,3.916667,-3.29,31450.466,0.47
2025.03.21 15:00:00,EURUSD,-2.73,0.36,0.94,2.611111,-7.1283,31443.3377,0.94
2025.03.21 18:50:34,GBPUSD,60.5,0.1,0.44,4.4,266.2,31709.5377,0.44
2025.03.21 18:50:34,GBPUSD,14.9,0.1,0.43,4.3,64.07,31773.6077,0.43
2025.03.21 18:50:34,GBPUSD,-46.8,0.1,0.43,4.3,-201.24,31572.3677,0.43
2025.03.24 13:00:00,GBPUSD,-0.91,0.1,0.44,4.4,-4.004,31568.3637,0.44
2025.03.24 13:19:51,GBPUSD,9.49,0.1,0.44,4.4,41.756,31610.1197,0.44
2025.03.24 17:00:00,GBPUSD,-0.9,0.1,0.44,4.4,-3.96,31606.1597,0.44
2025.03.24 19:30:22,GBPUSD,9.1,0.1,0.44,4.4,40.04,31646.1997,0.44
2025.03.25 14:00:00,GBPUSD,-0.91,0.1,0.44,4.4,-4.004,31642.1957,0.44
2025.03.25 20:01:51,GBPUSD,9.09,0.1,0.44,4.4,39.996,31682.1917,0.44
2025.03.26 11:00:00,GBPUSD,-0.9,0.1,0.44,4.4,-3.96,31678.2317,0.44
2025.03.26 11:12:44,GBPUSD,9.3,0.1,0.44,4.4,40.92,31719.1517,0.44
2025.03.27 08:00:00,GBPUSD,-0.9,0.1,0.44,4.4,-3.96,31715.1917,0.44
2025.03.27 13:53:18,GBPUSD,8.89,0.1,0.44,4.4,39.116,31754.3077,0.44
2025.03.27 15:00:00,EURUSD,-2.72,0.36,0.95,2.638889,-7.1778,31747.1299,0.95
2025.03.28 18:10:12,EURUSD,170.43,0.36,0.95,2.638889,449.7458,32196.8758,0.95
2025.03.28 18:10:13,EURUSD,-57.81,0.36,0.94,2.611111,-150.9483,32045.9274,0.94
2025.03.31 03:36:36,USDCHF,48.85,0.12,0.47,3.916667,191.3292,32237.2566,0.47
2025.03.31 03:36:37,USDCHF,-35.93,0.12,0.47,3.916667,-140.7258,32096.5308,0.47
2025.03.31 04:55:10,USDCHF,-0.84,0.12,0.48,4.0,-3.36,32093.1708,0.48
2025.03.31 09:00:52,USDCHF,6.12,0.12,0.48,4.0,24.48,32117.6508,0.48
2025.03.31 09:30:00,USDCHF,-0.84,0.12,0.48,4.0,-3.36,32114.2908,0.48
2025.03.31 10:05:49,USDCHF,5.99,0.12,0.48,4.0,23.96,32138.2508,0.48
2025.03.31 10:30:00,USDCHF,-0.84,0.12,0.48,4.0,-3.36,32134.8908,0.48
2025.03.31 10:38:35,USDCHF,6.11,0.12,0.48,4.0,24.44,32159.3308,0.48
2025.03.31 13:00:00,GBPUSD,-0.9,0.1,0.45,4.5,-4.05,32155.2808,0.45
2025.03.31 14:10:00,USDCHF,-0.84,0.12,0.48,4.0,-3.36,32151.9208,0.48
2025.03.31 17:21:53,GBPUSD,9.3,0.1,0.45,4.5,41.85,32193.7708,0.45
2025.03.31 19:00:00,EURUSD,-2.8,0.37,0.97,2.621622,-7.3405,32186.4302,0.97
2025.04.01 14:42:45,EURUSD,55.3,0.37,0.97,2.621622,144.9757,32331.4059,0.97
2025.04.02 13:00:00,GBPUSD,-0.91,0.1,0.45,4.5,-4.095,32327.3109,0.45
2025.04.02 16:00:00,EURUSD,-2.8,0.37,0.97,2.621622,-7.3405,32319.9703,0.97
2025.04.02 17:42:28,EURUSD,54.17,0.37,0.97,2.621622,142.0132,32461.9836,0.97
2025.04.02 17:46:00,GBPUSD,9.19,0.1,0.45,4.5,41.355,32503.3386,0.45
2025.04.03 01:48:36,USDCHF,5.98,0.12,0.48,4.0,23.92,32527.2586,0.48
2025.04.03 02:05:00,USDCHF,-0.84,0.12,0.49,4.083333,-3.43,32523.8286,0.49
2025.04.03 02:06:46,USDCHF,5.99,0.12,0.49,4.083333,24.4592,32548.2878,0.49
2025.04.03 03:25:00,USDCHF,-0.84,0.12,0.49,4.083333,-3.43,32544.8578,0.49
2025.04.03 13:45:00,USDCHF,-0.84,0.12,0.49,4.083333,-3.43,32541.4278,0.49
2025.04.03 18:25:00,USDCHF,-0.84,0.12,0.49,4.083333,-3.43,32537.9978,0.49
2025.04.03 23:00:00,GBPUSD,-0.92,0.1,0.46,4.6,-4.232,32533.7658,0.46
2025.04.04 09:37:35,GBPUSD,9.08,0.1,0.46,4.6,41.768,32575.5338,0.46
2025.04.04 11:00:00,EURUSD,-2.85,0.37,0.98,2.648649,-7.5486,32567.9851,0.98
2025.04.04 11:00:46,EURUSD,53.02,0.37,0.98,2.648649,140.4314,32708.4165,0.98
2025.04.04 14:00:11,EURGBP,71.21,0.07,0.25,3.571429,254.3214,32962.7379,0.25
2025.04.04 14:00:11,EURGBP,25.59,0.07,0.25,3.571429,91.3929,33054.1307,0.25
2025.04.04 14:00:12,EURGBP,-17.2,0.07,0.25,3.571429,-61.4286,32992.7022,0.25
2025.04.04 14:00:12,EURGBP,-63.73,0.07,0.25,3.571429,-227.6071,32765.095,0.25
2025.04.04 15:45:00,EURGBP,-0.54,0.07,0.39,5.571429,-3.0086,32762.0865,0.39
2025.04.04 16:16:25,EURGBP,4.1,0.07,0.39,5.571429,22.8429,32784.9293,0.39
2025.04.04 17:15:00,EURGBP,-0.54,0.07,0.39,5.571429,-3.0086,32781.9207,0.39
2025.04.04 17:22:02,EURGBP,4.08,0.07,0.39,5.571429,22.7314,32804.6522,0.39
2025.04.04 18:45:00,EURGBP,-0.54,0.07,0.39,5.571429,-3.0086,32801.6436,0.39
2025.04.04 19:37:27,EURGBP,4.07,0.07,0.39,5.571429,22.6757,32824.3193,0.39
2025.04.04 21:00:00,EURGBP,-0.54,0.07,0.39,5.571429,-3.0086,32821.3107,0.39
2025.04.04 21:19:34,EURGBP,3.98,0.07,0.39,5.571429,22.1743,32843.485,0.39
2025.04.04 22:45:00,EURGBP,-0.54,0.07,0.39,5.571429,-3.0086,32840.4765,0.39
2025.04.07 00:01:38,EURGBP,4.79,0.07,0.39,5.571429,26.6871,32867.1636,0.39
2025.04.07 00:09:22,EURGBP,-0.53,0.07,0.39,5.571429,-2.9529,32864.2107,0.39
2025.04.07 00:32:21,EURGBP,4.05,0.07,0.39,5.571429,22.5643,32886.775,0.39
2025.04.07 02:50:00,EURGBP,-0.54,0.07,0.39,5.571429,-3.0086,32883.7665,0.39
2025.04.07 08:55:55,EURGBP,3.98,0.07,0.39,5.571429,22.1743,32905.9407,0.39
2025.04.07 09:00:00,EURGBP,-0.54,0.07,0.39,5.571429,-3.0086,32902.9322,0.39
2025.04.07 17:16:51,USDCHF,124.0,0.12,0.49,4.083333,506.3333,33409.2655,0.49
2025.04.07 17:16:51,USDCHF,59.64,0.12,0.49,4.083333,243.53,33652.7955,0.49
2025.04.07 17:16:52,USDCHF,-164.58,0.12,0.49,4.083333,-672.035,32980.7605,0.49
2025.04.07 18:30:00,EURGBP,-0.54,0.07,0.4,5.714286,-3.0857,32977.6748,0.4
2025.04.07 18:30:00,USDCHF,-0.84,0.12,0.49,4.083333,-3.43,32974.2448,0.49
2025.04.07 20:24:43,USDCHF,6.72,0.12,0.49,4.083333,27.44,33001.6848,0.49
2025.04.07 23:05:00,USDCHF,-0.84,0.12,0.5,4.166667,-3.5,32998.1848,0.5
2025.04.07 23:14:53,USDCHF,6.28,0.12,0.5,4.166667,26.1667,33024.3515,0.5
2025.04.08 08:00:00,EURUSD,-2.84,0.37,0.99,2.675676,-7.5989,33016.7525,0.99
2025.04.08 08:10:00,USDCHF,-0.84,0.12,0.5,4.166667,-3.5,33013.2525,0.5
2025.04.08 08:37:32,USDCHF,6.29,0.12,0.5,4.166667,26.2083,33039.4609,0.5
2025.04.08 09:05:01,USDCHF,-0.84,0.12,0.5,4.166667,-3.5,33035.9609,0.5
2025.04.08 09:20:50,USDCHF,6.87,0.12,0.5,4.166667,28.625,33064.5859,0.5
2025.04.08 09:44:12,EURUSD,53.02,0.37,0.99,2.675676,141.8643,33206.4502,0.99
2025.04.08 10:25:00,USDCHF,-0.84,0.12,0.5,4.166667,-3.5,33202.9502,0.5
2025.04.08 10:30:38,USDCHF,7.14,0.12,0.5,4.166667,29.75,33232.7002,0.5
2025.04.08 12:35:00,USDCHF,-0.84,0.12,0.5,4.166667,-3.5,33229.2002,0.5
2025.04.08 12:54:36,USDCHF,6.3,0.12,0.5,4.166667,26.25,33255.4502,0.5
2025.04.08 13:00:00,EURUSD,-2.83,0.37,1.0,2.702703,-7.6486,33247.8016,1.0
2025.04.08 16:45:00,USDCHF,-0.84,0.12,0.5,4.166667,-3.5,33244.3016,0.5
2025.04.08 17:00:12,USDCHF,6.45,0.12,0.5,4.166667,26.875,33271.1766,0.5
2025.04.08 17:04:59,EURGBP,26.84,0.07,0.4,5.714286,153.3714,33424.548,0.4
2025.04.08 17:04:59,EURGBP,-18.78,0.07,0.39,5.571429,-104.6314,33319.9166,0.39
2025.04.08 17:23:33,EURUSD,55.27,0.37,1.0,2.702703,149.3784,33469.2949,1.0
2025.04.08 18:50:00,USDCHF,-0.84,0.12,0.5,4.166667,-3.5,33465.7949,0.5
2025.04.08 19:31:27,USDCHF,6.45,0.12,0.5,4.166667,26.875,33492.6699,0.5
2025.04.08 20:00:00,EURGBP,-0.54,0.07,0.4,5.714286,-3.0857,33489.5842,0.4
2025.04.08 20:43:11,EURGBP,4.02,0.07,0.4,5.714286,22.9714,33512.5556,0.4
2025.04.08 22:10:00,EURGBP,-0.54,0.07,0.4,5.714286,-3.0857,33509.4699,0.4
2025.04.08 22:50:00,USDCHF,-0.84,0.12,0.5,4.166667,-3.5,33505.9699,0.5
2025.04.08 23:15:37,USDCHF,6.23,0.12,0.5,4.166667,25.9583,33531.9283,0.5
2025.04.08 23:50:00,USDCHF,-0.84,0.12,0.5,4.166667,-3.5,33528.4283,0.5
2025.04.09 00:52:31,USDCHF,6.67,0.12,0.5,4.166667,27.7917,33556.2199,0.5
2025.04.09 04:00:00,EURUSD,-2.85,0.37,1.01,2.72973,-7.7797,33548.4402,1.01
2025.04.09 04:00:00,GBPUSD,-0.9,0.1,0.47,4.7,-4.23,33544.2102,0.47
2025.04.09 04:03:15,GBPUSD,9.4,0.1,0.47,4.7,44.18,33588.3902,0.47
2025.04.09 04:16:40,EURUSD,49.68,0.37,1.01,2.72973,135.613,33724.0032,1.01
2025.04.09 04:40:00,USDCHF,-0.84,0.12,0.51,4.25,-3.57,33720.4332,0.51
2025.04.09 05:15:26,USDCHF,6.4,0.12,0.51,4.25,27.2,33747.6332,0.51
2025.04.09 06:05:00,USDCHF,-0.84,0.12,0.51,4.25,-3.57,33744.0632,0.51
2025.04.09 06:10:26,USDCHF,6.27,0.12,0.51,4.25,26.6475,33770.7107,0.51
2025.04.09 08:10:00,USDCHF,-0.84,0.12,0.51,4.25,-3.57,33767.1407,0.51
2025.04.09 08:37:43,USDCHF,6.85,0.12,0.51,4.25,29.1125,33796.2532,0.51
2025.04.09 09:10:00,EURGBP,-0.54,0.07,0.41,5.857143,-3.1629,33793.0903,0.41
2025.04.09 12:20:00,USDCHF,-0.84,0.12,0.51,4.25,-3.57,33789.5203,0.51
2025.04.09 12:36:20,USDCHF,6.72,0.12,0.51,4.25,28.56,33818.0803,0.51
2025.04.09 16:10:00,USDCHF,-0.84,0.12,0.51,4.25,-3.57,33814.5103,0.51
2025.04.09 16:12:21,USDCHF,6.6,0.12,0.51,4.25,28.05,33842.5603,0.51
2025.04.09 18:00:00,GBPUSD,-0.89,0.1,0.47,4.7,-4.183,33838.3773,0.47
2025.04.09 20:11:03,GBPUSD,9.21,0.1,0.47,4.7,43.287,33881.6643,0.47
2025.04.09 20:24:52,EURGBP,25.65,0.07,0.41,5.857143,150.2357,34031.9,0.41
2025.04.09 20:24:52,EURGBP,-14.93,0.07,0.4,5.714286,-85.3143,33946.5857,0.4
2025.04.09 20:25:00,EURGBP,-0.54,0.07,0.41,5.857143,-3.1629,33943.4229,0.41
2025.04.09 20:25:17,EURGBP,4.02,0.07,0.41,5.857143,23.5457,33966.9686,0.41
2025.04.09 20:55:00,EURGBP,-0.54,0.07,0.41,5.857143,-3.1629,33963.8057,0.41
2025.04.09 20:57:09,EURGBP,3.94,0.07,0.41,5.857143,23.0771,33986.8829,0.41
2025.04.09 21:00:00,EURUSD,-2.92,0.38,1.02,2.684211,-7.8379,33979.045,1.02
2025.04.09 21:03:09,EURUSD,54.84,0.38,1.02,2.684211,147.2021,34126.2471,1.02
2025.04.10 01:05:00,EURGBP,-0.54,0.07,0.41,5.857143,-3.1629,34123.0842,0.41
2025.04.10 01:22:32,EURGBP,3.95,0.07,0.41,5.857143,23.1357,34146.22,0.41
2025.04.10 02:40:00,USDCHF,-0.84,0.12,0.51,4.25,-3.57,34142.65,0.51
2025.04.10 03:00:00,EURGBP,-0.54,0.07,0.41,5.857143,-3.1629,34139.4871,0.41
2025.04.10 03:28:38,EURGBP,3.95,0.07,0.41,5.857143,23.1357,34162.6228,0.41
2025.04.10 03:40:00,EURGBP,-0.54,0.07,0.41,5.857143,-3.1629,34159.46,0.41
2025.04.10 05:33:03,EURGBP,3.95,0.07,0.41,5.857143,23.1357,34182.5957,0.41
2025.04.10 07:45:00,EURGBP,-0.54,0.07,0.41,5.857143,-3.1629,34179.4328,0.41
2025.04.10 09:54:00,USDCHF,6.3,0.12,0.51,4.25,26.775,34206.2078,0.51
2025.04.10 10:00:00,GBPUSD,-0.9,0.1,0.48,4.8,-4.32,34201.8878,0.48
2025.04.10 10:15:00,USDCHF,-0.84,0.12,0.51,4.25,-3.57,34198.3178,0.51
2025.04.10 10:15:59,USDCHF,7.17,0.12,0.51,4.25,30.4725,34228.7903,0.51
2025.04.10 10:22:39,EURGBP,3.96,0.07,0.41,5.857143,23.1943,34251.9846,0.41
2025.04.10 10:35:00,EURGBP,-0.54,0.07,0.41,5.857143,-3.1629,34248.8217,0.41
2025.04.10 10:54:18,GBPUSD,9.4,0.1,0.48,4.8,45.12,34293.9417,0.48
2025.04.10 12:00:00,EURUSD,-2.94,0.38,1.03,2.710526,-7.9689,34285.9728,1.03
2025.04.10 12:58:51,EURUSD,55.2,0.38,1.03,2.710526,149.6211,34435.5938,1.03
2025.04.10 13:50:00,USDCHF,-0.84,0.12,0.52,4.333333,-3.64,34431.9538,0.52
2025.04.10 18:00:00,EURGBP,-0.55,0.07,0.41,5.857143,-3.2214,34428.7324,0.41
2025.04.10 22:20:00,USDCHF,-0.84,0.12,0.52,4.333333,-3.64,34425.0924,0.52
2025.04.11 03:35:00,EURGBP,-0.56,0.07,0.41,5.857143,-3.28,34421.8124,0.41
2025.04.11 04:10:00,USDCHF,-0.84,0.12,0.52,4.333333,-3.64,34418.1724,0.52
2025.04.14 15:21:22,EURGBP,70.36,0.07,0.41,5.857143,412.1086,34830.281,0.41
2025.04.14 15:21:23,EURGBP,5.34,0.07,0.41,5.857143,31.2771,34861.5581,0.41
2025.04.14 15:21:23,EURGBP,-62.62,0.07,0.41,5.857143,-366.7743,34494.7838,0.41
2025.04.14 16:05:00,EURGBP,-0.55,0.07,0.41,5.857143,-3.2214,34491.5624,0.41
2025.04.14 17:52:55,EURGBP,4.05,0.07,0.41,5.857143,23.7214,34515.2838,0.41
2025.04.14 17:55:00,EURGBP,-0.56,0.07,0.41,5.857143,-3.28,34512.0038,0.41
2025.04.14 19:22:04,EURGBP,4.23,0.07,0.41,5.857143,24.7757,34536.7796,0.41
2025.04.14 19:50:00,EURGBP,-0.56,0.07,0.41,5.857143,-3.28,34533.4996,0.41
2025.04.15 14:35:00,EURGBP,-0.55,0.07,0.41,5.857143,-3.2214,34530.2781,0.41
2025.04.15 16:00:00,EURUSD,-3.01,0.38,1.04,2.736842,-8.2379,34522.0402,1.04
2025.04.15 17:10:12,EURUSD,56.66,0.38,1.04,2.736842,155.0695,34677.1097,1.04
2025.04.16 07:00:00,EURUSD,-3.02,0.38,1.04,2.736842,-8.2653,34668.8444,1.04
2025.04.16 08:53:32,EURUSD,54.36,0.38,1.04,2.736842,148.7747,34817.6192,1.04
2025.04.16 18:13:40,EURGBP,28.93,0.07,0.41,5.857143,169.4471,34987.0663,0.41
2025.04.16 18:13:40,EURGBP,-20.68,0.07,0.41,5.857143,-121.1257,34865.9406,0.41
2025.04.16 20:35:00,EURGBP,-0.56,0.07,0.42,6.0,-3.36,34862.5806,0.42
2025.04.16 21:00:00,GBPUSD,-0.93,0.1,0.49,4.9,-4.557,34858.0236,0.49
2025.04.17 04:03:43,GBPUSD,9.28,0.1,0.49,4.9,45.472,34903.4956,0.49
2025.04.17 08:30:32,EURGBP,4.16,0.07,0.42,6.0,24.96,34928.4556,0.42
2025.04.17 10:00:00,EURGBP,-0.56,0.07,0.42,6.0,-3.36,34925.0956,0.42
2025.04.17 10:52:28,EURGBP,4.17,0.07,0.42,6.0,25.02,34950.1156,0.42
2025.04.17 11:35:00,EURGBP,-0.56,0.07,0.42,6.0,-3.36,34946.7556,0.42
2025.04.17 12:12:42,EURGBP,4.08,0.07,0.42,6.0,24.48,34971.2356,0.42
2025.04.17 15:00:00,EURGBP,-0.56,0.07,0.42,6.0,-3.36,34967.8756,0.42
2025.04.17 17:00:00,GBPUSD,-0.93,0.1,0.49,4.9,-4.557,34963.3186,0.49
2025.04.17 17:19:51,GBPUSD,9.07,0.1,0.49,4.9,44.443,35007.7616,0.49
2025.04.21 00:59:44,EURGBP,4.19,0.07,0.42,6.0,25.14,35032.9016,0.42
2025.04.21 03:45:00,EURGBP,-0.56,0.07,0.42,6.0,-3.36,35029.5416,0.42
2025.04.21 04:00:28,EURGBP,4.11,0.07,0.42,6.0,24.66,35054.2016,0.42
2025.04.21 05:30:00,EURGBP,-0.56,0.07,0.42,6.0,-3.36,35050.8416,0.42
2025.04.21 07:07:41,EURGBP,4.12,0.07,0.42,6.0,24.72,35075.5616,0.42
2025.04.21 08:15:10,EURGBP,-0.56,0.07,0.42,6.0,-3.36,35072.2016,0.42
2025.04.21 09:25:26,EURGBP,4.12,0.07,0.42,6.0,24.72,35096.9216,0.42
2025.04.21 09:50:01,EURGBP,-0.56,0.07,0.42,6.0,-3.36,35093.5616,0.42
2025.04.21 10:23:54,EURGBP,4.22,0.07,0.42,6.0,25.32,35118.8816,0.42
2025.04.21 10:45:00,EURGBP,-0.57,0.07,0.42,6.0,-3.42,35115.4616,0.42
2025.04.21 14:06:28,EURGBP,4.22,0.07,0.42,6.0,25.32,35140.7816,0.42
2025.04.21 16:10:00,EURGBP,-0.57,0.07,0.42,6.0,-3.42,35137.3616,0.42
2025.04.21 21:09:25,EURGBP,4.12,0.07,0.42,6.0,24.72,35162.0816,0.42
2025.04.21 23:15:01,EURGBP,-0.56,0.07,0.42,6.0,-3.36,35158.7216,0.42
2025.04.22 01:28:16,EURGBP,4.12,0.07,0.42,6.0,24.72,35183.4416,0.42
2025.04.22 02:50:00,EURGBP,-0.56,0.07,0.42,6.0,-3.36,35180.0816,0.42
2025.04.22 16:00:00,EURUSD,-3.05,0.38,1.06,2.789474,-8.5079,35171.5737,1.06
2025.04.22 19:00:57,EURUSD,56.99,0.38,1.06,2.789474,158.9721,35330.5458,1.06
2025.04.22 20:00:00,GBPUSD,-0.93,0.1,0.49,4.9,-4.557,35325.9888,0.49
2025.04.22 21:42:10,GBPUSD,10.77,0.1,0.49,4.9,52.773,35378.7618,0.49
2025.04.23 06:40:00,EURGBP,-0.56,0.07,0.42,6.0,-3.36,35375.4018,0.42
2025.04.23 23:06:30,USDCHF,140.23,0.12,0.52,4.333333,607.6633,35983.0652,0.52
2025.04.23 23:06:30,USDCHF,55.68,0.12,0.52,4.333333,241.28,36224.3452,0.52
2025.04.23 23:06:31,USDCHF,-177.03,0.12,0.52,4.333333,-767.13,35457.2152,0.52
2025.04.24 06:45:00,USDCHF,-0.84,0.12,0.53,4.416667,-3.71,35453.5052,0.53
2025.04.24 13:00:00,EURUSD,-3.03,0.38,1.06,2.789474,-8.4521,35445.0531,1.06
2025.04.24 15:00:00,GBPUSD,-0.93,0.1,0.5,5.0,-4.65,35440.4031,0.5
2025.04.24 17:10:49,GBPUSD,8.87,0.1,0.5,5.0,44.35,35484.7531,0.5
2025.04.25 03:25:48,USDCHF,6.39,0.12,0.53,4.416667,28.2225,35512.9756,0.53
2025.04.25 07:00:00,GBPUSD,-0.93,0.1,0.5,5.0,-4.65,35508.3256,0.5
2025.04.25 08:48:55,GBPUSD,8.97,0.1,0.5,5.0,44.85,35553.1756,0.5
2025.04.25 09:40:00,USDCHF,-0.84,0.12,0.53,4.416667,-3.71,35549.4656,0.53
2025.04.25 10:14:28,USDCHF,7.11,0.12,0.53,4.416667,31.4025,35580.8681,0.53
2025.04.25 15:30:00,USDCHF,-0.84,0.12,0.53,4.416667,-3.71,35577.1581,0.53
2025.04.25 15:32:41,USDCHF,6.53,0.12,0.53,4.416667,28.8408,35605.9989,0.53
2025.04.25 16:35:00,EURGBP,-0.56,0.07,0.43,6.142857,-3.44,35602.5589,0.43
2025.04.25 17:30:00,USDCHF,-0.84,0.12,0.53,4.416667,-3.71,35598.8489,0.53
2025.04.25 18:59:49,USDCHF,6.69,0.12,0.53,4.416667,29.5475,35628.3964,0.53
2025.04.25 20:00:01,USDCHF,-0.84,0.12,0.53,4.416667,-3.71,35624.6864,0.53
2025.04.28 09:40:11,USDCHF,6.54,0.12,0.53,4.416667,28.885,35653.5714,0.53
2025.04.28 12:00:00,GBPUSD,-0.93,0.1,0.5,5.0,-4.65,35648.9214,0.5
2025.04.28 12:02:42,GBPUSD,9.17,0.1,0.5,5.0,45.85,35694.7714,0.5
2025.04.28 12:05:04,USDCHF,-0.84,0.12,0.54,4.5,-3.78,35690.9914,0.54
2025.04.28 12:25:23,USDCHF,6.54,0.12,0.54,4.5,29.43,35720.4214,0.54
2025.04.28 14:05:01,USDCHF,-0.84,0.12,0.54,4.5,-3.78,35716.6414,0.54
2025.04.28 14:21:22,USDCHF,6.53,0.12,0.54,4.5,29.385,35746.0264,0.54
2025.04.28 15:00:00,USDCHF,-0.84,0.12,0.54,4.5,-3.78,35742.2464,0.54
2025.04.28 15:09:23,USDCHF,6.68,0.12,0.54,4.5,30.06,35772.3064,0.54
2025.04.28 16:00:00,USDCHF,-0.84,0.12,0.54,4.5,-3.78,35768.5264,0.54
2025.04.28 17:40:27,EURUSD,55.49,0.38,1.06,2.789474,154.7879,35923.3143,1.06
2025.04.28 20:00:00,EURUSD,-3.12,0.39,1.08,2.769231,-8.64,35914.6743,1.08
2025.04.29 01:20:03,USDCHF,-0.84,0.12,0.54,4.5,-3.78,35910.8943,0.54
2025.04.29 12:44:12,USDCHF,75.72,0.12,0.54,4.5,340.74,36251.6343,0.54
2025.04.29 12:44:12,USDCHF,-62.58,0.12,0.54,4.5,-281.61,35970.0243,0.54
2025.04.29 14:00:00,GBPUSD,-0.94,0.1,0.5,5.0,-4.7,35965.3243,0.5
2025.04.29 14:10:02,USDCHF,-0.84,0.12,0.54,4.5,-3.78,35961.5443,0.54
2025.04.29 15:31:16,USDCHF,6.58,0.12,0.54,4.5,29.61,35991.1543,0.54
2025.04.29 21:00:00,USDCHF,-0.84,0.12,0.54,4.5,-3.78,35987.3743,0.54
2025.04.29 21:19:14,USDCHF,6.73,0.12,0.54,4.5,30.285,36017.6593,0.54
2025.04.29 23:20:01,USDCHF,-0.84,0.12,0.54,4.5,-3.78,36013.8793,0.54
2025.04.30 04:20:10,USDCHF,6.6,0.12,0.54,4.5,29.7,36043.5793,0.54
2025.04.30 04:55:02,USDCHF,-0.84,0.12,0.54,4.5,-3.78,36039.7993,0.54
2025.04.30 04:58:49,USDCHF,6.59,0.12,0.54,4.5,29.655,36069.4543,0.54
2025.04.30 06:20:00,USDCHF,-0.84,0.12,0.54,4.5,-3.78,36065.6743,0.54
2025.04.30 11:23:04,GBPUSD,9.06,0.1,0.5,5.0,45.3,36110.9743,0.5
2025.04.30 15:46:28,USDCHF,6.6,0.12,0.54,4.5,29.7,36140.6743,0.54
2025.04.30 21:00:00,USDCHF,-0.84,0.12,0.54,4.5,-3.78,36136.8943,0.54
2025.04.30 21:07:05,USDCHF,6.59,0.12,0.54,4.5,29.655,36166.5493,0.54
2025.05.01 03:05:00,USDCHF,-0.84,0.12,0.54,4.5,-3.78,36162.7693,0.54
2025.05.01 12:00:00,GBPUSD,-0.93,0.1,0.51,5.1,-4.743,36158.0263,0.51
2025.05.01 13:38:22,GBPUSD,9.17,0.1,0.51,5.1,46.767,36204.7933,0.51
2025.05.01 14:00:00,EURUSD,-3.09,0.39,1.09,2.794872,-8.6362,36196.1571,1.09
2025.05.01 19:00:00,GBPUSD,-0.93,0.1,0.51,5.1,-4.743,36191.4141,0.51
2025.05.01 19:04:03,GBPUSD,9.27,0.1,0.51,5.1,47.277,36238.6911,0.51
2025.05.01 19:50:00,USDCHF,-0.84,0.12,0.54,4.5,-3.78,36234.9111,0.54
2025.05.02 08:29:11,USDCHF,48.43,0.12,0.54,4.5,217.935,36452.8461,0.54
2025.05.02 08:29:11,USDCHF,-35.62,0.12,0.54,4.5,-160.29,36292.5561,0.54
2025.05.02 13:45:00,USDCHF,-0.84,0.12,0.54,4.5,-3.78,36288.7761,0.54
2025.05.02 13:46:53,USDCHF,6.43,0.12,0.54,4.5,28.935,36317.7111,0.54
2025.05.02 14:40:00,USDCHF,-0.84,0.12,0.54,4.5,-3.78,36313.9311,0.54
2025.05.05 04:29:02,USDCHF,6.75,0.12,0.54,4.5,30.375,36344.3061,0.54
2025.05.05 06:15:07,USDCHF,-0.84,0.12,0.55,4.583333,-3.85,36340.4561,0.55
2025.05.05 08:45:18,USDCHF,7.17,0.12,0.55,4.583333,32.8625,36373.3186,0.55
2025.05.05 08:50:02,USDCHF,-0.84,0.12,0.55,4.583333,-3.85,36369.4686,0.55
2025.05.05 09:00:00,USDCHF,7.59,0.12,0.55,4.583333,34.7875,36404.2561,0.55
2025.05.05 11:45:00,USDCHF,-0.84,0.12,0.55,4.583333,-3.85,36400.4061,0.55
2025.05.05 12:04:37,USDCHF,6.58,0.12,0.55,4.583333,30.1583,36430.5645,0.55
2025.05.05 14:00:00,GBPUSD,-0.93,0.1,0.51,5.1,-4.743,36425.8215,0.51
2025.05.05 14:09:03,GBPUSD,9.07,0.1,0.51,5.1,46.257,36472.0785,0.51
2025.05.05 18:45:00,USDCHF,-0.84,0.12,0.55,4.583333,-3.85,36468.2285,0.55
2025.05.05 18:57:15,USDCHF,6.59,0.12,0.55,4.583333,30.2042,36498.4326,0.55
2025.05.05 20:00:00,GBPUSD,-0.93,0.1,0.51,5.1,-4.743,36493.6896,0.51
2025.05.05 21:55:03,USDCHF,-0.84,0.12,0.55,4.583333,-3.85,36489.8396,0.55
2025.05.05 22:07:26,USDCHF,6.6,0.12,0.55,4.583333,30.25,36520.0896,0.55
2025.05.06 02:25:00,USDCHF,-0.84,0.12,0.55,4.583333,-3.85,36516.2396,0.55
2025.05.06 04:03:16,GBPUSD,9.17,0.1,0.51,5.1,46.767,36563.0066,0.51
2025.05.06 11:00:00,GBPUSD,-0.93,0.1,0.51,5.1,-4.743,36558.2636,0.51
2025.05.06 11:15:15,GBPUSD,8.97,0.1,0.51,5.1,45.747,36604.0106,0.51
2025.05.06 15:05:00,EURGBP,-0.55,0.07,0.44,6.285714,-3.4571,36600.5535,0.44
2025.05.06 22:44:48,USDCHF,6.61,0.12,0.55,4.583333,30.2958,36630.8493,0.55
2025.05.07 01:05:00,USDCHF,-0.84,0.12,0.55,4.583333,-3.85,36626.9993,0.55
2025.05.07 01:07:52,USDCHF,7.16,0.12,0.55,4.583333,32.8167,36659.816,0.55
2025.05.07 03:05:00,USDCHF,-0.84,0.12,0.55,4.583333,-3.85,36655.966,0.55
2025.05.07 08:49:36,USDCHF,7.31,0.12,0.55,4.583333,33.5042,36689.4702,0.55
2025.05.07 10:35:01,USDCHF,-0.84,0.12,0.55,4.583333,-3.85,36685.6202,0.55
2025.05.07 10:55:15,USDCHF,6.57,0.12,0.55,4.583333,30.1125,36715.7327,0.55
2025.05.07 12:30:01,USDCHF,-0.84,0.12,0.55,4.583333,-3.85,36711.8827,0.55
2025.05.07 13:01:14,USDCHF,6.59,0.12,0.55,4.583333,30.2042,36742.0868,0.55
2025.05.07 13:35:00,USDCHF,-0.84,0.12,0.55,4.583333,-3.85,36738.2368,0.55
2025.05.07 14:53:50,USDCHF,6.73,0.12,0.55,4.583333,30.8458,36769.0827,0.55
2025.05.07 15:15:00,USDCHF,-0.84,0.12,0.55,4.583333,-3.85,36765.2327,0.55
2025.05.07 15:19:08,USDCHF,7.47,0.12,0.55,4.583333,34.2375,36799.4702,0.55
2025.05.07 18:25:01,USDCHF,-0.84,0.12,0.55,4.583333,-3.85,36795.6202,0.55
2025.05.07 21:46:07,USDCHF,6.61,0.12,0.55,4.583333,30.2958,36825.916,0.55
2025.05.07 22:00:00,GBPUSD,-0.93,0.1,0.52,5.2,-4.836,36821.08,0.52
2025.05.07 22:03:02,GBPUSD,9.47,0.1,0.52,5.2,49.244,36870.324,0.52
2025.05.07 22:05:00,USDCHF,-0.84,0.12,0.55,4.583333,-3.85,36866.474,0.55
2025.05.07 22:14:24,USDCHF,6.74,0.12,0.55,4.583333,30.8917,36897.3657,0.55
2025.05.08 01:10:00,USDCHF,-0.84,0.12,0.55,4.583333,-3.85,36893.5157,0.55
2025.05.08 08:03:40,USDCHF,7.17,0.12,0.55,4.583333,32.8625,36926.3782,0.55
2025.05.08 11:40:03,USDCHF,-0.84,0.12,0.55,4.583333,-3.85,36922.5282,0.55
2025.05.08 13:35:23,USDCHF,6.57,0.12,0.55,4.583333,30.1125,36952.6407,0.55
2025.05.08 17:25:00,USDCHF,-0.84,0.12,0.55,4.583333,-3.85,36948.7907,0.55
2025.05.08 17:50:49,USDCHF,6.42,0.12,0.55,4.583333,29.425,36978.2157,0.55
2025.05.08 21:05:00,USDCHF,-0.84,0.12,0.55,4.583333,-3.85,36974.3657,0.55
2025.05.09 10:05:59,USDCHF,6.53,0.12,0.55,4.583333,29.9292,37004.2948,0.55
2025.05.09 11:00:00,EURUSD,-3.07,0.39,1.11,2.846154,-8.7377,36995.5571,1.11
2025.05.09 12:00:00,GBPUSD,-0.93,0.1,0.52,5.2,-4.836,36990.7211,0.52
2025.05.09 12:50:06,USDCHF,-0.84,0.12,0.55,4.583333,-3.85,36986.8711,0.55
2025.05.09 13:01:41,USDCHF,6.52,0.12,0.55,4.583333,29.8833,37016.7545,0.55
2025.05.09 13:50:02,USDCHF,-0.84,0.12,0.56,4.666667,-3.92,37012.8345,0.56
2025.05.09 14:12:41,GBPUSD,9.37,0.1,0.52,5.2,48.724,37061.5585,0.52
2025.05.09 14:14:49,USDCHF,6.53,0.12,0.56,4.666667,30.4733,37092.0318,0.56
2025.05.09 18:10:01,USDCHF,-0.84,0.12,0.56,4.666667,-3.92,37088.1118,0.56
2025.05.09 18:35:10,USDCHF,6.53,0.12,0.56,4.666667,30.4733,37118.5851,0.56
2025.05.12 05:15:00,USDCHF,-0.84,0.12,0.56,4.666667,-3.92,37114.6651,0.56
2025.05.12 05:30:10,USDCHF,6.65,0.12,0.56,4.666667,31.0333,37145.6985,0.56
2025.05.12 08:10:02,USDCHF,-0.84,0.12,0.56,4.666667,-3.92,37141.7785,0.56
2025.05.12 08:54:26,USDCHF,6.64,0.12,0.56,4.666667,30.9867,37172.7651,0.56
2025.05.12 09:35:01,USDCHF,-0.84,0.12,0.56,4.666667,-3.92,37168.8451,0.56
2025.05.12 11:00:00,GBPUSD,-0.92,0.1,0.52,5.2,-4.784,37164.0611,0.52
2025.05.12 11:40:00,USDCHF,-0.84,0.12,0.56,4.666667,-3.92,37160.1411,0.56
2025.05.12 13:38:04,GBPUSD,9.28,0.1,0.52,5.2,48.256,37208.3971,0.52
2025.05.13 16:00:00,GBPUSD,-0.93,0.1,0.52,5.2,-4.836,37203.5611,0.52
2025.05.13 17:55:19,GBPUSD,9.07,0.1,0.52,5.2,47.164,37250.7251,0.52
2025.05.13 18:00:00,EURUSD,-3.05,0.39,1.12,2.871795,-8.759,37241.9662,1.12
2025.05.14 11:03:48,USDCHF,68.26,0.12,0.56,4.666667,318.5467,37560.5128,0.56
2025.05.14 11:03:48,USDCHF,-48.29,0.12,0.56,4.666667,-225.3533,37335.1595,0.56
2025.05.14 13:25:01,USDCHF,-0.84,0.12,0.56,4.666667,-3.92,37331.2395,0.56
2025.05.14 14:09:13,USDCHF,6.63,0.12,0.56,4.666667,30.94,37362.1795,0.56
2025.05.14 20:00:00,GBPUSD,-0.93,0.1,0.52,5.2,-4.836,37357.3435,0.52
2025.05.14 21:04:01,GBPUSD,9.07,0.1,0.52,5.2,47.164,37404.5075,0.52
2025.05.14 23:45:00,USDCHF,-0.84,0.12,0.56,4.666667,-3.92,37400.5875,0.56
2025.05.15 00:02:15,USDCHF,12.0,0.12,0.56,4.666667,56.0,37456.5875,0.56
2025.05.15 02:15:01,USDCHF,-0.84,0.12,0.56,4.666667,-3.92,37452.6675,0.56
2025.05.15 03:32:03,USDCHF,6.3,0.12,0.56,4.666667,29.4,37482.0675,0.56
2025.05.15 07:40:01,USDCHF,-0.84,0.12,0.56,4.666667,-3.92,37478.1475,0.56
2025.05.15 07:48:05,USDCHF,6.44,0.12,0.56,4.666667,30.0533,37508.2008,0.56
2025.05.15 09:20:02,USDCHF,-0.84,0.12,0.56,4.666667,-3.92,37504.2808,0.56
2025.05.15 09:21:29,USDCHF,6.31,0.12,0.56,4.666667,29.4467,37533.7275,0.56
2025.05.15 10:00:00,GBPUSD,-0.93,0.1,0.53,5.3,-4.929,37528.7985,0.53
2025.05.15 14:00:00,USDCHF,-0.84,0.12,0.56,4.666667,-3.92,37524.8785,0.56
2025.05.15 14:19:07,USDCHF,6.46,0.12,0.56,4.666667,30.1467,37555.0252,0.56
2025.05.15 15:15:00,USDCHF,-0.84,0.12,0.56,4.666667,-3.92,37551.1052,0.56
2025.05.15 15:30:01,USDCHF,11.64,0.12,0.56,4.666667,54.32,37605.4252,0.56
2025.05.15 16:06:44,GBPUSD,9.07,0.1,0.53,5.3,48.071,37653.4962,0.53
2025.05.15 17:40:00,USDCHF,-0.84,0.12,0.56,4.666667,-3.92,37649.5762,0.56
2025.05.16 13:00:00,GBPUSD,-0.93,0.1,0.53,5.3,-4.929,37644.6472,0.53
2025.05.16 14:54:52,USDCHF,5.89,0.12,0.56,4.666667,27.4867,37672.1338,0.56
2025.05.16 15:00:03,GBPUSD,9.37,0.1,0.53,5.3,49.661,37721.7948,0.53
2025.05.16 17:00:00,USDCHF,-0.84,0.12,0.57,4.75,-3.99,37717.8048,0.57
2025.05.19 01:02:59,USDCHF,6.48,0.12,0.57,4.75,30.78,37748.5848,0.57
2025.05.19 02:45:00,USDCHF,-0.84,0.12,0.57,4.75,-3.99,37744.5948,0.57
2025.05.19 04:34:28,USDCHF,6.48,0.12,0.57,4.75,30.78,37775.3748,0.57
2025.05.19 04:35:00,USDCHF,-0.84,0.12,0.57,4.75,-3.99,37771.3848,0.57
2025.05.19 10:00:00,GBPUSD,-0.93,0.1,0.53,5.3,-4.929,37766.4558,0.53
2025.05.19 10:09:15,GBPUSD,8.97,0.1,0.53,5.3,47.541,37813.9968,0.53
2025.05.21 05:03:10,EURUSD,554.22,0.39,1.12,2.871795,1591.6062,39405.603,1.12
2025.05.21 05:03:10,EURUSD,202.44,0.39,1.11,2.846154,576.1754,39981.7784,1.11
2025.05.21 05:03:10,EURUSD,-111.51,0.39,1.09,2.794872,-311.6562,39670.1222,1.09
2025.05.21 05:03:10,EURUSD,-420.78,0.39,1.08,2.769231,-1165.2369,38504.8853,1.08
2025.05.21 08:20:01,USDCHF,-0.84,0.12,0.58,4.833333,-4.06,38500.8253,0.58
2025.05.21 12:00:00,GBPUSD,-0.94,0.1,0.54,5.4,-5.076,38495.7493,0.54
2025.05.21 12:25:53,GBPUSD,9.16,0.1,0.54,5.4,49.464,38545.2133,0.54
2025.05.22 13:00:00,EURUSD,-3.08,0.39,1.16,2.974359,-9.161,38536.0523,1.16
2025.05.22 17:50:56,EURUSD,58.15,0.39,1.16,2.974359,172.959,38709.0112,1.16
2025.05.22 20:25:12,USDCHF,105.98,0.12,0.58,4.833333,512.2367,39221.2479,0.58
2025.05.22 20:25:12,USDCHF,-89.15,0.12,0.57,4.75,-423.4625,38797.7854,0.57
2025.05.22 21:50:00,USDCHF,-0.91,0.13,0.58,4.461538,-4.06,38793.7254,0.58
2025.05.22 22:45:20,USDCHF,6.94,0.13,0.58,4.461538,30.9631,38824.6885,0.58
2025.05.23 03:05:00,USDCHF,-0.91,0.13,0.58,4.461538,-4.06,38820.6285,0.58
2025.05.23 06:00:00,GBPUSD,-0.94,0.1,0.54,5.4,-5.076,38815.5525,0.54
2025.05.23 08:00:00,EURUSD,-3.09,0.39,1.16,2.974359,-9.1908,38806.3617,1.16
2025.05.23 08:55:17,GBPUSD,8.76,0.1,0.54,5.4,47.304,38853.6657,0.54
2025.05.23 10:21:34,EURUSD,55.8,0.39,1.16,2.974359,165.9692,39019.6349,1.16
2025.05.26 01:11:35,USDCHF,-0.91,0.13,0.59,4.538462,-4.13,39015.5049,0.59
2025.05.27 10:00:00,EURUSD,-3.18,0.4,1.17,2.925,-9.3015,39006.2034,1.17
2025.05.27 10:00:00,GBPUSD,-0.95,0.1,0.55,5.5,-5.225,39000.9784,0.55
2025.05.27 10:27:50,EURUSD,57.22,0.4,1.17,2.925,167.3685,39168.3469,1.17
2025.05.27 10:28:27,GBPUSD,9.05,0.1,0.55,5.5,49.775,39218.1219,0.55
2025.05.27 12:37:12,USDCHF,60.95,0.13,0.59,4.538462,276.6192,39494.7412,0.59
2025.05.27 12:37:12,USDCHF,-46.87,0.13,0.58,4.461538,-209.1123,39285.6289,0.58
2025.05.27 15:45:00,USDCHF,-0.91,0.13,0.59,4.538462,-4.13,39281.4989,0.59
2025.05.27 16:01:18,USDCHF,7.76,0.13,0.59,4.538462,35.2185,39316.7173,0.59
2025.05.27 17:05:00,USDCHF,-0.91,0.13,0.59,4.538462,-4.13,39312.5873,0.59
2025.05.27 17:35:09,USDCHF,6.95,0.13,0.59,4.538462,31.5423,39344.1296,0.59
2025.05.27 19:35:02,USDCHF,-0.91,0.13,0.59,4.538462,-4.13,39339.9996,0.59
2025.05.28 10:15:28,USDCHF,6.96,0.13,0.59,4.538462,31.5877,39371.5873,0.59
2025.05.28 11:15:00,USDCHF,-0.91,0.13,0.59,4.538462,-4.13,39367.4573,0.59
2025.05.28 11:19:12,USDCHF,7.1,0.13,0.59,4.538462,32.2231,39399.6804,0.59
2025.05.28 12:00:00,GBPUSD,-0.95,0.1,0.55,5.5,-5.225,39394.4554,0.55
2025.05.28 12:15:00,USDCHF,-0.91,0.13,0.59,4.538462,-4.13,39390.3254,0.59
2025.05.28 17:17:07,USDCHF,6.96,0.13,0.59,4.538462,31.5877,39421.9131,0.59
2025.05.28 18:20:00,USDCHF,-0.91,0.13,0.59,4.538462,-4.13,39417.7831,0.59
2025.05.28 18:33:33,USDCHF,7.73,0.13,0.59,4.538462,35.0823,39452.8654,0.59
2025.05.29 01:45:00,USDCHF,-0.91,0.13,0.59,4.538462,-4.13,39448.7354,0.59
2025.05.29 02:02:51,USDCHF,7.1,0.13,0.59,4.538462,32.2231,39480.9585,0.59
2025.05.29 07:35:02,USDCHF,-0.91,0.13,0.59,4.538462,-4.13,39476.8285,0.59
2025.05.29 09:25:30,USDCHF,7.22,0.13,0.59,4.538462,32.7677,39509.5962,0.59
2025.05.29 16:00:00,EURUSD,-3.18,0.4,1.19,2.975,-9.4605,39500.1357,1.19
2025.05.29 17:22:05,EURUSD,62.02,0.4,1.19,2.975,184.5095,39684.6452,1.19
2025.05.29 20:10:00,USDCHF,-0.91,0.13,0.6,4.615385,-4.2,39680.4452,0.6
2025.05.30 10:06:17,USDCHF,7.13,0.13,0.6,4.615385,32.9077,39713.3529,0.6
2025.05.30 11:00:00,EURUSD,-3.17,0.4,1.19,2.975,-9.4307,39703.9221,1.19
2025.05.30 12:00:00,EURUSD,57.23,0.4,1.19,2.975,170.2592,39874.1814,1.19
2025.05.30 15:15:00,USDCHF,-0.91,0.13,0.6,4.615385,-4.2,39869.9814,0.6
2025.05.30 15:38:15,USDCHF,7.79,0.13,0.6,4.615385,35.9538,39905.9352,0.6
2025.05.30 16:25:00,USDCHF,-0.91,0.13,0.6,4.615385,-4.2,39901.7352,0.6
2025.05.30 17:48:45,USDCHF,7.13,0.13,0.6,4.615385,32.9077,39934.6429,0.6
2025.05.30 17:55:00,USDCHF,-0.91,0.13,0.6,4.615385,-4.2,39930.4429,0.6
2025.06.02 03:13:06,USDCHF,7.8,0.13,0.6,4.615385,36.0,39966.4429,0.6
2025.06.02 04:00:00,EURUSD,-3.18,0.4,1.2,3.0,-9.54,39956.9029,1.2
2025.06.02 05:30:00,USDCHF,-0.91,0.13,0.6,4.615385,-4.2,39952.7029,0.6
2025.06.02 06:10:08,USDCHF,7.31,0.13,0.6,4.615385,33.7385,39986.4414,0.6
2025.06.02 08:05:01,USDCHF,-0.91,0.13,0.6,4.615385,-4.2,39982.2414,0.6
2025.06.02 08:33:59,USDCHF,7.48,0.13,0.6,4.615385,34.5231,40016.7644,0.6
2025.06.02 09:17:38,EURUSD,56.81,0.4,1.2,3.0,170.43,40187.1944,1.2
2025.06.02 09:30:54,GBPUSD,9.05,0.1,0.55,5.5,49.775,40236.9694,0.55
2025.06.02 10:00:00,GBPUSD,-0.95,0.1,0.56,5.6,-5.32,40231.6494,0.56
2025.06.02 10:13:45,GBPUSD,8.95,0.1,0.56,5.6,50.12,40281.7694,0.56
2025.06.02 13:10:00,USDCHF,-0.91,0.13,0.6,4.615385,-4.2,40277.5694,0.6
2025.06.02 13:31:25,USDCHF,7.19,0.13,0.6,4.615385,33.1846,40310.754,0.6
2025.06.02 15:35:00,USDCHF,-0.91,0.13,0.6,4.615385,-4.2,40306.554,0.6
2025.06.02 17:00:39,USDCHF,7.37,0.13,0.6,4.615385,34.0154,40340.5694,0.6
2025.06.02 17:05:00,USDCHF,-0.91,0.13,0.61,4.692308,-4.27,40336.2994,0.61
2025.06.03 11:00:00,EURUSD,-3.2,0.4,1.21,3.025,-9.68,40326.6194,1.21
2025.06.03 13:30:07,EURUSD,57.21,0.4,1.21,3.025,173.0602,40499.6797,1.21
2025.06.03 14:00:00,GBPUSD,-0.95,0.1,0.57,5.7,-5.415,40494.2647,0.57
2025.06.03 14:30:43,GBPUSD,9.26,0.1,0.57,5.7,52.782,40547.0467,0.57
2025.06.03 21:00:00,USDCHF,-0.91,0.13,0.61,4.692308,-4.27,40542.7767,0.61
2025.06.04 12:00:00,EURUSD,-3.19,0.4,1.22,3.05,-9.7295,40533.0472,1.22
2025.06.04 16:00:00,GBPUSD,-0.95,0.1,0.57,5.7,-5.415,40527.6322,0.57
2025.06.04 17:00:04,EURUSD,57.6,0.4,1.22,3.05,175.68,40703.3122,1.22
2025.06.04 17:02:49,GBPUSD,9.05,0.1,0.57,5.7,51.585,40754.8972,0.57
2025.06.04 17:08:24,USDCHF,64.3,0.13,0.61,4.692308,301.7154,41056.6126,0.61
2025.06.04 17:08:24,USDCHF,-50.1,0.13,0.61,4.692308,-235.0846,40821.528,0.61
2025.06.04 22:20:00,USDCHF,-0.91,0.13,0.61,4.692308,-4.27,40817.258,0.61
2025.06.04 22:27:39,USDCHF,7.19,0.13,0.61,4.692308,33.7377,40850.9956,0.61
2025.06.04 23:35:00,USDCHF,-0.91,0.13,0.61,4.692308,-4.27,40846.7256,0.61
2025.06.05 02:20:45,USDCHF,7.2,0.13,0.61,4.692308,33.7846,40880.5103,0.61
2025.06.05 02:45:00,USDCHF,-0.91,0.13,0.61,4.692308,-4.27,40876.2403,0.61
2025.06.05 04:35:01,USDCHF,7.19,0.13,0.61,4.692308,33.7377,40909.978,0.61
2025.06.05 09:15:01,USDCHF,-0.91,0.13,0.61,4.692308,-4.27,40905.708,0.61
2025.06.05 15:30:15,USDCHF,7.19,0.13,0.61,4.692308,33.7377,40939.4456,0.61
2025.06.05 15:35:00,USDCHF,-0.91,0.13,0.61,4.692308,-4.27,40935.1756,0.61
2025.06.05 16:23:22,USDCHF,8.15,0.13,0.61,4.692308,38.2423,40973.418,0.61
2025.06.05 16:30:00,USDCHF,-0.91,0.13,0.61,4.692308,-4.27,40969.148,0.61
2025.06.05 16:46:45,USDCHF,7.36,0.13,0.61,4.692308,34.5354,41003.6833,0.61
2025.06.05 17:50:00,USDCHF,-0.91,0.13,0.62,4.769231,-4.34,40999.3433,0.62
2025.06.05 18:18:10,USDCHF,7.49,0.13,0.62,4.769231,35.7215,41035.0649,0.62
2025.06.05 19:50:00,USDCHF,-0.91,0.13,0.62,4.769231,-4.34,41030.7249,0.62
2025.06.05 19:54:33,USDCHF,7.18,0.13,0.62,4.769231,34.2431,41064.968,0.62
2025.06.05 20:35:00,USDCHF,-0.91,0.13,0.62,4.769231,-4.34,41060.628,0.62
2025.06.05 21:46:38,USDCHF,7.17,0.13,0.62,4.769231,34.1954,41094.8233,0.62
2025.06.05 22:25:00,USDCHF,-0.91,0.13,0.62,4.769231,-4.34,41090.4833,0.62
2025.06.06 01:16:53,USDCHF,7.18,0.13,0.62,4.769231,34.2431,41124.7264,0.62
2025.06.06 03:20:04,USDCHF,-0.91,0.13,0.62,4.769231,-4.34,41120.3864,0.62
2025.06.06 04:00:33,USDCHF,7.33,0.13,0.62,4.769231,34.9585,41155.3449,0.62
2025.06.06 06:30:01,USDCHF,-0.91,0.13,0.62,4.769231,-4.34,41151.0049,0.62
2025.06.06 10:00:00,GBPUSD,-0.95,0.1,0.58,5.8,-5.51,41145.4949,0.58
2025.06.06 10:03:17,GBPUSD,9.25,0.1,0.58,5.8,53.65,41199.1449,0.58
2025.06.06 12:00:00,EURUSD,-3.28,0.41,1.24,3.02439,-9.92,41189.2249,1.24
2025.06.06 15:30:03,EURUSD,84.47,0.41,1.24,3.02439,255.4702,41444.6951,1.24
2025.06.09 10:00:00,GBPUSD,-0.95,0.1,0.58,5.8,-5.51,41439.1851,0.58
2025.06.09 11:06:28,USDCHF,7.18,0.13,0.62,4.769231,34.2431,41473.4282,0.62
2025.06.09 12:00:00,USDCHF,-0.91,0.13,0.62,4.769231,-4.34,41469.0882,0.62
2025.06.09 12:03:38,GBPUSD,9.05,0.1,0.58,5.8,52.49,41521.5782,0.58
2025.06.09 13:38:50,USDCHF,7.48,0.13,0.62,4.769231,35.6738,41557.252,0.62
2025.06.09 16:00:00,GBPUSD,-0.95,0.1,0.58,5.8,-5.51,41551.742,0.58
2025.06.09 16:24:02,GBPUSD,9.05,0.1,0.58,5.8,52.49,41604.232,0.58
2025.06.09 17:15:00,USDCHF,-0.91,0.13,0.62,4.769231,-4.34,41599.892,0.62
2025.06.09 18:24:01,USDCHF,7.33,0.13,0.62,4.769231,34.9585,41634.8505,0.62
2025.06.09 21:15:06,USDCHF,-0.91,0.13,0.62,4.769231,-4.34,41630.5105,0.62
2025.06.10 01:45:27,USDCHF,7.0,0.13,0.62,4.769231,33.3846,41663.8951,0.62
2025.06.10 03:55:00,USDCHF,-0.91,0.13,0.62,4.769231,-4.34,41659.5551,0.62
2025.06.10 04:33:42,USDCHF,7.15,0.13,0.62,4.769231,34.1,41693.6551,0.62
2025.06.10 06:15:01,USDCHF,-0.91,0.13,0.63,4.846154,-4.41,41689.2451,0.63
2025.06.10 08:15:18,USDCHF,7.0,0.13,0.63,4.846154,33.9231,41723.1682,0.63
2025.06.10 09:55:02,USDCHF,-0.91,0.13,0.63,4.846154,-4.41,41718.7582,0.63
2025.06.10 10:07:19,USDCHF,7.46,0.13,0.63,4.846154,36.1523,41754.9105,0.63
2025.06.10 11:05:00,USDCHF,-0.91,0.13,0.63,4.846154,-4.41,41750.5005,0.63
2025.06.10 11:50:56,USDCHF,7.01,0.13,0.63,4.846154,33.9715,41784.472,0.63
2025.06.10 15:00:00,EURUSD,-3.28,0.41,1.25,3.04878,-10.0,41774.472,1.25
2025.06.10 15:20:00,USDCHF,-0.91,0.13,0.63,4.846154,-4.41,41770.062,0.63
2025.06.10 16:07:22,EURUSD,62.32,0.41,1.25,3.04878,190.0,41960.062,1.25
2025.06.10 17:00:00,GBPUSD,-0.95,0.1,0.59,5.9,-5.605,41954.457,0.59
2025.06.10 18:11:11,USDCHF,6.99,0.13,0.63,4.846154,33.8746,41988.3317,0.63
2025.06.10 19:05:00,USDCHF,-0.91,0.13,0.63,4.846154,-4.41,41983.9217,0.63
2025.06.11 03:16:47,USDCHF,7.0,0.13,0.63,4.846154,33.9231,42017.8447,0.63
2025.06.11 04:50:00,USDCHF,-0.91,0.13,0.63,4.846154,-4.41,42013.4347,0.63
2025.06.11 09:26:31,USDCHF,7.93,0.13,0.63,4.846154,38.43,42051.8647,0.63
2025.06.11 10:55:00,USDCHF,-0.91,0.13,0.63,4.846154,-4.41,42047.4547,0.63
2025.06.11 11:40:29,USDCHF,7.16,0.13,0.63,4.846154,34.6985,42082.1532,0.63
2025.06.11 14:30:00,USDCHF,-0.91,0.13,0.63,4.846154,-4.41,42077.7432,0.63
2025.06.11 15:35:34,GBPUSD,9.75,0.1,0.59,5.9,57.525,42135.2682,0.59
2025.06.11 16:00:00,GBPUSD,-0.95,0.1,0.59,5.9,-5.605,42129.6632,0.59
2025.06.11 16:12:52,GBPUSD,9.15,0.1,0.59,5.9,53.985,42183.6482,0.59
2025.06.12 05:05:08,USDCHF,-0.91,0.13,0.63,4.846154,-4.41,42179.2382,0.63
2025.06.12 11:00:00,GBPUSD,-0.95,0.1,0.59,5.9,-5.605,42173.6332,0.59
2025.06.12 15:30:28,EURGBP,70.19,0.07,0.44,6.285714,441.1943,42614.8275,0.44
2025.06.12 15:30:28,EURGBP,26.57,0.07,0.43,6.142857,163.2157,42778.0432,0.43
2025.06.12 15:30:28,EURGBP,-17.62,0.07,0.42,6.0,-105.72,42672.3232,0.42
2025.06.12 15:30:28,EURGBP,-60.77,0.07,0.42,6.0,-364.62,42307.7032,0.42
2025.06.12 15:35:00,EURGBP,-0.57,0.07,0.51,7.285714,-4.1529,42303.5503,0.51
2025.06.12 15:45:07,EURGBP,4.39,0.07,0.51,7.285714,31.9843,42335.5346,0.51
2025.06.12 16:25:00,USDCHF,-0.91,0.13,0.64,4.923077,-4.48,42331.0546,0.64
2025.06.12 19:45:00,EURGBP,-0.57,0.07,0.51,7.285714,-4.1529,42326.9018,0.51
2025.06.13 04:00:00,EURUSD,-3.32,0.41,1.27,3.097561,-10.2839,42316.6179,1.27
2025.06.13 04:04:55,EURUSD,58.6,0.41,1.27,3.097561,181.5171,42498.1349,1.27
2025.06.13 07:22:54,GBPUSD,9.05,0.1,0.59,5.9,53.395,42551.5299,0.59
2025.06.13 09:11:49,EURGBP,4.17,0.07,0.51,7.285714,30.3814,42581.9114,0.51
2025.06.13 09:35:00,EURGBP,-0.57,0.07,0.51,7.285714,-4.1529,42577.7585,0.51
2025.06.13 10:26:12,EURGBP,4.27,0.07,0.51,7.285714,31.11,42608.8685,0.51
2025.06.13 10:45:01,EURGBP,-0.57,0.07,0.51,7.285714,-4.1529,42604.7157,0.51
2025.06.16 03:00:44,EURGBP,4.17,0.07,0.51,7.285714,30.3814,42635.0971,0.51
2025.06.16 06:25:00,EURGBP,-0.56,0.07,0.51,7.285714,-4.08,42631.0171,0.51
2025.06.16 10:00:00,EURUSD,-3.32,0.41,1.28,3.121951,-10.3649,42620.6522,1.28
2025.06.16 10:00:00,GBPUSD,-0.95,0.1,0.6,6.0,-5.7,42614.9522,0.6
2025.06.16 16:05:25,EURUSD,61.04,0.41,1.28,3.121951,190.5639,42805.5161,1.28
2025.06.16 16:07:26,GBPUSD,9.05,0.1,0.6,6.0,54.3,42859.8161,0.6
2025.06.17 04:00:00,EURUSD,-3.31,0.41,1.29,3.146341,-10.4144,42849.4017,1.29
2025.06.17 12:00:00,GBPUSD,-0.95,0.1,0.6,6.0,-5.7,42843.7017,0.6
2025.06.17 17:08:21,GBPUSD,9.55,0.1,0.6,6.0,57.3,42901.0017,0.6
2025.06.17 17:30:34,EURUSD,61.47,0.41,1.29,3.146341,193.4056,43094.4073,1.29
2025.06.18 12:50:04,USDCHF,88.4,0.13,0.64,4.923077,435.2,43529.6073,0.64
2025.06.18 12:50:04,USDCHF,8.78,0.13,0.63,4.846154,42.5492,43572.1566,0.63
2025.06.18 12:50:04,USDCHF,-74.01,0.13,0.63,4.846154,-358.6638,43213.4927,0.63
2025.06.18 13:30:00,USDCHF,-0.91,0.13,0.65,5.0,-4.55,43208.9427,0.65
2025.06.18 15:16:19,USDCHF,7.21,0.13,0.65,5.0,36.05,43244.9927,0.65
2025.06.18 16:25:00,USDCHF,-0.91,0.13,0.65,5.0,-4.55,43240.4427,0.65
2025.06.18 17:38:23,USDCHF,7.04,0.13,0.65,5.0,35.2,43275.6427,0.65
2025.06.18 20:55:00,USDCHF,-0.91,0.13,0.65,5.0,-4.55,43271.0927,0.65
2025.06.18 21:00:09,USDCHF,7.21,0.13,0.65,5.0,36.05,43307.1427,0.65
2025.06.18 21:50:00,USDCHF,-0.91,0.13,0.65,5.0,-4.55,43302.5927,0.65
2025.06.18 21:54:21,USDCHF,7.19,0.13,0.65,5.0,35.95,43338.5427,0.65
2025.06.19 01:55:00,USDCHF,-0.91,0.13,0.65,5.0,-4.55,43333.9927,0.65
2025.06.19 04:06:19,USDCHF,7.81,0.13,0.65,5.0,39.05,43373.0427,0.65
2025.06.19 06:45:00,USDCHF,-0.91,0.13,0.65,5.0,-4.55,43368.4927,0.65
2025.06.19 10:30:02,USDCHF,7.5,0.13,0.65,5.0,37.5,43405.9927,0.65
2025.06.19 10:35:00,USDCHF,-0.91,0.13,0.65,5.0,-4.55,43401.4427,0.65
2025.06.19 10:41:11,USDCHF,7.19,0.13,0.65,5.0,35.95,43437.3927,0.65
2025.06.19 13:05:02,USDCHF,-0.91,0.13,0.65,5.0,-4.55,43432.8427,0.65
2025.06.19 13:32:28,USDCHF,7.67,0.13,0.65,5.0,38.35,43471.1927,0.65
2025.06.19 15:00:00,GBPUSD,-0.94,0.1,0.61,6.1,-5.734,43465.4587,0.61
2025.06.19 15:05:00,USDCHF,-0.91,0.13,0.65,5.0,-4.55,43460.9087,0.65
2025.06.19 20:57:09,GBPUSD,9.16,0.1,0.61,6.1,55.876,43516.7847,0.61
2025.06.19 22:11:11,USDCHF,7.53,0.13,0.65,5.0,37.65,43554.4347,0.65
2025.06.19 23:00:00,EURUSD,-3.3,0.41,1.31,3.195122,-10.5439,43543.8908,1.31
2025.06.20 01:15:00,USDCHF,-0.91,0.13,0.65,5.0,-4.55,43539.3408,0.65
2025.06.20 03:00:27,EURUSD,60.25,0.41,1.31,3.195122,192.5061,43731.8469,1.31
2025.06.20 14:13:36,USDCHF,7.2,0.13,0.65,5.0,36.0,43767.8469,0.65
2025.06.20 15:00:00,USDCHF,-0.91,0.13,0.66,5.076923,-4.62,43763.2269,0.66
2025.06.20 15:39:46,USDCHF,7.05,0.13,0.66,5.076923,35.7923,43799.0192,0.66
2025.06.20 16:45:00,USDCHF,-0.91,0.13,0.66,5.076923,-4.62,43794.3992,0.66
2025.06.20 23:00:00,GBPUSD,-0.94,0.1,0.61,6.1,-5.734,43788.6652,0.61
2025.06.20 23:44:51,USDCHF,7.35,0.13,0.66,5.076923,37.3154,43825.9806,0.66
2025.06.23 00:00:06,GBPUSD,32.36,0.1,0.61,6.1,197.396,44023.3766,0.61
2025.06.23 01:00:00,EURUSD,-3.37,0.42,1.32,3.142857,-10.5914,44012.7852,1.32
2025.06.23 01:15:00,USDCHF,-0.91,0.13,0.66,5.076923,-4.62,44008.1652,0.66
2025.06.23 01:38:26,USDCHF,7.19,0.13,0.66,5.076923,36.5031,44044.6682,0.66
2025.06.23 05:05:02,EURGBP,-0.56,0.07,0.53,7.571429,-4.24,44040.4282,0.53
2025.06.23 05:15:00,USDCHF,-0.91,0.13,0.66,5.076923,-4.62,44035.8082,0.66
2025.06.23 05:31:31,USDCHF,7.36,0.13,0.66,5.076923,37.3662,44073.1744,0.66
2025.06.23 07:15:01,USDCHF,-0.91,0.13,0.66,5.076923,-4.62,44068.5544,0.66
2025.06.23 12:09:15,USDCHF,8.14,0.13,0.66,5.076923,41.3262,44109.8806,0.66
2025.06.23 12:25:47,EURUSD,60.05,0.42,1.32,3.142857,188.7286,44298.6091,1.32
2025.06.23 15:00:00,USDCHF,-0.91,0.13,0.66,5.076923,-4.62,44293.9891,0.66
2025.06.23 16:50:24,USDCHF,7.84,0.13,0.66,5.076923,39.8031,44333.7922,0.66
2025.06.23 18:00:00,EURUSD,-3.39,0.42,1.33,3.166667,-10.735,44323.0572,1.33
2025.06.23 18:00:00,GBPUSD,-0.94,0.1,0.62,6.2,-5.828,44317.2292,0.62
2025.06.23 18:10:32,GBPUSD,9.46,0.1,0.62,6.2,58.652,44375.8812,0.62
2025.06.23 18:26:09,EURUSD,63.39,0.42,1.33,3.166667,200.735,44576.6162,1.33
2025.06.23 23:40:00,USDCHF,-0.91,0.13,0.67,5.153846,-4.69,44571.9262,0.67
2025.06.24 03:07:37,USDCHF,7.25,0.13,0.67,5.153846,37.3654,44609.2916,0.67
2025.06.24 03:45:00,USDCHF,-0.91,0.13,0.67,5.153846,-4.69,44604.6016,0.67
2025.06.24 08:57:49,USDCHF,7.26,0.13,0.67,5.153846,37.4169,44642.0185,0.67
2025.06.24 09:00:00,USDCHF,-0.91,0.13,0.67,5.153846,-4.69,44637.3285,0.67
2025.06.24 09:03:15,USDCHF,7.27,0.13,0.67,5.153846,37.4685,44674.797,0.67
2025.06.24 10:10:00,USDCHF,-0.91,0.13,0.67,5.153846,-4.69,44670.107,0.67
2025.06.24 10:53:14,USDCHF,7.25,0.13,0.67,5.153846,37.3654,44707.4724,0.67
2025.06.24 11:03:50,EURGBP,26.62,0.07,0.53,7.571429,201.5514,44909.0238,0.53
2025.06.24 11:03:50,EURGBP,-18.16,0.07,0.51,7.285714,-132.3086,44776.7152,0.51
2025.06.24 12:15:00,USDCHF,-0.91,0.13,0.67,5.153846,-4.69,44772.0252,0.67
2025.06.24 12:24:12,USDCHF,7.43,0.13,0.67,5.153846,38.2931,44810.3183,0.67
2025.06.24 13:20:00,USDCHF,-0.91,0.13,0.67,5.153846,-4.69,44805.6283,0.67
2025.06.24 15:00:00,EURGBP,-0.57,0.07,0.54,7.714286,-4.3971,44801.2311,0.54
2025.06.24 16:28:30,EURGBP,4.28,0.07,0.54,7.714286,33.0171,44834.2483,0.54
2025.06.24 16:30:00,EURGBP,-0.57,0.07,0.54,7.714286,-4.3971,44829.8511,0.54
2025.06.24 17:18:25,EURGBP,4.29,0.07,0.54,7.714286,33.0943,44862.9454,0.54
2025.06.24 17:30:00,EURGBP,-0.57,0.07,0.54,7.714286,-4.3971,44858.5483,0.54
2025.06.24 22:15:00,USDCHF,-0.91,0.13,0.67,5.153846,-4.69,44853.8583,0.67
2025.06.24 22:54:22,EURGBP,3.82,0.07,0.54,7.714286,29.4686,44883.3269,0.54
2025.06.25 02:20:02,EURGBP,-0.57,0.07,0.54,7.714286,-4.3971,44878.9297,0.54
2025.06.25 09:39:33,EURGBP,4.29,0.07,0.54,7.714286,33.0943,44912.024,0.54
2025.06.25 09:40:00,EURGBP,-0.57,0.07,0.54,7.714286,-4.3971,44907.6269,0.54
2025.06.25 13:42:59,EURGBP,4.29,0.07,0.54,7.714286,33.0943,44940.7211,0.54
2025.06.25 13:45:00,EURGBP,-0.57,0.07,0.54,7.714286,-4.3971,44936.324,0.54
2025.06.25 14:35:38,EURGBP,4.29,0.07,0.54,7.714286,33.0943,44969.4183,0.54
2025.06.25 16:00:00,EURUSD,-3.41,0.42,1.35,3.214286,-10.9607,44958.4576,1.35
2025.06.25 16:00:02,GBPUSD,-0.95,0.1,0.63,6.3,-5.985,44952.4726,0.63
2025.06.25 16:20:00,EURGBP,-0.57,0.07,0.54,7.714286,-4.3971,44948.0754,0.54
2025.06.25 16:54:10,EURGBP,4.29,0.07,0.54,7.714286,33.0943,44981.1697,0.54
2025.06.25 17:30:00,EURGBP,-0.57,0.07,0.54,7.714286,-4.3971,44976.7726,0.54
2025.06.26 08:50:06,EURGBP,4.23,0.07,0.54,7.714286,32.6314,45009.404,0.54
2025.06.26 08:55:00,EURGBP,-0.57,0.07,0.54,7.714286,-4.3971,45005.0069,0.54
2025.06.26 09:55:40,EURGBP,4.23,0.07,0.54,7.714286,32.6314,45037.6383,0.54
2025.06.26 10:10:00,EURGBP,-0.57,0.07,0.54,7.714286,-4.3971,45033.2411,0.54
2025.06.26 10:20:11,EURGBP,4.33,0.07,0.54,7.714286,33.4029,45066.644,0.54
2025.06.26 11:15:00,EURGBP,-0.57,0.07,0.54,7.714286,-4.3971,45062.2469,0.54
2025.06.26 11:19:53,EURGBP,4.24,0.07,0.54,7.714286,32.7086,45094.9554,0.54
2025.06.26 11:40:00,EURGBP,-0.58,0.07,0.54,7.714286,-4.4743,45090.4811,0.54
2025.06.26 12:19:07,EURGBP,4.24,0.07,0.54,7.714286,32.7086,45123.1897,0.54
2025.06.26 12:20:00,USDCHF,-0.91,0.13,0.68,5.230769,-4.76,45118.4297,0.68
2025.06.26 14:05:00,EURGBP,-0.57,0.07,0.54,7.714286,-4.3971,45114.0326,0.54
2025.06.26 16:47:34,EURGBP,4.24,0.07,0.54,7.714286,32.7086,45146.7411,0.54
2025.06.26 17:00:00,EURGBP,-0.57,0.07,0.54,7.714286,-4.3971,45142.344,0.54
2025.06.27 13:52:58,EURGBP,4.52,0.07,0.54,7.714286,34.8686,45177.2126,0.54
2025.06.27 15:35:00,EURGBP,-0.58,0.07,0.54,7.714286,-4.4743,45172.7383,0.54
2025.06.27 15:44:10,EURGBP,4.34,0.07,0.54,7.714286,33.48,45206.2183,0.54
2025.06.27 15:55:00,EURGBP,-0.58,0.07,0.54,7.714286,-4.4743,45201.744,0.54
2025.06.27 21:00:00,GBPUSD,-0.96,0.1,0.63,6.3,-6.048,45195.696,0.63
2025.07.01 16:40:00,EURGBP,-0.58,0.07,0.54,7.714286,-4.4743,45191.2217,0.54
2025.07.01 20:00:00,EURUSD,-3.46,0.42,1.36,3.238095,-11.2038,45180.0179,1.36
2025.07.02 15:35:45,GBPUSD,57.35,0.1,0.63,6.3,361.305,45541.3229,0.63
2025.07.02 15:35:45,GBPUSD,-36.35,0.1,0.63,6.3,-229.005,45312.3179,0.63
2025.07.02 15:40:00,EURGBP,-0.58,0.07,0.54,7.714286,-4.4743,45307.8436,0.54
2025.07.03 12:00:00,GBPUSD,-0.96,0.1,0.63,6.3,-6.048,45301.7956,0.63
2025.07.04 07:55:23,GBPUSD,9.14,0.1,0.63,6.3,57.582,45359.3776,0.63
2025.07.08 11:00:00,GBPUSD,-0.95,0.1,0.64,6.4,-6.08,45353.2976,0.64
2025.07.10 17:29:30,EURUSD,424.13,0.42,1.36,3.238095,1373.3733,46726.671,1.36
2025.07.10 17:29:30,EURUSD,-299.95,0.42,1.35,3.214286,-964.125,45762.546,1.35
2025.07.15 03:45:03,EURGBP,-0.57,0.07,0.55,7.857143,-4.4786,45758.0674,0.55
2025.07.15 13:00:00,GBPUSD,-0.94,0.1,0.64,6.4,-6.016,45752.0514,0.64
2025.07.16 16:48:54,USDCHF,87.33,0.13,0.68,5.230769,456.8031,46208.8545,0.68
2025.07.16 16:48:55,USDCHF,14.74,0.13,0.67,5.153846,75.9677,46284.8222,0.67
2025.07.16 16:48:55,USDCHF,-79.79,0.13,0.67,5.153846,-411.2254,45873.5968,0.67
2025.07.16 17:55:00,USDCHF,-0.91,0.13,0.69,5.307692,-4.83,45868.7668,0.69
2025.07.16 17:56:33,USDCHF,7.34,0.13,0.69,5.307692,38.9585,45907.7252,0.69
2025.07.16 19:00:00,EURUSD,-3.42,0.42,1.38,3.285714,-11.2371,45896.4881,1.38
2025.07.16 19:00:00,USDCHF,-0.91,0.13,0.69,5.307692,-4.83,45891.6581,0.69
2025.07.16 19:00:50,USDCHF,7.36,0.13,0.69,5.307692,39.0646,45930.7227,0.69
2025.07.16 19:07:22,EURUSD,60.0,0.42,1.38,3.285714,197.1429,46127.8656,1.38
2025.07.16 22:55:00,USDCHF,-0.91,0.13,0.69,5.307692,-4.83,46123.0356,0.69
2025.07.17 10:00:00,EURUSD,-3.41,0.42,1.38,3.285714,-11.2043,46111.8313,1.38
2025.07.17 15:30:26,EURUSD,59.18,0.42,1.38,3.285714,194.4486,46306.2798,1.38
2025.07.18 05:00:00,EURUSD,-3.5,0.43,1.39,3.232558,-11.314,46294.9659,1.39
2025.07.18 11:46:49,EURUSD,62.29,0.43,1.39,3.232558,201.356,46496.3219,1.39
2025.07.18 15:06:45,USDCHF,7.54,0.13,0.69,5.307692,40.02,46536.3419,0.69
2025.07.18 19:15:00,USDCHF,-0.91,0.13,0.7,5.384615,-4.9,46531.4419,0.7
2025.07.18 19:41:59,USDCHF,7.21,0.13,0.7,5.384615,38.8231,46570.265,0.7
2025.07.18 22:00:00,EURUSD,-3.5,0.43,1.4,3.255814,-11.3953,46558.8697,1.4
2025.07.18 23:05:00,USDCHF,-0.91,0.13,0.7,5.384615,-4.9,46553.9697,0.7
2025.07.21 00:00:19,USDCHF,28.03,0.13,0.7,5.384615,150.9308,46704.9004,0.7
2025.07.21 03:15:00,USDCHF,-0.91,0.13,0.7,5.384615,-4.9,46700.0004,0.7
2025.07.21 09:49:25,USDCHF,7.37,0.13,0.7,5.384615,39.6846,46739.6851,0.7
2025.07.21 10:35:00,USDCHF,-0.91,0.13,0.7,5.384615,-4.9,46734.7851,0.7
2025.07.23 01:35:01,USDCHF,-0.91,0.13,0.7,5.384615,-4.9,46729.8851,0.7
2025.07.23 17:10:14,GBPUSD,102.05,0.1,0.64,6.4,653.12,47383.0051,0.64
2025.07.23 17:10:14,GBPUSD,-83.85,0.1,0.64,6.4,-536.64,46846.3651,0.64
2025.07.24 12:00:00,GBPUSD,-0.95,0.1,0.66,6.6,-6.27,46840.0951,0.66
2025.07.24 13:00:00,EURUSD,-3.54,0.43,1.41,3.27907,-11.6079,46828.4871,1.41
2025.07.24 15:41:31,GBPUSD,9.15,0.1,0.66,6.6,60.39,46888.8771,0.66
2025.07.25 14:18:15,USDCHF,75.71,0.13,0.7,5.384615,407.6692,47296.5464,0.7
2025.07.25 14:18:15,USDCHF,-60.9,0.13,0.7,5.384615,-327.9231,46968.6233,0.7
2025.07.25 17:05:00,USDCHF,-0.91,0.13,0.7,5.384615,-4.9,46963.7233,0.7
2025.07.25 19:42:24,USDCHF,7.42,0.13,0.7,5.384615,39.9538,47003.6771,0.7
2025.07.25 23:15:16,USDCHF,-0.91,0.13,0.71,5.461538,-4.97,46998.7071,0.71
2025.07.28 04:51:27,USDCHF,7.42,0.13,0.71,5.461538,40.5246,47039.2318,0.71
2025.07.28 06:40:10,USDCHF,-0.91,0.13,0.71,5.461538,-4.97,47034.2618,0.71
2025.07.28 10:58:29,EURUSD,339.63,0.43,1.41,3.27907,1113.6705,48147.9322,1.41
2025.07.28 10:58:29,EURUSD,-221.09,0.43,1.4,3.255814,-719.8279,47428.1043,1.4
2025.07.28 17:30:00,USDCHF,-0.91,0.13,0.71,5.461538,-4.97,47423.1343,0.71
2025.07.29 11:45:00,USDCHF,-0.91,0.13,0.71,5.461538,-4.97,47418.1643,0.71
2025.07.30 04:00:00,GBPUSD,-0.94,0.1,0.66,6.6,-6.204,47411.9603,0.66
2025.07.30 12:08:28,GBPUSD,9.16,0.1,0.66,6.6,60.456,47472.4163,0.66
2025.07.30 16:00:00,GBPUSD,-0.93,0.1,0.66,6.6,-6.138,47466.2783,0.66
2025.07.30 16:12:55,GBPUSD,9.57,0.1,0.66,6.6,63.162,47529.4403,0.66
2025.07.31 06:26:45,EURGBP,71.3,0.07,0.55,7.857143,560.2143,48089.6546,0.55
2025.07.31 06:26:46,EURGBP,27.07,0.07,0.54,7.714286,208.8257,48298.4803,0.54
2025.07.31 06:26:46,EURGBP,-17.71,0.07,0.54,7.714286,-136.62,48161.8603,0.54
2025.07.31 06:26:46,EURGBP,-64.08,0.07,0.54,7.714286,-494.3314,47667.5289,0.54
2025.07.31 08:00:00,EURGBP,-0.56,0.07,0.57,8.142857,-4.56,47662.9689,0.57
2025.08.01 15:35:00,EURGBP,-0.56,0.07,0.57,8.142857,-4.56,47658.4089,0.57
2025.08.01 16:00:00,EURUSD,-3.48,0.43,1.43,3.325581,-11.573,47646.8359,1.43
2025.08.01 16:00:00,GBPUSD,-0.93,0.1,0.67,6.7,-6.231,47640.6049,0.67
2025.08.01 16:11:19,EURUSD,61.45,0.43,1.43,3.325581,204.357,47844.9618,1.43
2025.08.01 16:11:20,GBPUSD,9.17,0.1,0.67,6.7,61.439,47906.4008,0.67
2025.08.05 09:00:00,EURUSD,-3.48,0.43,1.44,3.348837,-11.654,47894.7469,1.44
2025.08.05 11:45:32,EURUSD,63.61,0.43,1.44,3.348837,213.0195,48107.7664,1.44
2025.08.05 19:00:00,EURUSD,-3.57,0.44,1.44,3.272727,-11.6836,48096.0828,1.44
2025.08.06 12:00:00,GBPUSD,-0.93,0.1,0.67,6.7,-6.231,48089.8518,0.67
2025.08.06 13:07:34,EURUSD,63.31,0.44,1.44,3.272727,207.1964,48297.0482,1.44
2025.08.07 05:15:00,EURGBP,-0.57,0.07,0.58,8.285714,-4.7229,48292.3253,0.58
2025.08.07 15:00:00,EURUSD,-3.59,0.44,1.45,3.295455,-11.8307,48280.4946,1.45
2025.08.07 15:09:21,EURGBP,54.59,0.07,0.58,8.285714,452.3171,48732.8118,0.58
2025.08.07 15:09:21,EURGBP,9.86,0.07,0.57,8.142857,80.2886,48813.1003,0.57
2025.08.07 15:09:21,EURGBP,-51.79,0.07,0.57,8.142857,-421.7186,48391.3818,0.57
2025.08.07 17:08:30,EURUSD,68.58,0.44,1.45,3.295455,226.0023,48617.384,1.45
2025.08.07 17:30:00,EURGBP,-0.57,0.07,0.58,8.285714,-4.7229,48612.6612,0.58
2025.08.07 17:41:29,EURGBP,4.12,0.07,0.58,8.285714,34.1371,48646.7983,0.58
2025.08.07 21:15:00,EURGBP,-0.57,0.07,0.58,8.285714,-4.7229,48642.0755,0.58
2025.08.07 22:22:47,EURGBP,4.12,0.07,0.58,8.285714,34.1371,48676.2126,0.58
2025.08.07 23:30:00,EURGBP,-0.57,0.07,0.58,8.285714,-4.7229,48671.4897,0.58
2025.08.08 08:23:33,EURGBP,4.13,0.07,0.58,8.285714,34.22,48705.7097,0.58
2025.08.08 10:20:00,EURGBP,-0.57,0.07,0.58,8.285714,-4.7229,48700.9869,0.58
2025.08.08 10:33:25,EURGBP,4.23,0.07,0.58,8.285714,35.0486,48736.0355,0.58
2025.08.08 11:45:00,EURGBP,-0.57,0.07,0.58,8.285714,-4.7229,48731.3126,0.58
2025.08.08 15:09:06,EURGBP,4.32,0.07,0.58,8.285714,35.7943,48767.1069,0.58
2025.08.08 15:10:00,EURGBP,-0.57,0.07,0.59,8.428571,-4.8043,48762.3026,0.59
2025.08.08 21:00:40,EURGBP,4.23,0.07,0.59,8.428571,35.6529,48797.9555,0.59
2025.08.08 21:50:02,EURGBP,-0.57,0.07,0.59,8.428571,-4.8043,48793.1512,0.59
2025.08.11 05:00:12,EURGBP,4.52,0.07,0.59,8.428571,38.0971,48831.2483,0.59
2025.08.11 08:05:00,EURGBP,-0.57,0.07,0.59,8.428571,-4.8043,48826.444,0.59
2025.08.11 14:00:00,GBPUSD,-0.94,0.1,0.68,6.8,-6.392,48820.052,0.68
2025.08.12 15:10:00,EURGBP,-0.57,0.07,0.59,8.428571,-4.8043,48815.2477,0.59
2025.08.12 16:00:00,EURUSD,-3.59,0.44,1.46,3.318182,-11.9123,48803.3355,1.46
2025.08.12 16:44:58,EURUSD,65.05,0.44,1.46,3.318182,215.8477,49019.1832,1.46
2025.08.12 18:44:31,EURGBP,26.22,0.07,0.59,8.428571,220.9971,49240.1803,0.59
2025.08.12 18:44:31,EURGBP,-17.7,0.07,0.59,8.428571,-149.1857,49090.9946,0.59
2025.08.12 18:45:00,EURGBP,-0.57,0.07,0.59,8.428571,-4.8043,49086.1903,0.59
2025.08.12 18:56:38,EURGBP,4.16,0.07,0.59,8.428571,35.0629,49121.2532,0.59
2025.08.12 22:05:00,EURGBP,-0.65,0.08,0.59,7.375,-4.7937,49116.4594,0.59
2025.08.13 11:08:58,EURGBP,4.76,0.08,0.59,7.375,35.105,49151.5644,0.59
2025.08.13 12:10:02,EURGBP,-0.66,0.08,0.59,7.375,-4.8675,49146.6969,0.59
2025.08.14 10:00:00,EURUSD,-3.6,0.44,1.47,3.340909,-12.0273,49134.6697,1.47
2025.08.14 11:56:41,EURUSD,62.41,0.44,1.47,3.340909,208.5061,49343.1758,1.47
2025.08.14 16:00:00,GBPUSD,-0.95,0.1,0.69,6.9,-6.555,49336.6208,0.69
2025.08.15 11:00:00,EURUSD,-3.6,0.44,1.48,3.363636,-12.1091,49324.5117,1.48
2025.08.15 15:41:08,EURUSD,62.84,0.44,1.48,3.363636,211.3709,49535.8826,1.48
2025.08.18 11:00:00,EURUSD,-3.6,0.44,1.49,3.386364,-12.1909,49523.6917,1.49
2025.08.18 17:47:13,EURUSD,62.85,0.44,1.49,3.386364,212.833,49736.5247,1.49
2025.08.19 11:00:00,EURUSD,-3.68,0.45,1.49,3.311111,-12.1849,49724.3398,1.49
2025.08.19 13:54:04,EURGBP,4.87,0.08,0.59,7.375,35.9162,49760.256,0.59
2025.08.19 16:55:00,EURGBP,-0.65,0.08,0.6,7.5,-4.875,49755.381,0.6
2025.08.19 17:54:10,EURGBP,4.75,0.08,0.6,7.5,35.625,49791.006,0.6
2025.08.19 20:40:00,EURGBP,-0.65,0.08,0.6,7.5,-4.875,49786.131,0.6
2025.08.20 15:03:00,EURGBP,4.74,0.08,0.6,7.5,35.55,49821.681,0.6
2025.08.20 17:30:02,EURGBP,-0.65,0.08,0.6,7.5,-4.875,49816.806,0.6
2025.08.21 09:20:34,EURGBP,4.73,0.08,0.6,7.5,35.475,49852.281,0.6
2025.08.21 09:40:00,EURGBP,-0.65,0.08,0.6,7.5,-4.875,49847.406,0.6
2025.08.21 10:15:00,EURGBP,4.95,0.08,0.6,7.5,37.125,49884.531,0.6
2025.08.21 10:35:00,EURGBP,-0.65,0.08,0.6,7.5,-4.875,49879.656,0.6
2025.08.21 11:30:00,EURGBP,7.32,0.08,0.6,7.5,54.9,49934.556,0.6
2025.08.21 14:00:00,EURGBP,-0.65,0.08,0.6,7.5,-4.875,49929.681,0.6
2025.08.21 14:07:41,EURGBP,4.74,0.08,0.6,7.5,35.55,49965.231,0.6
2025.08.21 14:15:01,EURGBP,-0.65,0.08,0.6,7.5,-4.875,49960.356,0.6
2025.08.21 15:27:34,EURGBP,4.95,0.08,0.6,7.5,37.125,49997.481,0.6
2025.08.21 15:30:00,EURGBP,-0.65,0.08,0.6,7.5,-4.875,49992.606,0.6
2025.08.21 15:37:16,EURGBP,4.84,0.08,0.6,7.5,36.3,50028.906,0.6
2025.08.21 15:40:00,EURGBP,-0.65,0.08,0.6,7.5,-4.875,50024.031,0.6
2025.08.21 16:35:31,EURGBP,4.84,0.08,0.6,7.5,36.3,50060.331,0.6
2025.08.21 17:15:00,EURGBP,-0.65,0.08,0.6,7.5,-4.875,50055.456,0.6
2025.08.21 18:11:05,GBPUSD,134.46,0.1,0.69,6.9,927.774,50983.23,0.69
2025.08.21 18:11:05,GBPUSD,27.46,0.1,0.68,6.8,186.728,51169.958,0.68
2025.08.21 18:11:05,GBPUSD,-134.64,0.1,0.67,6.7,-902.088,50267.87,0.67
2025.08.21 18:36:44,EURGBP,4.72,0.08,0.6,7.5,35.4,50303.27,0.6
2025.08.21 21:25:01,EURGBP,-0.65,0.08,0.6,7.5,-4.875,50298.395,0.6
2025.08.22 00:30:01,EURGBP,4.93,0.08,0.6,7.5,36.975,50335.37,0.6
2025.08.22 03:15:00,EURGBP,-0.65,0.08,0.6,7.5,-4.875,50330.495,0.6
2025.08.22 06:38:03,EURGBP,4.71,0.08,0.6,7.5,35.325,50365.82,0.6
2025.08.22 09:15:00,EURGBP,-0.65,0.08,0.6,7.5,-4.875,50360.945,0.6
2025.08.22 09:55:10,EURGBP,4.93,0.08,0.6,7.5,36.975,50397.92,0.6
2025.08.22 11:10:05,EURGBP,-0.65,0.08,0.6,7.5,-4.875,50393.045,0.6
2025.08.22 15:06:31,EURGBP,4.72,0.08,0.6,7.5,35.4,50428.445,0.6
2025.08.22 15:10:01,EURGBP,-0.65,0.08,0.61,7.625,-4.9562,50423.4888,0.61
2025.08.22 16:33:53,EURGBP,4.83,0.08,0.61,7.625,36.8287,50460.3175,0.61
2025.08.22 17:00:00,GBPUSD,-1.03,0.11,0.71,6.454545,-6.6482,50453.6694,0.71
2025.08.22 17:00:03,GBPUSD,10.08,0.11,0.71,6.454545,65.0618,50518.7312,0.71
2025.08.22 17:17:15,EURUSD,64.26,0.45,1.49,3.311111,212.772,50731.5032,1.49
2025.08.22 18:00:00,EURUSD,-3.69,0.45,1.52,3.377778,-12.464,50719.0392,1.52
2025.08.22 20:05:00,EURGBP,-0.66,0.08,0.61,7.625,-5.0325,50714.0067,0.61
2025.08.22 20:15:25,EURUSD,64.25,0.45,1.52,3.377778,217.0222,50931.0289,1.52
2025.08.25 07:29:46,EURGBP,4.85,0.08,0.61,7.625,36.9812,50968.0101,0.61
2025.08.25 07:45:02,EURGBP,-0.66,0.08,0.61,7.625,-5.0325,50962.9776,0.61
2025.08.25 09:44:49,EURGBP,4.86,0.08,0.61,7.625,37.0575,51000.0351,0.61
2025.08.25 10:10:07,EURGBP,-0.66,0.08,0.61,7.625,-5.0325,50995.0026,0.61
2025.08.25 10:52:57,EURGBP,4.74,0.08,0.61,7.625,36.1425,51031.1451,0.61
2025.08.25 13:45:05,EURGBP,-0.65,0.08,0.61,7.625,-4.9562,51026.1889,0.61
2025.08.25 19:00:00,EURUSD,-3.68,0.45,1.53,3.4,-12.512,51013.6769,1.53
2025.08.25 19:00:00,GBPUSD,-1.04,0.11,0.71,6.454545,-6.7127,51006.9642,0.71
2025.08.25 19:50:47,EURUSD,64.28,0.45,1.53,3.4,218.552,51225.5162,1.53
2025.08.25 20:41:44,GBPUSD,10.29,0.11,0.71,6.454545,66.4173,51291.9334,0.71
2025.08.27 11:50:01,EURGBP,-0.65,0.08,0.62,7.75,-5.0375,51286.8959,0.62
2025.08.27 20:00:00,EURUSD,-3.67,0.45,1.54,3.422222,-12.5596,51274.3364,1.54
2025.08.27 20:00:00,GBPUSD,-1.04,0.11,0.72,6.545455,-6.8073,51267.5291,0.72
2025.08.28 04:03:17,GBPUSD,10.4,0.11,0.72,6.545455,68.0727,51335.6018,0.72
2025.08.28 05:12:58,EURUSD,64.73,0.45,1.54,3.422222,221.5204,51557.1223,1.54
2025.08.28 13:43:06,USDCHF,86.05,0.13,0.71,5.461538,469.9654,52027.0877,0.71
2025.08.28 13:43:06,USDCHF,12.26,0.13,0.71,5.461538,66.9585,52094.0461,0.71
2025.08.28 13:43:07,USDCHF,-76.33,0.13,0.71,5.461538,-416.8792,51677.1669,0.71
2025.08.28 14:35:00,USDCHF,-0.91,0.13,0.78,6.0,-5.46,51671.7069,0.78
2025.08.28 14:42:32,USDCHF,7.37,0.13,0.78,6.0,44.22,51715.9269,0.78
2025.08.28 17:20:00,USDCHF,-0.91,0.13,0.78,6.0,-5.46,51710.4669,0.78
2025.08.28 19:48:18,USDCHF,7.69,0.13,0.78,6.0,46.14,51756.6069,0.78
2025.08.28 19:57:30,EURGBP,29.74,0.08,0.62,7.75,230.485,51987.0919,0.62
2025.08.28 19:57:30,EURGBP,-20.12,0.08,0.61,7.625,-153.415,51833.6769,0.61
2025.08.28 21:05:03,USDCHF,-0.91,0.13,0.78,6.0,-5.46,51828.2169,0.78
2025.08.28 21:36:00,USDCHF,7.53,0.13,0.78,6.0,45.18,51873.3969,0.78
2025.08.28 23:00:00,EURGBP,-0.65,0.08,0.62,7.75,-5.0375,51868.3594,0.62
2025.08.28 23:55:00,USDCHF,-0.91,0.13,0.78,6.0,-5.46,51862.8994,0.78
2025.08.29 10:34:09,USDCHF,7.69,0.13,0.78,6.0,46.14,51909.0394,0.78
2025.08.29 10:50:53,EURGBP,4.74,0.08,0.62,7.75,36.735,51945.7744,0.62
2025.08.29 10:55:00,EURGBP,-0.65,0.08,0.62,7.75,-5.0375,51940.7369,0.62
2025.08.29 11:55:02,USDCHF,-0.91,0.13,0.78,6.0,-5.46,51935.2769,0.78
2025.08.29 12:00:00,GBPUSD,-1.04,0.11,0.73,6.636364,-6.9018,51928.3751,0.73
2025.08.29 12:35:26,USDCHF,7.53,0.13,0.78,6.0,45.18,51973.5551,0.78
2025.08.29 12:35:38,GBPUSD,10.51,0.11,0.73,6.636364,69.7482,52043.3033,0.73
2025.08.29 15:35:00,USDCHF,-0.91,0.13,0.78,6.0,-5.46,52037.8433,0.78
2025.08.29 15:51:50,USDCHF,7.36,0.13,0.78,6.0,44.16,52082.0033,0.78
2025.08.29 18:00:00,GBPUSD,-1.04,0.11,0.73,6.636364,-6.9018,52075.1014,0.73
2025.08.29 21:20:01,USDCHF,-0.91,0.13,0.78,6.0,-5.46,52069.6414,0.78
2025.08.29 23:51:03,USDCHF,7.21,0.13,0.78,6.0,43.26,52112.9014,0.78
2025.09.01 01:00:57,USDCHF,-0.91,0.13,0.78,6.0,-5.46,52107.4414,0.78
2025.09.01 01:57:38,USDCHF,7.2,0.13,0.78,6.0,43.2,52150.6414,0.78
2025.09.01 05:05:00,USDCHF,-0.91,0.13,0.78,6.0,-5.46,52145.1814,0.78
2025.09.01 05:08:51,GBPUSD,9.96,0.11,0.73,6.636364,66.0982,52211.2796,0.73
2025.09.01 05:28:21,USDCHF,7.38,0.13,0.78,6.0,44.28,52255.5596,0.78
2025.09.01 10:10:01,USDCHF,-0.91,0.13,0.78,6.0,-5.46,52250.0996,0.78
2025.09.01 14:55:16,USDCHF,7.38,0.13,0.78,6.0,44.28,52294.3796,0.78
2025.09.01 16:00:34,EURGBP,4.86,0.08,0.62,7.75,37.665,52332.0446,0.62
2025.09.01 16:15:00,USDCHF,-0.91,0.13,0.78,6.0,-5.46,52326.5846,0.78
2025.09.01 17:35:00,EURGBP,-0.66,0.08,0.63,7.875,-5.1975,52321.3871,0.63
2025.09.02 07:00:00,GBPUSD,-1.04,0.11,0.73,6.636364,-6.9018,52314.4853,0.73
2025.09.02 07:00:02,EURUSD,-3.68,0.45,1.57,3.488889,-12.8391,52301.6462,1.57
2025.09.02 09:25:26,EURGBP,4.97,0.08,0.63,7.875,39.1387,52340.7849,0.63
2025.09.02 10:05:00,EURGBP,-0.66,0.08,0.63,7.875,-5.1975,52335.5874,0.63
2025.09.02 10:07:33,GBPUSD,10.62,0.11,0.73,6.636364,70.4782,52406.0656,0.73
2025.09.02 10:22:49,EURUSD,63.82,0.45,1.57,3.488889,222.6609,52628.7265,1.57
2025.09.02 22:25:03,USDCHF,-0.91,0.13,0.79,6.076923,-5.53,52623.1965,0.79
2025.09.03 08:00:00,EURGBP,-0.65,0.08,0.63,7.875,-5.1188,52618.0778,0.63
2025.09.03 12:00:00,EURUSD,-3.75,0.46,1.58,3.434783,-12.8804,52605.1973,1.58
2025.09.03 12:00:00,GBPUSD,-1.03,0.11,0.74,6.727273,-6.9291,52598.2682,0.74
2025.09.03 15:15:02,GBPUSD,10.08,0.11,0.74,6.727273,67.8109,52666.0791,0.74
2025.09.03 16:34:05,EURGBP,28.91,0.08,0.63,7.875,227.6662,52893.7454,0.63
2025.09.03 16:34:05,EURGBP,-19.46,0.08,0.63,7.875,-153.2475,52740.4979,0.63
2025.09.03 17:03:06,EURUSD,66.62,0.46,1.58,3.434783,228.8252,52969.3231,1.58
2025.09.03 17:20:00,EURGBP,-0.65,0.08,0.64,8.0,-5.2,52964.1231,0.64
2025.09.03 17:48:16,EURGBP,4.73,0.08,0.64,8.0,37.84,53001.9631,0.64
2025.09.03 18:45:01,EURGBP,-0.65,0.08,0.64,8.0,-5.2,52996.7631,0.64
2025.09.04 18:00:00,EURUSD,-3.75,0.46,1.59,3.456522,-12.962,52983.8012,1.59
2025.09.05 15:17:30,USDCHF,42.36,0.13,0.79,6.076923,257.4185,53241.2196,0.79
2025.09.05 15:17:30,USDCHF,-27.65,0.13,0.78,6.0,-165.9,53075.3196,0.78
2025.09.05 19:40:00,USDCHF,-0.91,0.13,0.8,6.153846,-5.6,53069.7196,0.8
2025.09.05 20:02:11,USDCHF,7.4,0.13,0.8,6.153846,45.5385,53115.2581,0.8
2025.09.05 23:55:00,USDCHF,-0.91,0.13,0.8,6.153846,-5.6,53109.6581,0.8
2025.09.08 08:00:27,USDCHF,7.24,0.13,0.8,6.153846,44.5538,53154.2119,0.8
2025.09.08 12:55:00,USDCHF,-0.91,0.13,0.8,6.153846,-5.6,53148.6119,0.8
2025.09.09 15:00:00,EURUSD,-3.78,0.46,1.59,3.456522,-13.0657,53135.5463,1.59
2025.09.09 18:00:00,GBPUSD,-1.04,0.11,0.74,6.727273,-6.9964,53128.5499,0.74
2025.09.09 18:16:03,GBPUSD,10.51,0.11,0.74,6.727273,70.7036,53199.2536,0.74
2025.09.09 19:46:16,USDCHF,7.57,0.13,0.8,6.153846,46.5846,53245.8382,0.8
2025.09.10 00:25:02,USDCHF,-0.98,0.14,0.8,5.714286,-5.6,53240.2382,0.8
2025.09.10 03:00:58,USDCHF,7.97,0.14,0.8,5.714286,45.5429,53285.781,0.8
2025.09.10 04:55:00,USDCHF,-0.98,0.14,0.8,5.714286,-5.6,53280.181,0.8
2025.09.10 07:16:34,USDCHF,7.98,0.14,0.8,5.714286,45.6,53325.781,0.8
2025.09.10 08:55:00,USDCHF,-0.98,0.14,0.8,5.714286,-5.6,53320.181,0.8
2025.09.10 09:57:17,USDCHF,7.97,0.14,0.8,5.714286,45.5429,53365.7239,0.8
2025.09.10 12:10:00,USDCHF,-0.98,0.14,0.8,5.714286,-5.6,53360.1239,0.8
2025.09.10 12:49:17,USDCHF,8.33,0.14,0.8,5.714286,47.6,53407.7239,0.8
2025.09.10 13:25:00,USDCHF,-0.98,0.14,0.8,5.714286,-5.6,53402.1239,0.8
2025.09.10 14:06:28,USDCHF,7.79,0.14,0.8,5.714286,44.5143,53446.6382,0.8
2025.09.10 14:55:00,USDCHF,-0.98,0.14,0.8,5.714286,-5.6,53441.0382,0.8
2025.09.10 15:30:02,USDCHF,7.98,0.14,0.8,5.714286,45.6,53486.6382,0.8
2025.09.10 15:35:00,USDCHF,-0.98,0.14,0.8,5.714286,-5.6,53481.0382,0.8
2025.09.10 16:27:57,USDCHF,7.81,0.14,0.8,5.714286,44.6286,53525.6667,0.8
2025.09.10 17:00:00,GBPUSD,-1.04,0.11,0.75,6.818182,-7.0909,53518.5758,0.75
2025.09.10 17:55:00,USDCHF,-0.98,0.14,0.8,5.714286,-5.6,53512.9758,0.8
2025.09.10 19:24:12,USDCHF,7.96,0.14,0.8,5.714286,45.4857,53558.4615,0.8
2025.09.10 21:25:00,USDCHF,-0.98,0.14,0.8,5.714286,-5.6,53552.8615,0.8
2025.09.11 15:16:31,EURUSD,318.7,0.46,1.59,3.456522,1101.5935,54654.455,1.59
2025.09.11 15:16:32,EURUSD,-174.42,0.46,1.59,3.456522,-602.8865,54051.5685,1.59
2025.09.11 15:30:29,USDCHF,9.2,0.14,0.8,5.714286,52.5714,54104.1399,0.8
2025.09.11 17:17:57,GBPUSD,10.18,0.11,0.75,6.818182,69.4091,54173.549,0.75
2025.09.11 20:50:00,USDCHF,-0.98,0.14,0.81,5.785714,-5.67,54167.879,0.81
2025.09.12 07:11:58,USDCHF,7.98,0.14,0.81,5.785714,46.17,54214.049,0.81
2025.09.12 08:35:01,USDCHF,-0.98,0.14,0.81,5.785714,-5.67,54208.379,0.81
2025.09.12 10:00:09,USDCHF,7.99,0.14,0.81,5.785714,46.2279,54254.6069,0.81
2025.09.12 11:10:00,USDCHF,-0.98,0.14,0.81,5.785714,-5.67,54248.9369,0.81
2025.09.12 11:14:29,USDCHF,7.8,0.14,0.81,5.785714,45.1286,54294.0654,0.81
2025.09.12 12:00:00,EURUSD,-3.77,0.46,1.63,3.543478,-13.3589,54280.7065,1.63
2025.09.12 12:00:01,GBPUSD,-1.04,0.11,0.76,6.909091,-7.1855,54273.5211,0.76
2025.09.12 13:10:02,USDCHF,-0.98,0.14,0.81,5.785714,-5.67,54267.8511,0.81
2025.09.12 13:53:37,USDCHF,7.98,0.14,0.81,5.785714,46.17,54314.0211,0.81
2025.09.12 14:50:00,USDCHF,-0.98,0.14,0.81,5.785714,-5.67,54308.3511,0.81
2025.09.12 15:09:27,USDCHF,7.97,0.14,0.81,5.785714,46.1121,54354.4632,0.81
2025.09.12 15:41:30,EURUSD,67.07,0.46,1.63,3.543478,237.6611,54592.1243,1.63
2025.09.12 17:05:00,USDCHF,-0.98,0.14,0.82,5.857143,-5.74,54586.3843,0.82
2025.09.12 19:42:56,USDCHF,7.99,0.14,0.82,5.857143,46.7986,54633.1829,0.82
2025.09.12 23:05:06,USDCHF,-0.98,0.14,0.82,5.857143,-5.74,54627.4429,0.82
2025.09.15 05:14:00,USDCHF,7.8,0.14,0.82,5.857143,45.6857,54673.1286,0.82
2025.09.15 08:50:00,USDCHF,-0.98,0.14,0.82,5.857143,-5.74,54667.3886,0.82
2025.09.15 09:20:12,USDCHF,7.8,0.14,0.82,5.857143,45.6857,54713.0743,0.82
2025.09.15 10:10:00,USDCHF,-0.98,0.14,0.82,5.857143,-5.74,54707.3343,0.82
2025.09.15 10:33:04,USDCHF,7.99,0.14,0.82,5.857143,46.7986,54754.1329,0.82
2025.09.15 11:30:00,EURGBP,-0.66,0.08,0.66,8.25,-5.445,54748.6879,0.66
2025.09.15 13:00:00,EURUSD,-3.78,0.46,1.64,3.565217,-13.4765,54735.2114,1.64
2025.09.15 13:27:57,EURUSD,65.21,0.46,1.64,3.565217,232.4878,54967.6992,1.64
2025.09.15 16:25:00,USDCHF,-0.98,0.14,0.82,5.857143,-5.74,54961.9592,0.82
2025.09.16 12:45:08,EURGBP,31.21,0.08,0.66,8.25,257.4825,55219.4417,0.66
2025.09.16 12:45:08,EURGBP,-21.39,0.08,0.64,8.0,-171.12,55048.3217,0.64
2025.09.16 14:00:00,EURGBP,-0.66,0.08,0.66,8.25,-5.445,55042.8767,0.66
2025.09.16 14:10:17,EURGBP,5.01,0.08,0.66,8.25,41.3325,55084.2092,0.66
2025.09.16 15:15:00,EURGBP,-0.66,0.08,0.66,8.25,-5.445,55078.7642,0.66
2025.09.16 15:25:00,USDCHF,-0.98,0.14,0.83,5.928571,-5.81,55072.9542,0.83
2025.09.16 16:55:17,EURGBP,4.8,0.08,0.66,8.25,39.6,55112.5542,0.66
2025.09.16 17:05:00,EURGBP,-0.66,0.08,0.66,8.25,-5.445,55107.1092,0.66
2025.09.16 20:45:00,USDCHF,-0.98,0.14,0.83,5.928571,-5.81,55101.2992,0.83
2025.09.17 14:00:00,EURUSD,-3.81,0.46,1.65,3.586957,-13.6663,55087.6329,1.65
2025.09.17 21:54:33,EURUSD,66.11,0.46,1.65,3.586957,237.1337,55324.7666,1.65
2025.09.18 00:00:00,GBPUSD,-1.05,0.11,0.77,7.0,-7.35,55317.4166,0.77
2025.09.18 11:00:00,EURUSD,-3.89,0.47,1.66,3.531915,-13.7391,55303.6774,1.66
2025.09.18 12:38:53,EURUSD,68.95,0.47,1.66,3.531915,243.5255,55547.203,1.66
2025.09.18 16:07:03,USDCHF,88.34,0.14,0.83,5.928571,523.73,56070.933,0.83
2025.09.18 16:07:04,USDCHF,5.21,0.14,0.83,5.928571,30.8879,56101.8208,0.83
2025.09.18 16:07:04,USDCHF,-69.25,0.14,0.82,5.857143,-405.6071,55696.2137,0.82
2025.09.18 16:35:00,GBPUSD,59.24,0.11,0.77,7.0,414.68,56110.8937,0.77
2025.09.18 16:35:00,GBPUSD,-39.32,0.11,0.76,6.909091,-271.6655,55839.2282,0.76
2025.09.18 17:00:00,EURUSD,-3.87,0.47,1.68,3.574468,-13.8332,55825.395,1.68
2025.09.18 17:30:00,USDCHF,-0.98,0.14,0.84,6.0,-5.88,55819.515,0.84
2025.09.18 18:24:21,USDCHF,8.04,0.14,0.84,6.0,48.24,55867.755,0.84
2025.09.18 18:50:00,USDCHF,-0.98,0.14,0.84,6.0,-5.88,55861.875,0.84
2025.09.19 09:02:30,USDCHF,8.02,0.14,0.84,6.0,48.12,55909.995,0.84
2025.09.19 10:55:00,EURGBP,-0.66,0.08,0.67,8.375,-5.5275,55904.4675,0.67
2025.09.19 11:25:14,EURUSD,67.1,0.47,1.68,3.574468,239.8468,56144.3143,1.68
2025.09.19 12:20:00,USDCHF,-0.98,0.14,0.84,6.0,-5.88,56138.4343,0.84
2025.09.22 12:00:01,EURUSD,-3.87,0.47,1.68,3.574468,-13.8332,56124.6011,1.68
2025.09.22 12:00:01,GBPUSD,-1.04,0.11,0.79,7.181818,-7.4691,56117.1321,0.79
2025.09.22 12:02:13,USDCHF,7.84,0.14,0.84,6.0,47.04,56164.1721,0.84
2025.09.22 12:35:00,USDCHF,-0.98,0.14,0.84,6.0,-5.88,56158.2921,0.84
2025.09.22 13:04:21,EURUSD,67.1,0.47,1.68,3.574468,239.8468,56398.1389,1.68
2025.09.22 13:27:54,GBPUSD,10.18,0.11,0.79,7.181818,73.1109,56471.2498,0.79
2025.09.24 10:00:00,EURUSD,-3.88,0.47,1.69,3.595745,-13.9515,56457.2983,1.69
2025.09.24 10:00:00,GBPUSD,-1.04,0.11,0.79,7.181818,-7.4691,56449.8292,0.79
2025.09.24 10:13:26,GBPUSD,10.18,0.11,0.79,7.181818,73.1109,56522.9401,0.79
2025.09.24 11:25:37,EURUSD,67.1,0.47,1.69,3.595745,241.2745,56764.2146,1.69
2025.09.24 17:20:33,USDCHF,7.82,0.14,0.84,6.0,46.92,56811.1346,0.84
2025.09.25 04:20:06,USDCHF,-0.98,0.14,0.85,6.071429,-5.95,56805.1846,0.85
2025.09.25 09:09:03,USDCHF,8.0,0.14,0.85,6.071429,48.5714,56853.756,0.85
2025.09.25 10:35:02,USDCHF,-0.98,0.14,0.85,6.071429,-5.95,56847.806,0.85
2025.09.25 20:45:01,USDCHF,-0.98,0.14,0.85,6.071429,-5.95,56841.856,0.85
2025.09.26 16:00:00,GBPUSD,-1.03,0.11,0.8,7.272727,-7.4909,56834.3651,0.8
2025.09.26 16:04:09,GBPUSD,9.64,0.11,0.8,7.272727,70.1091,56904.4742,0.8
2025.09.26 21:00:00,EURUSD,-3.85,0.47,1.71,3.638298,-14.0074,56890.4667,1.71
2025.09.29 02:31:23,USDCHF,55.56,0.14,0.85,6.071429,337.3286,57227.7953,0.85
2025.09.29 02:31:23,USDCHF,-40.31,0.14,0.85,6.071429,-244.7393,56983.056,0.85
2025.09.29 03:05:28,EURUSD,67.12,0.47,1.71,3.638298,244.2026,57227.2586,1.71
2025.09.29 04:10:00,USDCHF,-0.98,0.14,0.86,6.142857,-6.02,57221.2386,0.86
2025.09.29 14:00:27,USDCHF,7.62,0.14,0.86,6.142857,46.8086,57268.0471,0.86
2025.09.29 15:15:00,USDCHF,-0.98,0.14,0.86,6.142857,-6.02,57262.0271,0.86
2025.09.29 15:37:15,USDCHF,7.97,0.14,0.86,6.142857,48.9586,57310.9857,0.86
2025.09.29 17:00:00,USDCHF,-0.98,0.14,0.86,6.142857,-6.02,57304.9657,0.86
2025.09.30 03:47:54,USDCHF,8.32,0.14,0.86,6.142857,51.1086,57356.0743,0.86
2025.09.30 04:20:00,USDCHF,-0.98,0.14,0.86,6.142857,-6.02,57350.0543,0.86
2025.09.30 07:57:54,USDCHF,7.8,0.14,0.86,6.142857,47.9143,57397.9686,0.86
2025.09.30 08:45:00,USDCHF,-0.98,0.14,0.86,6.142857,-6.02,57391.9486,0.86
2025.09.30 14:13:22,USDCHF,8.14,0.14,0.86,6.142857,50.0029,57441.9514,0.86
2025.09.30 15:00:00,USDCHF,-0.98,0.14,0.86,6.142857,-6.02,57435.9314,0.86
2025.09.30 15:22:27,USDCHF,7.98,0.14,0.86,6.142857,49.02,57484.9514,0.86
2025.09.30 16:20:00,USDCHF,-0.98,0.14,0.86,6.142857,-6.02,57478.9314,0.86
2025.09.30 16:26:08,USDCHF,8.66,0.14,0.86,6.142857,53.1971,57532.1286,0.86
2025.09.30 16:50:00,USDCHF,-0.98,0.14,0.86,6.142857,-6.02,57526.1086,0.86
2025.09.30 17:10:04,USDCHF,7.81,0.14,0.86,6.142857,47.9757,57574.0843,0.86
2025.09.30 18:20:00,USDCHF,-0.98,0.14,0.86,6.142857,-6.02,57568.0643,0.86
2025.09.30 18:29:23,USDCHF,7.62,0.14,0.86,6.142857,46.8086,57614.8729,0.86
2025.09.30 19:10:00,USDCHF,-0.98,0.14,0.86,6.142857,-6.02,57608.8529,0.86
2025.09.30 19:34:04,USDCHF,7.82,0.14,0.86,6.142857,48.0371,57656.89,0.86
2025.09.30 20:50:08,USDCHF,-0.98,0.14,0.86,6.142857,-6.02,57650.87,0.86
2025.09.30 21:22:54,USDCHF,7.99,0.14,0.86,6.142857,49.0814,57699.9514,0.86
2025.10.01 00:01:40,USDCHF,-0.98,0.14,0.87,6.214286,-6.09,57693.8614,0.87
2025.10.01 07:10:26,USDCHF,7.99,0.14,0.87,6.214286,49.6521,57743.5136,0.87
2025.10.01 08:15:00,USDCHF,-0.98,0.14,0.87,6.214286,-6.09,57737.4236,0.87
2025.10.01 11:58:33,USDCHF,9.93,0.14,0.87,6.214286,61.7079,57799.1314,0.87
2025.10.01 14:00:00,EURUSD,-3.94,0.48,1.73,3.604167,-14.2004,57784.931,1.73
2025.10.01 15:20:00,USDCHF,-0.98,0.14,0.87,6.214286,-6.09,57778.841,0.87
2025.10.02 12:12:44,USDCHF,7.99,0.14,0.87,6.214286,49.6521,57828.4932,0.87
2025.10.02 13:10:01,USDCHF,-0.98,0.14,0.87,6.214286,-6.09,57822.4032,0.87
2025.10.02 15:42:39,USDCHF,7.98,0.14,0.87,6.214286,49.59,57871.9932,0.87
2025.10.02 16:00:00,GBPUSD,-1.04,0.11,0.81,7.363636,-7.6582,57864.335,0.81
2025.10.02 16:15:07,GBPUSD,10.07,0.11,0.81,7.363636,74.1518,57938.4868,0.81
2025.10.02 17:11:21,EURUSD,67.11,0.48,1.73,3.604167,241.8756,58180.3624,1.73
2025.10.02 19:35:01,USDCHF,-0.98,0.14,0.87,6.214286,-6.09,58174.2724,0.87
2025.10.02 20:05:32,USDCHF,7.97,0.14,0.87,6.214286,49.5279,58223.8003,0.87
2025.10.02 23:30:01,USDCHF,-0.98,0.14,0.87,6.214286,-6.09,58217.7103,0.87
2025.10.03 12:00:00,EURUSD,-3.94,0.48,1.75,3.645833,-14.3646,58203.3457,1.75
2025.10.03 17:00:00,GBPUSD,-1.04,0.11,0.81,7.363636,-7.6582,58195.6875,0.81
2025.10.03 17:06:17,EURUSD,68.53,0.48,1.75,3.645833,249.849,58445.5365,1.75
2025.10.03 18:55:51,GBPUSD,10.07,0.11,0.81,7.363636,74.1518,58519.6883,0.81
2025.10.06 02:00:01,GBPUSD,-1.03,0.11,0.82,7.454545,-7.6782,58512.0101,0.82
2025.10.06 10:00:00,EURUSD,-3.93,0.48,1.76,3.666667,-14.41,58497.6001,1.76
2025.10.06 10:41:19,EURGBP,38.93,0.08,0.67,8.375,326.0387,58823.6389,0.67
2025.10.06 10:41:19,EURGBP,-29.48,0.08,0.66,8.25,-243.21,58580.4289,0.66
2025.10.06 10:41:19,USDCHF,7.96,0.14,0.87,6.214286,49.4657,58629.8946,0.87
2025.10.06 10:42:15,EURUSD,72.4,0.48,1.76,3.666667,265.4667,58895.3612,1.76
2025.10.06 10:45:00,EURGBP,-0.65,0.08,0.71,8.875,-5.7687,58889.5925,0.71
2025.10.06 11:11:46,GBPUSD,9.97,0.11,0.82,7.454545,74.3218,58963.9143,0.82
2025.10.06 11:28:09,EURGBP,4.83,0.08,0.71,8.875,42.8663,59006.7806,0.71
2025.10.06 14:00:00,EURGBP,-0.65,0.08,0.71,8.875,-5.7687,59001.0118,0.71
2025.10.06 14:00:00,USDCHF,-0.98,0.14,0.89,6.357143,-6.23,58994.7818,0.89
2025.10.06 14:37:26,USDCHF,7.97,0.14,0.89,6.357143,50.6664,59045.4482,0.89
2025.10.06 17:25:05,EURGBP,4.73,0.08,0.71,8.875,41.9787,59087.427,0.71
2025.10.06 18:00:00,EURUSD,-3.94,0.48,1.77,3.6875,-14.5288,59072.8982,1.77
2025.10.06 18:00:00,GBPUSD,-1.04,0.11,0.83,7.545455,-7.8473,59065.051,0.83
2025.10.06 21:00:00,EURGBP,-0.66,0.08,0.71,8.875,-5.8575,59059.1935,0.71
2025.10.06 22:37:03,GBPUSD,9.96,0.11,0.83,7.545455,75.1527,59134.3462,0.83
2025.10.07 01:15:00,USDCHF,-0.98,0.14,0.89,6.357143,-6.23,59128.1162,0.89
2025.10.07 04:44:16,USDCHF,7.99,0.14,0.89,6.357143,50.7936,59178.9098,0.89
2025.10.07 09:09:43,EURGBP,4.84,0.08,0.71,8.875,42.955,59221.8648,0.71
2025.10.07 09:10:00,EURGBP,-0.65,0.08,0.71,8.875,-5.7687,59216.096,0.71
2025.10.07 10:00:00,GBPUSD,-1.04,0.11,0.83,7.545455,-7.8473,59208.2487,0.83
2025.10.07 10:08:29,GBPUSD,11.06,0.11,0.83,7.545455,83.4527,59291.7015,0.83
2025.10.07 11:45:36,EURGBP,4.83,0.08,0.71,8.875,42.8663,59334.5677,0.71
2025.10.07 11:50:00,EURGBP,-0.65,0.08,0.71,8.875,-5.7687,59328.799,0.71
2025.10.07 13:35:00,USDCHF,-0.98,0.14,0.89,6.357143,-6.23,59322.569,0.89
2025.10.07 13:53:39,EURGBP,4.72,0.08,0.71,8.875,41.89,59364.459,0.71
2025.10.07 13:55:00,EURGBP,-0.65,0.08,0.71,8.875,-5.7687,59358.6902,0.71
2025.10.07 17:29:08,EURGBP,4.93,0.08,0.71,8.875,43.7537,59402.444,0.71
2025.10.07 18:46:23,USDCHF,7.8,0.14,0.89,6.357143,49.5857,59452.0297,0.89
2025.10.07 20:00:00,EURGBP,-0.65,0.08,0.71,8.875,-5.7687,59446.2609,0.71
2025.10.07 21:00:00,USDCHF,-0.98,0.14,0.89,6.357143,-6.23,59440.0309,0.89
2025.10.07 21:39:27,USDCHF,7.61,0.14,0.89,6.357143,48.3779,59488.4088,0.89
2025.10.08 00:25:07,USDCHF,-0.98,0.14,0.89,6.357143,-6.23,59482.1788,0.89
2025.10.08 03:01:27,USDCHF,7.96,0.14,0.89,6.357143,50.6029,59532.7816,0.89
2025.10.08 10:40:00,USDCHF,-0.98,0.14,0.89,6.357143,-6.23,59526.5516,0.89
2025.10.08 11:00:00,GBPUSD,-1.03,0.11,0.83,7.545455,-7.7718,59518.7798,0.83
2025.10.08 13:27:37,USDCHF,7.94,0.14,0.89,6.357143,50.4757,59569.2555,0.89
2025.10.08 16:15:53,GBPUSD,10.19,0.11,0.83,7.545455,76.8882,59646.1437,0.83
2025.10.08 16:30:00,USDCHF,-0.98,0.14,0.89,6.357143,-6.23,59639.9137,0.89
2025.10.08 16:47:14,USDCHF,7.93,0.14,0.89,6.357143,50.4121,59690.3259,0.89
2025.10.08 21:00:00,GBPUSD,-1.03,0.11,0.84,7.636364,-7.8655,59682.4604,0.84
2025.10.08 21:45:00,USDCHF,-0.98,0.14,0.9,6.428571,-6.3,59676.1604,0.9
2025.10.09 01:09:54,USDCHF,7.93,0.14,0.9,6.428571,50.9786,59727.139,0.9
2025.10.09 02:25:00,USDCHF,-0.98,0.14,0.9,6.428571,-6.3,59720.839,0.9
2025.10.09 06:00:00,EURUSD,-3.91,0.48,1.79,3.729167,-14.581,59706.2579,1.79
2025.10.09 09:26:34,EURGBP,4.7,0.08,0.71,8.875,41.7125,59747.9704,0.71
2025.10.09 09:28:21,USDCHF,7.75,0.14,0.9,6.428571,49.8214,59797.7919,0.9
2025.10.09 09:30:07,GBPUSD,9.97,0.11,0.84,7.636364,76.1345,59873.9264,0.84
2025.10.09 11:45:00,EURGBP,-0.65,0.08,0.72,9.0,-5.85,59868.0764,0.72
2025.10.09 11:45:00,USDCHF,-0.98,0.14,0.9,6.428571,-6.3,59861.7764,0.9
2025.10.09 12:04:49,USDCHF,7.93,0.14,0.9,6.428571,50.9786,59912.755,0.9
2025.10.09 14:10:00,USDCHF,-0.98,0.14,0.9,6.428571,-6.3,59906.455,0.9
2025.10.09 15:18:03,USDCHF,7.75,0.14,0.9,6.428571,49.8214,59956.2764,0.9
2025.10.09 20:03:39,EURGBP,4.78,0.08,0.72,9.0,43.02,59999.2964,0.72
2025.10.09 22:25:03,USDCHF,-0.98,0.14,0.9,6.428571,-6.3,59992.9964,0.9
2025.10.09 23:05:59,USDCHF,8.05,0.14,0.9,6.428571,51.75,60044.7464,0.9
2025.10.09 23:35:00,EURGBP,-0.65,0.08,0.72,9.0,-5.85,60038.8964,0.72
2025.10.10 02:05:05,USDCHF,-0.98,0.14,0.9,6.428571,-6.3,60032.5964,0.9
2025.10.10 09:45:48,EURGBP,4.77,0.08,0.72,9.0,42.93,60075.5264,0.72
2025.10.10 11:55:00,EURGBP,-0.65,0.08,0.72,9.0,-5.85,60069.6764,0.72
2025.10.10 12:23:42,EURGBP,4.67,0.08,0.72,9.0,42.03,60111.7064,0.72
2025.10.10 13:55:00,EURGBP,-0.65,0.08,0.72,9.0,-5.85,60105.8564,0.72
2025.10.10 14:32:16,EURGBP,4.87,0.08,0.72,9.0,43.83,60149.6864,0.72
2025.10.10 17:20:00,EURGBP,-0.65,0.08,0.72,9.0,-5.85,60143.8364,0.72
2025.10.10 19:00:00,GBPUSD,-1.03,0.11,0.84,7.636364,-7.8655,60135.971,0.84
2025.10.10 19:05:42,GBPUSD,10.3,0.11,0.84,7.636364,78.6545,60214.6255,0.84
2025.10.13 08:50:02,USDCHF,-0.98,0.14,0.9,6.428571,-6.3,60208.3255,0.9
2025.10.13 15:29:40,USDCHF,52.79,0.14,0.9,6.428571,339.3643,60547.6898,0.9
2025.10.13 15:29:40,USDCHF,-37.18,0.14,0.9,6.428571,-239.0143,60308.6755,0.9
2025.10.13 18:45:00,USDCHF,-0.98,0.14,0.9,6.428571,-6.3,60302.3755,0.9
2025.10.13 19:12:48,USDCHF,8.07,0.14,0.9,6.428571,51.8786,60354.2541,0.9
2025.10.14 00:41:43,USDCHF,-0.98,0.14,0.91,6.5,-6.37,60347.8841,0.91
2025.10.14 03:03:43,USDCHF,8.59,0.14,0.91,6.5,55.835,60403.7191,0.91
2025.10.14 04:25:00,USDCHF,-0.98,0.14,0.91,6.5,-6.37,60397.3491,0.91
2025.10.14 06:43:15,USDCHF,7.73,0.14,0.91,6.5,50.245,60447.5941,0.91
2025.10.14 08:00:00,EURUSD,-3.9,0.48,1.81,3.770833,-14.7063,60432.8878,1.81
2025.10.14 09:35:00,USDCHF,-0.98,0.14,0.91,6.5,-6.37,60426.5178,0.91
2025.10.14 09:56:24,EURGBP,4.66,0.08,0.72,9.0,41.94,60468.4578,0.72
2025.10.14 10:00:00,GBPUSD,-1.02,0.11,0.85,7.727273,-7.8818,60460.576,0.85
2025.10.14 10:03:08,GBPUSD,10.2,0.11,0.85,7.727273,78.8182,60539.3942,0.85
2025.10.14 10:17:42,USDCHF,8.08,0.14,0.91,6.5,52.52,60591.9142,0.91
2025.10.14 13:20:01,EURGBP,-0.65,0.08,0.73,9.125,-5.9313,60585.9829,0.73
2025.10.14 14:01:32,EURGBP,4.66,0.08,0.73,9.125,42.5225,60628.5054,0.73
2025.10.14 14:05:00,EURGBP,-0.65,0.08,0.73,9.125,-5.9313,60622.5742,0.73
2025.10.14 14:30:49,EURGBP,4.66,0.08,0.73,9.125,42.5225,60665.0967,0.73
2025.10.14 15:45:00,EURGBP,-0.65,0.08,0.73,9.125,-5.9313,60659.1654,0.73
2025.10.14 16:05:04,EURGBP,4.76,0.08,0.73,9.125,43.435,60702.6004,0.73
2025.10.14 16:25:00,USDCHF,-0.98,0.14,0.91,6.5,-6.37,60696.2304,0.91
2025.10.14 16:25:33,USDCHF,8.26,0.14,0.91,6.5,53.69,60749.9204,0.91
2025.10.14 17:55:00,EURGBP,-0.65,0.08,0.73,9.125,-5.9313,60743.9892,0.73
2025.10.14 18:56:17,EURGBP,4.78,0.08,0.73,9.125,43.6175,60787.6067,0.73
2025.10.14 20:05:00,EURGBP,-0.65,0.08,0.73,9.125,-5.9313,60781.6754,0.73
2025.10.14 21:00:00,GBPUSD,-1.03,0.11,0.85,7.727273,-7.9591,60773.7163,0.85
2025.10.14 23:30:00,USDCHF,-0.98,0.14,0.91,6.5,-6.37,60767.3463,0.91
2025.10.15 04:21:35,GBPUSD,10.41,0.11,0.85,7.727273,80.4409,60847.7873,0.85
2025.10.15 10:39:51,EURGBP,4.8,0.08,0.73,9.125,43.8,60891.5873,0.73
2025.10.15 11:50:01,EURGBP,-0.65,0.08,0.73,9.125,-5.9313,60885.656,0.73
2025.10.15 12:16:02,EURGBP,4.79,0.08,0.73,9.125,43.7088,60929.3648,0.73
2025.10.15 13:15:00,EURGBP,-0.65,0.08,0.73,9.125,-5.9313,60923.4335,0.73
2025.10.15 16:28:21,EURGBP,4.9,0.08,0.73,9.125,44.7125,60968.146,0.73
2025.10.15 16:50:00,EURGBP,-0.65,0.08,0.73,9.125,-5.9313,60962.2148,0.73
2025.10.15 16:55:05,EURGBP,4.8,0.08,0.73,9.125,43.8,61006.0148,0.73
2025.10.15 18:25:00,EURGBP,-0.65,0.08,0.73,9.125,-5.9313,61000.0835,0.73
2025.10.15 18:44:03,EURGBP,4.82,0.08,0.73,9.125,43.9825,61044.066,0.73
2025.10.15 19:55:00,EURGBP,-0.65,0.08,0.73,9.125,-5.9313,61038.1348,0.73
2025.10.15 23:06:01,EURGBP,4.82,0.08,0.73,9.125,43.9825,61082.1173,0.73
2025.10.16 00:05:00,EURGBP,-0.65,0.08,0.73,9.125,-5.9313,61076.186,0.73
2025.10.16 00:40:00,USDCHF,-0.98,0.14,0.92,6.571429,-6.44,61069.746,0.92
2025.10.16 03:45:55,EURUSD,349.84,0.48,1.81,3.770833,1319.1883,62388.9343,1.81
2025.10.16 03:45:55,EURUSD,102.16,0.48,1.79,3.729167,380.9717,62769.906,1.79
2025.10.16 03:45:55,EURUSD,-247.76,0.48,1.77,3.6875,-913.615,61856.291,1.77
2025.10.16 21:09:38,EURGBP,4.83,0.08,0.73,9.125,44.0738,61900.3648,0.73
2025.10.16 21:10:00,EURGBP,-0.65,0.08,0.74,9.25,-6.0125,61894.3523,0.74
2025.10.17 09:35:00,USDCHF,-0.98,0.14,0.93,6.642857,-6.51,61887.8423,0.93
2025.10.17 12:00:00,GBPUSD,-1.03,0.11,0.87,7.909091,-8.1464,61879.6959,0.87
2025.10.17 14:13:33,EURGBP,4.83,0.08,0.74,9.25,44.6775,61924.3734,0.74
2025.10.17 15:00:00,EURUSD,-4.01,0.49,1.86,3.795918,-15.2216,61909.1518,1.86
2025.10.17 15:38:00,EURUSD,69.5,0.49,1.86,3.795918,263.8163,62172.9681,1.86
2025.10.17 15:38:52,GBPUSD,9.97,0.11,0.87,7.909091,78.8536,62251.8217,0.87
2025.10.17 15:45:00,EURGBP,-0.65,0.08,0.75,9.375,-6.0938,62245.728,0.75
2025.10.17 17:12:34,EURGBP,4.71,0.08,0.75,9.375,44.1562,62289.8842,0.75
2025.10.17 17:15:00,EURGBP,-0.65,0.08,0.75,9.375,-6.0938,62283.7905,0.75
2025.10.17 17:18:43,EURGBP,4.82,0.08,0.75,9.375,45.1875,62328.978,0.75
2025.10.17 18:00:00,EURGBP,-0.65,0.08,0.75,9.375,-6.0938,62322.8842,0.75
2025.10.17 18:09:00,EURGBP,4.71,0.08,0.75,9.375,44.1562,62367.0405,0.75
2025.10.17 18:55:02,EURGBP,-0.65,0.08,0.75,9.375,-6.0938,62360.9467,0.75
2025.10.22 02:49:03,USDCHF,120.8,0.14,0.93,6.642857,802.4571,63163.4039,0.93
2025.10.22 02:49:03,USDCHF,-12.58,0.14,0.92,6.571429,-82.6686,63080.7353,0.92
2025.10.22 02:49:03,USDCHF,-84.63,0.14,0.91,6.5,-550.095,62530.6403,0.91
2025.10.22 03:15:00,USDCHF,-0.98,0.14,0.94,6.714286,-6.58,62524.0603,0.94
2025.10.22 04:00:02,USDCHF,7.81,0.14,0.94,6.714286,52.4386,62576.4989,0.94
2025.10.22 07:15:00,USDCHF,-0.98,0.14,0.94,6.714286,-6.58,62569.9189,0.94
2025.10.22 09:20:25,EURGBP,4.79,0.08,0.75,9.375,44.9062,62614.8251,0.75
2025.10.22 09:35:00,EURGBP,-0.65,0.08,0.75,9.375,-6.0938,62608.7314,0.75
2025.10.22 10:31:58,EURGBP,4.68,0.08,0.75,9.375,43.875,62652.6064,0.75
2025.10.22 11:03:50,USDCHF,7.81,0.14,0.94,6.714286,52.4386,62705.0449,0.94
2025.10.22 14:30:00,EURGBP,-0.65,0.08,0.75,9.375,-6.0938,62698.9512,0.75
2025.10.22 14:40:01,USDCHF,-0.98,0.14,0.94,6.714286,-6.58,62692.3712,0.94
2025.10.22 17:54:53,USDCHF,7.99,0.14,0.94,6.714286,53.6471,62746.0183,0.94
2025.10.22 18:00:00,EURUSD,-3.98,0.49,1.88,3.836735,-15.2702,62730.7481,1.88
2025.10.22 19:00:00,GBPUSD,-1.03,0.11,0.88,8.0,-8.24,62722.5081,0.88
2025.10.22 21:45:02,USDCHF,-0.98,0.14,0.94,6.714286,-6.58,62715.9281,0.94
2025.10.23 03:07:48,USDCHF,7.98,0.14,0.94,6.714286,53.58,62769.5081,0.94
2025.10.23 07:45:00,USDCHF,-0.98,0.14,0.94,6.714286,-6.58,62762.9281,0.94
2025.10.23 09:13:28,USDCHF,7.8,0.14,0.94,6.714286,52.3714,62815.2996,0.94
2025.10.23 09:45:04,USDCHF,-0.98,0.14,0.94,6.714286,-6.58,62808.7196,0.94
2025.10.23 10:29:37,USDCHF,7.97,0.14,0.94,6.714286,53.5129,62862.2324,0.94
2025.10.23 11:00:00,USDCHF,-0.98,0.14,0.94,6.714286,-6.58,62855.6524,0.94
2025.10.23 15:51:07,USDCHF,8.16,0.14,0.94,6.714286,54.7886,62910.441,0.94
2025.10.23 16:56:46,EURGBP,4.79,0.08,0.75,9.375,44.9062,62955.3472,0.75
2025.10.23 20:10:00,USDCHF,-0.98,0.14,0.94,6.714286,-6.58,62948.7672,0.94
2025.10.23 23:40:07,EURGBP,-0.65,0.08,0.76,9.5,-6.175,62942.5922,0.76
2025.10.24 09:10:19,USDCHF,7.81,0.14,0.94,6.714286,52.4386,62995.0308,0.94
2025.10.24 09:30:00,USDCHF,-0.98,0.14,0.94,6.714286,-6.58,62988.4508,0.94
2025.10.24 09:59:57,USDCHF,8.35,0.14,0.94,6.714286,56.0643,63044.5151,0.94
2025.10.24 10:32:01,EURUSD,70.0,0.49,1.88,3.836735,268.5714,63313.0865,1.88
2025.10.24 10:33:40,EURGBP,4.79,0.08,0.76,9.5,45.505,63358.5915,0.76
2025.10.24 10:35:00,EURGBP,-0.65,0.08,0.76,9.5,-6.175,63352.4165,0.76
2025.10.24 11:20:04,USDCHF,-0.98,0.14,0.95,6.785714,-6.65,63345.7665,0.95
2025.10.24 11:34:33,EURGBP,4.68,0.08,0.76,9.5,44.46,63390.2265,0.76
2025.10.24 12:51:06,USDCHF,7.81,0.14,0.95,6.785714,52.9964,63443.2229,0.95
2025.10.24 14:35:00,EURGBP,-0.65,0.08,0.76,9.5,-6.175,63437.0479,0.76
2025.10.24 15:30:00,USDCHF,-0.98,0.14,0.95,6.785714,-6.65,63430.3979,0.95
2025.10.24 15:30:01,EURGBP,7.8,0.08,0.76,9.5,74.1,63504.4979,0.76
2025.10.24 15:30:01,USDCHF,13.46,0.14,0.95,6.785714,91.3357,63595.8337,0.95
2025.10.24 16:00:00,EURGBP,-0.65,0.08,0.76,9.5,-6.175,63589.6587,0.76
2025.10.24 17:11:36,EURGBP,4.79,0.08,0.76,9.5,45.505,63635.1637,0.76
2025.10.24 17:15:08,EURGBP,-0.65,0.08,0.76,9.5,-6.175,63628.9887,0.76
2025.10.24 17:50:00,USDCHF,-0.98,0.14,0.95,6.785714,-6.65,63622.3387,0.95
2025.10.27 00:00:06,USDCHF,11.68,0.14,0.95,6.785714,79.2571,63701.5958,0.95
2025.10.27 03:35:01,USDCHF,-0.98,0.14,0.96,6.857143,-6.72,63694.8758,0.96
2025.10.27 04:05:33,USDCHF,7.82,0.14,0.96,6.857143,53.6229,63748.4987,0.96
2025.10.27 05:05:00,USDCHF,-0.98,0.14,0.96,6.857143,-6.72,63741.7787,0.96
2025.10.27 05:30:49,USDCHF,7.99,0.14,0.96,6.857143,54.7886,63796.5672,0.96
2025.10.27 09:10:00,USDCHF,-0.98,0.14,0.96,6.857143,-6.72,63789.8472,0.96
2025.10.27 13:03:02,EURGBP,4.37,0.08,0.76,9.5,41.515,63831.3622,0.76
2025.10.27 14:10:00,EURGBP,-0.65,0.08,0.77,9.625,-6.2563,63825.106,0.77
2025.10.27 14:19:47,USDCHF,7.99,0.14,0.96,6.857143,54.7886,63879.8946,0.96
2025.10.27 15:40:00,USDCHF,-0.98,0.14,0.96,6.857143,-6.72,63873.1746,0.96
2025.10.27 15:51:53,EURGBP,4.58,0.08,0.77,9.625,44.0825,63917.2571,0.77
2025.10.27 16:05:01,EURGBP,-0.65,0.08,0.77,9.625,-6.2563,63911.0008,0.77
2025.10.27 16:35:03,EURGBP,4.79,0.08,0.77,9.625,46.1037,63957.1046,0.77
2025.10.27 16:40:10,USDCHF,7.81,0.14,0.96,6.857143,53.5543,64010.6588,0.96
2025.10.27 16:50:00,EURGBP,-0.65,0.08,0.77,9.625,-6.2563,64004.4026,0.77
2025.10.27 19:45:00,USDCHF,-0.98,0.14,0.96,6.857143,-6.72,63997.6826,0.96
2025.10.27 21:48:54,USDCHF,8.0,0.14,0.96,6.857143,54.8571,64052.5397,0.96
2025.10.28 05:50:00,USDCHF,-0.98,0.14,0.96,6.857143,-6.72,64045.8197,0.96
2025.10.28 15:09:07,USDCHF,8.0,0.14,0.96,6.857143,54.8571,64100.6769,0.96
2025.10.28 16:00:00,EURUSD,-3.99,0.49,1.92,3.918367,-15.6343,64085.0426,1.92
2025.10.28 16:55:03,USDCHF,-0.98,0.14,0.96,6.857143,-6.72,64078.3226,0.96
2025.10.28 17:10:22,USDCHF,8.0,0.14,0.96,6.857143,54.8571,64133.1797,0.96
2025.10.28 23:00:00,USDCHF,-0.98,0.14,0.96,6.857143,-6.72,64126.4597,0.96
2025.10.29 03:05:00,EURGBP,-0.65,0.08,0.77,9.625,-6.2563,64120.2035,0.77
2025.10.29 05:22:10,USDCHF,8.01,0.14,0.96,6.857143,54.9257,64175.1292,0.96
2025.10.29 09:05:10,EURUSD,70.0,0.49,1.92,3.918367,274.2857,64449.4149,1.92
2025.10.29 10:10:02,USDCHF,-0.98,0.14,0.97,6.928571,-6.79,64442.6249,0.97
2025.10.29 18:00:00,EURUSD,-4.0,0.49,1.93,3.938776,-15.7551,64426.8698,1.93
2025.10.29 19:02:24,EURUSD,69.99,0.49,1.93,3.938776,275.6749,64702.5447,1.93
2025.10.29 22:00:00,EURUSD,-4.06,0.5,1.94,3.88,-15.7528,64686.7919,1.94
2025.10.29 22:24:38,EURUSD,71.95,0.5,1.94,3.88,279.166,64965.9579,1.94
2025.10.30 03:25:00,USDCHF,-0.98,0.14,0.97,6.928571,-6.79,64959.1679,0.97
2025.11.03 04:10:00,USDCHF,-0.98,0.14,0.97,6.928571,-6.79,64952.3779,0.97
2025.11.04 10:00:00,EURUSD,-4.03,0.5,1.95,3.9,-15.717,64936.6609,1.95
2025.11.05 03:25:00,EURGBP,-0.64,0.08,0.78,9.75,-6.24,64930.4209,0.78
2025.11.05 19:00:00,GBPUSD,-1.0,0.11,0.91,8.272727,-8.2727,64922.1482,0.91
2025.11.06 15:48:51,EURUSD,72.96,0.5,1.95,3.9,284.544,65206.6922,1.95
2025.11.10 02:00:00,EURUSD,-4.04,0.5,1.96,3.92,-15.8368,65190.8554,1.96
2025.11.10 19:01:14,EURGBP,56.29,0.08,0.78,9.75,548.8275,65739.6829,0.78
2025.11.10 19:01:14,EURGBP,5.88,0.08,0.77,9.625,56.595,65796.2779,0.77
2025.11.10 19:01:14,EURGBP,-48.33,0.08,0.77,9.625,-465.1762,65331.1016,0.77
2025.11.10 19:05:00,EURGBP,-0.65,0.08,0.78,9.75,-6.3375,65324.7641,0.78
2025.11.11 03:54:15,EURGBP,4.72,0.08,0.78,9.75,46.02,65370.7841,0.78
2025.11.11 06:55:09,EURGBP,-0.65,0.08,0.78,9.75,-6.3375,65364.4466,0.78
2025.11.11 15:41:59,USDCHF,97.49,0.14,0.97,6.928571,675.4664,66039.9131,0.97
2025.11.11 15:41:59,USDCHF,11.81,0.14,0.97,6.928571,81.8264,66121.7395,0.97
2025.11.11 15:41:59,USDCHF,-85.96,0.14,0.97,6.928571,-595.58,65526.1595,0.97
2025.11.11 17:55:00,USDCHF,-0.98,0.14,0.98,7.0,-6.86,65519.2995,0.98
2025.11.11 21:56:00,USDCHF,7.94,0.14,0.98,7.0,55.58,65574.8795,0.98
2025.11.11 22:40:03,USDCHF,-0.98,0.14,0.98,7.0,-6.86,65568.0195,0.98
2025.11.12 10:22:47,USDCHF,7.95,0.14,0.98,7.0,55.65,65623.6695,0.98
2025.11.12 10:25:01,USDCHF,-0.98,0.14,0.98,7.0,-6.86,65616.8095,0.98
2025.11.12 10:33:59,USDCHF,7.96,0.14,0.98,7.0,55.72,65672.5295,0.98
2025.11.12 11:35:03,USDCHF,-0.98,0.14,0.99,7.071429,-6.93,65665.5995,0.99
2025.11.12 14:35:10,EURGBP,-0.65,0.08,0.79,9.875,-6.4188,65659.1807,0.79
2025.11.13 20:55:04,USDCHF,-0.98,0.14,0.98,7.0,-6.86,65652.3207,0.98
2025.11.14 13:00:00,EURUSD,-4.06,0.5,1.97,3.94,-15.9964,65636.3243,1.97
2025.11.17 14:40:23,EURGBP,30.26,0.08,0.79,9.875,298.8175,65935.1418,0.79
2025.11.17 14:40:23,EURGBP,-20.8,0.08,0.78,9.75,-202.8,65732.3418,0.78
2025.11.17 16:30:01,EURGBP,-0.65,0.08,0.79,9.875,-6.4188,65725.9231,0.79
2025.11.17 16:49:07,EURGBP,4.72,0.08,0.79,9.875,46.61,65772.5331,0.79
2025.11.17 18:15:06,EURGBP,-0.65,0.08,0.79,9.875,-6.4188,65766.1143,0.79
2025.11.17 18:58:23,EURGBP,4.62,0.08,0.79,9.875,45.6225,65811.7368,0.79
2025.11.17 20:30:00,EURGBP,-0.65,0.08,0.79,9.875,-6.4188,65805.3181,0.79
2025.11.17 21:55:50,USDCHF,74.95,0.14,0.98,7.0,524.65,66329.9681,0.98
2025.11.17 21:55:50,USDCHF,-58.98,0.14,0.99,7.071429,-417.0729,65912.8952,0.99
2025.11.17 23:35:39,USDCHF,-1.05,0.15,0.99,6.6,-6.93,65905.9652,0.99
2025.11.18 05:05:07,USDCHF,8.38,0.15,0.99,6.6,55.308,65961.2732,0.99
2025.11.18 09:40:03,USDCHF,-1.05,0.15,0.99,6.6,-6.93,65954.3432,0.99
2025.11.18 10:38:53,USDCHF,8.19,0.15,0.99,6.6,54.054,66008.3972,0.99
2025.11.18 14:05:01,USDCHF,-1.05,0.15,0.99,6.6,-6.93,66001.4672,0.99
2025.11.18 15:22:31,USDCHF,8.37,0.15,0.99,6.6,55.242,66056.7092,0.99
2025.11.18 16:40:00,USDCHF,-1.05,0.15,0.99,6.6,-6.93,66049.7792,0.99
2025.11.18 17:21:53,USDCHF,8.36,0.15,0.99,6.6,55.176,66104.9552,0.99
2025.11.18 20:30:01,USDCHF,-1.05,0.15,0.99,6.6,-6.93,66098.0252,0.99
2025.11.18 20:48:53,USDCHF,7.78,0.15,0.99,6.6,51.348,66149.3732,0.99
2025.11.18 22:05:02,USDCHF,-1.05,0.15,0.99,6.6,-6.93,66142.4432,0.99
2025.11.18 22:30:44,USDCHF,8.33,0.15,0.99,6.6,54.978,66197.4212,0.99
2025.11.19 00:30:17,USDCHF,-1.05,0.15,0.99,6.6,-6.93,66190.4912,0.99
2025.11.19 01:50:00,USDCHF,8.32,0.15,0.99,6.6,54.912,66245.4032,0.99
2025.11.19 02:05:04,USDCHF,-1.05,0.15,0.99,6.6,-6.93,66238.4732,0.99
2025.11.19 07:47:41,USDCHF,8.52,0.15,0.99,6.6,56.232,66294.7052,0.99
2025.11.19 09:10:00,USDCHF,-1.05,0.15,0.99,6.6,-6.93,66287.7752,0.99
2025.11.19 11:24:26,USDCHF,8.51,0.15,0.99,6.6,56.166,66343.9412,0.99
2025.11.19 13:35:06,USDCHF,-1.05,0.15,1.0,6.666667,-7.0,66336.9412,1.0
2025.11.19 16:15:37,EURUSD,249.95,0.5,1.97,3.94,984.803,67321.7442,1.97
2025.11.19 16:15:37,EURUSD,-100.05,0.5,1.96,3.92,-392.196,66929.5482,1.96
2025.11.19 23:35:00,USDCHF,-1.05,0.15,1.0,6.666667,-7.0,66922.5482,1.0
2025.11.20 16:37:13,EURGBP,4.7,0.08,0.79,9.875,46.4125,66968.9607,0.79
2025.11.20 16:45:00,EURGBP,-0.65,0.08,0.8,10.0,-6.5,66962.4607,0.8
2025.11.20 17:32:37,EURGBP,4.59,0.08,0.8,10.0,45.9,67008.3607,0.8
2025.11.20 18:40:01,EURGBP,-0.65,0.08,0.8,10.0,-6.5,67001.8607,0.8
2025.11.20 22:00:00,EURUSD,-4.04,0.5,2.01,4.02,-16.2408,66985.6199,2.01
2025.11.21 14:34:26,EURGBP,5.01,0.08,0.8,10.0,50.1,67035.7199,0.8
2025.11.21 14:35:00,EURGBP,-0.64,0.08,0.8,10.0,-6.4,67029.3199,0.8
2025.11.24 13:44:28,EURGBP,4.69,0.08,0.8,10.0,46.9,67076.2199,0.8
2025.11.24 14:00:00,EURGBP,-0.65,0.08,0.8,10.0,-6.5,67069.7199,0.8
2025.11.24 14:12:53,EURGBP,4.59,0.08,0.8,10.0,45.9,67115.6199,0.8
2025.11.24 14:30:00,EURGBP,-0.65,0.08,0.81,10.125,-6.5812,67109.0387,0.81
2025.11.25 14:25:01,USDCHF,-1.05,0.15,1.01,6.733333,-7.07,67101.9687,1.01
2025.11.25 14:43:40,EURUSD,71.96,0.5,2.01,4.02,289.2792,67391.2479,2.01
2025.11.26 07:49:07,USDCHF,85.21,0.15,1.01,6.733333,573.7473,67964.9952,1.01
2025.11.26 07:49:07,USDCHF,10.13,0.15,1.0,6.666667,67.5333,68032.5285,1.0
2025.11.26 07:49:07,USDCHF,-70.73,0.15,1.0,6.666667,-471.5333,67560.9952,1.0
2025.11.26 09:20:02,USDCHF,-1.05,0.15,1.01,6.733333,-7.07,67553.9252,1.01
2025.11.26 09:41:40,USDCHF,8.63,0.15,1.01,6.733333,58.1087,67612.0339,1.01
2025.11.26 14:11:51,EURGBP,5.02,0.08,0.81,10.125,50.8275,67662.8614,0.81
2025.11.26 15:29:57,GBPUSD,187.3,0.11,0.91,8.272727,1549.4818,69212.3432,0.91
2025.11.26 15:29:57,GBPUSD,-166.24,0.11,0.88,8.0,-1329.92,67882.4232,0.88
2025.11.26 16:00:00,EURUSD,-4.12,0.51,2.04,4.0,-16.48,67865.9432,2.04
2025.11.26 16:50:00,USDCHF,-1.05,0.15,1.02,6.8,-7.14,67858.8032,1.02
2025.11.26 17:05:41,USDCHF,8.25,0.15,1.02,6.8,56.1,67914.9032,1.02
2025.11.26 21:00:00,EURGBP,-0.65,0.08,0.81,10.125,-6.5812,67908.3219,0.81
2025.11.26 23:05:00,USDCHF,-1.05,0.15,1.02,6.8,-7.14,67901.1819,1.02
2025.11.27 10:05:39,USDCHF,8.27,0.15,1.02,6.8,56.236,67957.4179,1.02
2025.11.27 10:23:21,EURGBP,4.64,0.08,0.81,10.125,46.98,68004.3979,0.81
2025.11.27 11:00:00,GBPUSD,-1.02,0.11,0.95,8.636364,-8.8091,67995.5889,0.95
2025.11.27 11:09:00,GBPUSD,10.31,0.11,0.95,8.636364,89.0409,68084.6298,0.95
2025.11.27 13:25:02,EURGBP,-0.65,0.08,0.82,10.25,-6.6625,68077.9673,0.82
2025.11.27 15:30:00,USDCHF,-1.05,0.15,1.02,6.8,-7.14,68070.8273,1.02
2025.11.27 15:53:31,USDCHF,8.27,0.15,1.02,6.8,56.236,68127.0633,1.02
2025.11.27 16:40:00,USDCHF,-1.05,0.15,1.02,6.8,-7.14,68119.9233,1.02
2025.11.27 16:49:50,EURGBP,4.75,0.08,0.82,10.25,48.6875,68168.6108,0.82
2025.11.27 17:55:04,EURGBP,-0.65,0.08,0.82,10.25,-6.6625,68161.9483,0.82
2025.11.27 18:40:55,EURGBP,4.65,0.08,0.82,10.25,47.6625,68209.6108,0.82
2025.11.27 23:25:00,EURGBP,-0.65,0.08,0.82,10.25,-6.6625,68202.9483,0.82
2025.11.28 09:00:21,EURGBP,4.85,0.08,0.82,10.25,49.7125,68252.6608,0.82
2025.11.28 11:25:00,EURGBP,-0.65,0.08,0.82,10.25,-6.6625,68245.9983,0.82
2025.11.28 11:57:37,USDCHF,8.25,0.15,1.02,6.8,56.1,68302.0983,1.02
2025.11.28 13:55:02,USDCHF,-1.05,0.15,1.02,6.8,-7.14,68294.9583,1.02
2025.11.28 14:29:12,USDCHF,9.0,0.15,1.02,6.8,61.2,68356.1583,1.02
2025.11.28 16:50:00,USDCHF,-1.05,0.15,1.03,6.866667,-7.21,68348.9483,1.03
2025.11.28 17:26:15,EURGBP,4.64,0.08,0.82,10.25,47.56,68396.5083,0.82
2025.11.28 18:00:00,GBPUSD,-1.02,0.11,0.96,8.727273,-8.9018,68387.6064,0.96
2025.11.28 21:20:00,EURGBP,-0.65,0.08,0.82,10.25,-6.6625,68380.9439,0.82
2025.12.01 03:02:49,EURGBP,4.75,0.08,0.82,10.25,48.6875,68429.6314,0.82
2025.12.01 03:05:00,EURGBP,-0.65,0.08,0.82,10.25,-6.6625,68422.9689,0.82
2025.12.01 14:48:33,GBPUSD,9.98,0.11,0.96,8.727273,87.0982,68510.0671,0.96
2025.12.01 16:15:00,USDCHF,-1.05,0.15,1.03,6.866667,-7.21,68502.8571,1.03
2025.12.01 20:31:52,USDCHF,45.96,0.15,1.03,6.866667,315.592,68818.4491,1.03
2025.12.01 20:31:52,USDCHF,-29.4,0.15,1.03,6.866667,-201.88,68616.5691,1.03
2025.12.01 22:00:00,EURUSD,-4.14,0.51,2.06,4.039216,-16.7224,68599.8468,2.06
2025.12.01 22:00:00,GBPUSD,-1.02,0.11,0.96,8.727273,-8.9018,68590.945,0.96
2025.12.02 00:37:52,USDCHF,-1.05,0.15,1.03,6.866667,-7.21,68583.735,1.03
2025.12.02 11:26:55,USDCHF,8.27,0.15,1.03,6.866667,56.7873,68640.5223,1.03
2025.12.02 11:46:01,GBPUSD,10.75,0.11,0.96,8.727273,93.8182,68734.3405,0.96
2025.12.02 14:50:09,USDCHF,-1.05,0.15,1.03,6.866667,-7.21,68727.1305,1.03
2025.12.02 17:33:13,USDCHF,8.47,0.15,1.03,6.866667,58.1607,68785.2911,1.03
2025.12.02 17:35:00,USDCHF,-1.05,0.15,1.03,6.866667,-7.21,68778.0811,1.03
2025.12.02 22:06:15,USDCHF,8.29,0.15,1.03,6.866667,56.9247,68835.0058,1.03
2025.12.02 23:15:00,USDCHF,-1.05,0.15,1.03,6.866667,-7.21,68827.7958,1.03
2025.12.03 05:00:00,GBPUSD,-1.02,0.11,0.96,8.727273,-8.9018,68818.894,0.96
2025.12.03 08:15:08,GBPUSD,10.86,0.11,0.96,8.727273,94.7782,68913.6722,0.96
2025.12.03 16:41:30,EURGBP,4.67,0.08,0.82,10.25,47.8675,68961.5397,0.82
2025.12.03 16:45:00,EURGBP,-0.65,0.08,0.83,10.375,-6.7438,68954.7959,0.83
2025.12.04 21:00:00,EURUSD,-4.16,0.51,2.07,4.058824,-16.8847,68937.9112,2.07
2025.12.04 22:37:01,USDCHF,8.28,0.15,1.03,6.866667,56.856,68994.7672,1.03
2025.12.05 01:05:00,USDCHF,-1.05,0.15,1.03,6.866667,-7.21,68987.5572,1.03
2025.12.05 17:50:50,USDCHF,8.65,0.15,1.03,6.866667,59.3967,69046.9539,1.03
2025.12.05 19:00:00,GBPUSD,-1.03,0.11,0.97,8.818182,-9.0827,69037.8712,0.97
2025.12.05 21:30:05,USDCHF,-1.05,0.15,1.04,6.933333,-7.28,69030.5912,1.04
2025.12.08 02:44:50,USDCHF,8.46,0.15,1.04,6.933333,58.656,69089.2472,1.04
2025.12.08 02:45:00,USDCHF,-1.05,0.15,1.04,6.933333,-7.28,69081.9672,1.04
2025.12.08 04:05:51,USDCHF,8.47,0.15,1.04,6.933333,58.7253,69140.6925,1.04
2025.12.08 09:30:00,USDCHF,-1.05,0.15,1.04,6.933333,-7.28,69133.4125,1.04
2025.12.08 10:29:41,USDCHF,8.28,0.15,1.04,6.933333,57.408,69190.8205,1.04
2025.12.08 17:16:39,GBPUSD,10.08,0.11,0.97,8.818182,88.8873,69279.7078,0.97
2025.12.08 19:50:00,USDCHF,-1.05,0.15,1.04,6.933333,-7.28,69272.4278,1.04
2025.12.08 20:43:19,USDCHF,8.81,0.15,1.04,6.933333,61.0827,69333.5104,1.04
2025.12.08 22:20:00,USDCHF,-1.05,0.15,1.04,6.933333,-7.28,69326.2304,1.04
2025.12.09 17:02:01,USDCHF,8.42,0.15,1.04,6.933333,58.3787,69384.6091,1.04
2025.12.09 18:15:00,USDCHF,-1.05,0.15,1.04,6.933333,-7.28,69377.3291,1.04
2025.12.09 22:10:43,USDCHF,8.44,0.15,1.04,6.933333,58.5173,69435.8464,1.04
2025.12.09 23:55:00,USDCHF,-1.05,0.15,1.04,6.933333,-7.28,69428.5664,1.04
2025.12.10 10:00:00,GBPUSD,-1.03,0.11,0.97,8.818182,-9.0827,69419.4837,0.97
2025.12.10 16:51:31,GBPUSD,10.08,0.11,0.97,8.818182,88.8873,69508.371,0.97
2025.12.11 03:00:00,USDCHF,-1.05,0.15,1.04,6.933333,-7.28,69501.091,1.04
2025.12.11 20:40:04,USDCHF,-1.05,0.15,1.04,6.933333,-7.28,69493.811,1.04
2025.12.11 21:34:29,EURGBP,4.7,0.08,0.83,10.375,48.7625,69542.5735,0.83
2025.12.12 00:05:00,EURGBP,-0.66,0.08,0.83,10.375,-6.8475,69535.726,0.83
2025.12.12 09:01:47,EURGBP,4.69,0.08,0.83,10.375,48.6587,69584.3847,0.83
2025.12.12 09:05:00,EURGBP,-0.66,0.08,0.84,10.5,-6.93,69577.4547,0.84
2025.12.12 10:51:12,EURGBP,4.8,0.08,0.84,10.5,50.4,69627.8547,0.84
2025.12.12 12:25:01,EURGBP,-0.66,0.08,0.84,10.5,-6.93,69620.9247,0.84
2025.12.12 13:00:00,GBPUSD,-1.03,0.11,0.97,8.818182,-9.0827,69611.842,0.97
2025.12.12 13:03:20,EURGBP,4.9,0.08,0.84,10.5,51.45,69663.292,0.84
2025.12.12 14:48:32,GBPUSD,9.97,0.11,0.97,8.818182,87.9173,69751.2093,0.97
2025.12.12 15:55:00,EURGBP,-0.66,0.08,0.84,10.5,-6.93,69744.2793,0.84
2025.12.15 15:00:00,GBPUSD,-1.03,0.11,0.98,8.909091,-9.1764,69735.1029,0.98
2025.12.15 16:46:43,GBPUSD,9.97,0.11,0.98,8.909091,88.8236,69823.9265,0.98
2025.12.16 11:30:34,EURGBP,5.03,0.08,0.84,10.5,52.815,69876.7415,0.84
2025.12.16 12:40:00,EURGBP,-0.66,0.08,0.84,10.5,-6.93,69869.8115,0.84
2025.12.16 15:31:19,EURGBP,4.94,0.08,0.84,10.5,51.87,69921.6815,0.84
2025.12.16 15:35:00,EURGBP,-0.66,0.08,0.84,10.5,-6.93,69914.7515,0.84
2025.12.16 20:04:42,EURGBP,5.03,0.08,0.84,10.5,52.815,69967.5665,0.84
2025.12.16 20:05:00,EURGBP,-0.66,0.08,0.84,10.5,-6.93,69960.6365,0.84
2025.12.17 05:00:00,EURUSD,-4.19,0.51,2.1,4.117647,-17.2529,69943.3836,2.1
2025.12.17 08:00:01,GBPUSD,-1.03,0.11,0.98,8.909091,-9.1764,69934.2072,0.98
2025.12.17 08:58:33,GBPUSD,10.19,0.11,0.98,8.909091,90.7836,70024.9909,0.98
2025.12.17 09:00:04,EURGBP,5.32,0.08,0.84,10.5,55.86,70080.8509,0.84
2025.12.17 09:05:00,EURGBP,-0.66,0.08,0.84,10.5,-6.93,70073.9209,0.84
2025.12.17 18:00:00,GBPUSD,-1.03,0.11,0.98,8.909091,-9.1764,70064.7445,0.98
2025.12.18 14:00:27,EURGBP,4.9,0.08,0.84,10.5,51.45,70116.1945,0.84
2025.12.18 14:05:00,EURGBP,-0.66,0.08,0.84,10.5,-6.93,70109.2645,0.84
2025.12.18 15:16:04,GBPUSD,10.19,0.11,0.98,8.909091,90.7836,70200.0481,0.98
2025.12.19 16:03:46,EURGBP,4.8,0.08,0.84,10.5,50.4,70250.4481,0.84
2025.12.19 16:40:00,EURGBP,-0.66,0.08,0.84,10.5,-6.93,70243.5181,0.84
2025.12.19 17:55:46,EURGBP,4.79,0.08,0.84,10.5,50.295,70293.8131,0.84
2025.12.19 18:00:00,EURGBP,-0.66,0.08,0.84,10.5,-6.93,70286.8831,0.84
2025.12.19 18:00:00,GBPUSD,-1.03,0.11,0.98,8.909091,-9.1764,70277.7068,0.98
2025.12.23 20:00:00,GBPUSD,-1.04,0.11,0.98,8.909091,-9.2655,70268.4413,0.98
2025.12.29 04:56:47,EURGBP,-0.66,0.08,0.84,10.5,-6.93,70261.5113,0.84
2025.12.31 17:14:29,GBPUSD,71.46,0.11,0.98,8.909091,636.6436,70898.155,0.98
2025.12.31 17:14:29,GBPUSD,-51.3,0.11,0.98,8.909091,-457.0364,70441.1186,0.98
2026.01.02 11:00:00,GBPUSD,-1.04,0.11,0.99,9.0,-9.36,70431.7586,0.99
2026.01.02 13:14:18,GBPUSD,9.96,0.11,0.99,9.0,89.64,70521.3986,0.99
2026.01.02 18:00:00,GBPUSD,-1.04,0.11,0.99,9.0,-9.36,70512.0386,0.99
2026.01.05 14:30:00,EURGBP,-0.65,0.08,0.85,10.625,-6.9062,70505.1323,0.85
2026.01.05 18:02:27,GBPUSD,10.29,0.11,0.99,9.0,92.61,70597.7423,0.99
2026.01.06 14:00:00,GBPUSD,-1.04,0.11,0.99,9.0,-9.36,70588.3823,0.99
2026.01.06 14:55:31,GBPUSD,9.96,0.11,0.99,9.0,89.64,70678.0223,0.99
2026.01.09 15:30:01,USDCHF,126.72,0.15,1.04,6.933333,878.592,71556.6143,1.04
2026.01.09 15:30:01,USDCHF,18.81,0.15,1.04,6.933333,130.416,71687.0303,1.04
2026.01.09 15:30:01,USDCHF,-107.09,0.15,1.04,6.933333,-742.4907,70944.5397,1.04
2026.01.09 15:35:00,USDCHF,-1.05,0.15,1.06,7.066667,-7.42,70937.1197,1.06
2026.01.09 15:37:25,USDCHF,8.53,0.15,1.06,7.066667,60.2787,70997.3983,1.06
2026.01.09 16:45:00,USDCHF,-1.05,0.15,1.06,7.066667,-7.42,70989.9783,1.06
2026.01.09 16:51:29,USDCHF,8.68,0.15,1.06,7.066667,61.3387,71051.317,1.06
2026.01.09 17:10:16,EURUSD,588.98,0.51,2.1,4.117647,2425.2118,73476.5288,2.1
2026.01.09 17:10:16,EURUSD,152.42,0.51,2.07,4.058824,618.6459,74095.1747,2.07
2026.01.09 17:10:16,EURUSD,-81.16,0.51,2.06,4.039216,-327.8227,73767.3519,2.06
2026.01.09 17:10:17,EURUSD,-367.78,0.51,2.04,4.0,-1471.12,72296.2319,2.04
2026.01.09 20:40:01,USDCHF,-1.05,0.15,1.08,7.2,-7.56,72288.6719,1.08
2026.01.12 02:07:27,USDCHF,10.2,0.15,1.08,7.2,73.44,72362.1119,1.08
2026.01.12 02:10:00,USDCHF,-1.05,0.15,1.09,7.266667,-7.63,72354.4819,1.09
2026.01.12 02:12:50,USDCHF,8.89,0.15,1.09,7.266667,64.6007,72419.0826,1.09
2026.01.12 03:00:00,EURUSD,-4.16,0.51,2.17,4.254902,-17.7004,72401.3822,2.17
2026.01.12 03:00:00,GBPUSD,-1.03,0.11,1.01,9.181818,-9.4573,72391.9249,1.01
2026.01.12 05:00:00,USDCHF,-1.05,0.15,1.09,7.266667,-7.63,72384.2949,1.09
2026.01.12 09:09:26,GBPUSD,9.96,0.11,1.01,9.181818,91.4509,72475.7458,1.01
2026.01.12 09:17:10,EURUSD,74.88,0.51,2.17,4.254902,318.6071,72794.3529,2.17
2026.01.13 15:00:00,EURUSD,-4.24,0.52,2.18,4.192308,-17.7754,72776.5775,2.18
2026.01.13 17:11:52,USDCHF,8.33,0.15,1.09,7.266667,60.5313,72837.1088,1.09
2026.01.13 18:00:00,GBPUSD,-1.04,0.11,1.02,9.272727,-9.6436,72827.4652,1.02
2026.01.13 18:08:00,GBPUSD,9.97,0.11,1.02,9.272727,92.4491,72919.9143,1.02
2026.01.13 18:14:22,EURUSD,72.72,0.52,2.18,4.192308,304.8646,73224.7789,2.18
2026.01.13 20:50:00,USDCHF,-1.05,0.15,1.1,7.333333,-7.7,73217.0789,1.1
2026.01.14 11:00:00,GBPUSD,-1.04,0.11,1.03,9.363636,-9.7382,73207.3407,1.03
2026.01.14 15:00:00,EURUSD,-4.24,0.52,2.2,4.230769,-17.9385,73189.4023,2.2
2026.01.14 16:41:58,GBPUSD,10.07,0.11,1.03,9.363636,94.2918,73283.6941,1.03
2026.01.14 16:42:38,USDCHF,8.51,0.15,1.1,7.333333,62.4067,73346.1007,1.1
2026.01.14 19:35:02,USDCHF,-1.05,0.15,1.1,7.333333,-7.7,73338.4007,1.1
2026.01.14 20:05:34,USDCHF,8.33,0.15,1.1,7.333333,61.0867,73399.4874,1.1
2026.01.14 22:20:00,USDCHF,-1.05,0.15,1.1,7.333333,-7.7,73391.7874,1.1
2026.01.15 01:16:00,USDCHF,8.89,0.15,1.1,7.333333,65.1933,73456.9807,1.1
2026.01.15 05:05:00,USDCHF,-1.05,0.15,1.1,7.333333,-7.7,73449.2807,1.1
2026.01.15 06:12:24,USDCHF,8.5,0.15,1.1,7.333333,62.3333,73511.6141,1.1
2026.01.15 07:00:00,GBPUSD,-1.03,0.11,1.03,9.363636,-9.6445,73501.9695,1.03
2026.01.15 08:10:00,USDCHF,-1.05,0.15,1.1,7.333333,-7.7,73494.2695,1.1
2026.01.15 11:51:46,USDCHF,8.7,0.15,1.1,7.333333,63.8,73558.0695,1.1
2026.01.15 13:20:00,USDCHF,-1.05,0.15,1.1,7.333333,-7.7,73550.3695,1.1
2026.01.15 14:21:55,GBPUSD,9.97,0.11,1.03,9.363636,93.3555,73643.725,1.03
2026.01.15 14:57:10,USDCHF,7.94,0.15,1.1,7.333333,58.2267,73701.9517,1.1
2026.01.15 18:25:00,USDCHF,-1.05,0.15,1.11,7.4,-7.77,73694.1817,1.11
2026.01.16 06:35:45,USDCHF,8.67,0.15,1.11,7.4,64.158,73758.3397,1.11
2026.01.16 07:15:13,USDCHF,-1.05,0.15,1.11,7.4,-7.77,73750.5697,1.11
2026.01.16 13:00:00,GBPUSD,-1.03,0.11,1.03,9.363636,-9.6445,73740.9251,1.03
2026.01.16 17:39:45,USDCHF,8.29,0.15,1.11,7.4,61.346,73802.2711,1.11
2026.01.16 22:35:01,USDCHF,-1.05,0.15,1.11,7.4,-7.77,73794.5011,1.11
2026.01.19 00:00:36,USDCHF,13.72,0.15,1.11,7.4,101.528,73896.0291,1.11
2026.01.19 04:05:00,USDCHF,-1.05,0.15,1.11,7.4,-7.77,73888.2591,1.11
2026.01.19 10:12:24,USDCHF,8.33,0.15,1.11,7.4,61.642,73949.9011,1.11
2026.01.19 10:45:00,USDCHF,-1.05,0.15,1.11,7.4,-7.77,73942.1311,1.11
2026.01.19 14:19:19,USDCHF,8.35,0.15,1.11,7.4,61.79,74003.9211,1.11
2026.01.19 15:30:40,GBPUSD,9.75,0.11,1.03,9.363636,91.2955,74095.2166,1.03
2026.01.19 17:35:04,USDCHF,-1.05,0.15,1.11,7.4,-7.77,74087.4466,1.11
2026.01.20 01:44:35,USDCHF,8.54,0.15,1.11,7.4,63.196,74150.6426,1.11
2026.01.20 03:00:00,USDCHF,-1.05,0.15,1.11,7.4,-7.77,74142.8726,1.11
2026.01.20 04:42:04,USDCHF,8.55,0.15,1.11,7.4,63.27,74206.1426,1.11
2026.01.20 07:50:06,USDCHF,-1.05,0.15,1.11,7.4,-7.77,74198.3726,1.11
2026.01.20 09:23:17,EURUSD,73.75,0.52,2.2,4.230769,312.0192,74510.3918,2.2
2026.01.20 12:20:01,USDCHF,-1.05,0.15,1.12,7.466667,-7.84,74502.5518,1.12
2026.01.20 14:26:32,EURGBP,54.37,0.08,0.85,10.625,577.6813,75080.233,0.85
2026.01.20 14:26:32,EURGBP,4.19,0.08,0.84,10.5,43.995,75124.228,0.84
2026.01.20 14:26:32,EURGBP,-44.27,0.08,0.84,10.5,-464.835,74659.393,0.84
2026.01.20 14:35:01,EURGBP,-0.66,0.08,0.9,11.25,-7.425,74651.968,0.9
2026.01.20 14:56:51,EURGBP,4.72,0.08,0.9,11.25,53.1,74705.068,0.9
2026.01.20 16:35:00,EURGBP,-0.66,0.08,0.9,11.25,-7.425,74697.643,0.9
2026.01.20 18:54:00,EURGBP,4.72,0.08,0.9,11.25,53.1,74750.743,0.9
2026.01.20 20:40:00,EURGBP,-0.66,0.08,0.9,11.25,-7.425,74743.318,0.9
2026.01.20 22:00:00,GBPUSD,-1.03,0.11,1.05,9.545455,-9.8318,74733.4862,1.05
2026.01.21 09:19:40,EURGBP,4.72,0.08,0.9,11.25,53.1,74786.5862,0.9
2026.01.21 09:20:01,EURGBP,-0.66,0.08,0.9,11.25,-7.425,74779.1612,0.9
2026.01.21 11:30:57,EURGBP,4.93,0.08,0.9,11.25,55.4625,74834.6237,0.9
2026.01.21 11:35:07,EURGBP,-0.66,0.08,0.9,11.25,-7.425,74827.1987,0.9
2026.01.21 11:42:09,GBPUSD,9.97,0.11,1.05,9.545455,95.1682,74922.3669,1.05
2026.01.21 16:42:55,EURGBP,4.94,0.08,0.9,11.25,55.575,74977.9419,0.9
2026.01.21 17:00:00,GBPUSD,-1.04,0.11,1.05,9.545455,-9.9273,74968.0146,1.05
2026.01.21 19:05:00,EURGBP,-0.66,0.08,0.9,11.25,-7.425,74960.5896,0.9
2026.01.21 21:00:01,EURUSD,-4.26,0.52,2.25,4.326923,-18.4327,74942.1569,2.25
2026.01.21 21:27:39,EURGBP,4.72,0.08,0.9,11.25,53.1,74995.2569,0.9
2026.01.21 21:28:44,USDCHF,57.29,0.15,1.12,7.466667,427.7653,75423.0223,1.12
2026.01.21 21:28:44,USDCHF,-40.32,0.15,1.11,7.4,-298.368,75124.6543,1.11
2026.01.21 21:29:12,EURUSD,72.71,0.52,2.25,4.326923,314.6106,75439.2649,2.25
2026.01.21 21:30:00,EURGBP,-0.65,0.08,0.91,11.375,-7.3937,75431.8711,0.91
2026.01.21 21:30:00,USDCHF,-1.05,0.15,1.13,7.533333,-7.91,75423.9611,1.13
2026.01.21 21:30:15,USDCHF,9.7,0.15,1.13,7.533333,73.0733,75497.0344,1.13
2026.01.22 01:45:01,USDCHF,-1.05,0.15,1.13,7.533333,-7.91,75489.1244,1.13
2026.01.22 13:15:30,EURGBP,4.93,0.08,0.91,11.375,56.0787,75545.2032,0.91
2026.01.22 15:15:00,EURGBP,-0.66,0.08,0.91,11.375,-7.5075,75537.6957,0.91
2026.01.22 15:35:17,EURGBP,4.82,0.08,0.91,11.375,54.8275,75592.5232,0.91
2026.01.22 16:00:00,EURUSD,-4.26,0.52,2.27,4.365385,-18.5965,75573.9266,2.27
2026.01.22 17:05:00,EURGBP,-0.66,0.08,0.91,11.375,-7.5075,75566.4191,0.91
2026.01.22 17:13:46,GBPUSD,10.73,0.11,1.05,9.545455,102.4227,75668.8419,1.05
2026.01.22 17:29:00,EURUSD,74.77,0.52,2.27,4.365385,326.3998,75995.2417,2.27
2026.01.23 02:10:00,USDCHF,-1.05,0.15,1.14,7.6,-7.98,75987.2617,1.14
2026.01.23 18:15:02,EURGBP,-0.66,0.08,0.91,11.375,-7.5075,75979.7542,0.91
2026.01.26 01:00:03,EURGBP,34.13,0.08,0.91,11.375,388.2287,76367.9829,0.91
2026.01.26 01:00:03,EURGBP,-22.89,0.08,0.91,11.375,-260.3738,76107.6092,0.91
2026.01.26 01:15:02,EURGBP,-0.67,0.08,0.91,11.375,-7.6213,76099.9879,0.91
2026.01.26 01:21:04,EURGBP,4.91,0.08,0.91,11.375,55.8513,76155.8392,0.91
2026.01.26 01:25:03,USDCHF,-1.05,0.15,1.14,7.6,-7.98,76147.8592,1.14
2026.01.26 05:20:00,EURGBP,-0.66,0.08,0.91,11.375,-7.5075,76140.3517,0.91
2026.01.26 08:08:33,EURGBP,4.91,0.08,0.91,11.375,55.8513,76196.2029,0.91
2026.01.26 11:05:00,EURGBP,-0.66,0.08,0.91,11.375,-7.5075,76188.6954,0.91
2026.01.26 11:36:17,EURGBP,4.92,0.08,0.91,11.375,55.965,76244.6604,0.91
2026.01.26 13:10:01,EURGBP,-0.66,0.08,0.91,11.375,-7.5075,76237.1529,0.91
2026.01.26 14:06:12,EURGBP,4.92,0.08,0.91,11.375,55.965,76293.1179,0.91
2026.01.26 14:15:00,EURGBP,-0.66,0.08,0.92,11.5,-7.59,76285.5279,0.92
2026.01.26 17:02:41,EURGBP,4.92,0.08,0.92,11.5,56.58,76342.1079,0.92
2026.01.26 17:05:00,EURGBP,-0.66,0.08,0.92,11.5,-7.59,76334.5179,0.92
2026.01.26 17:34:01,EURGBP,4.81,0.08,0.92,11.5,55.315,76389.8329,0.92
2026.01.26 21:25:00,EURGBP,-0.66,0.08,0.92,11.5,-7.59,76382.2429,0.92
2026.01.27 09:05:57,EURGBP,4.81,0.08,0.92,11.5,55.315,76437.5579,0.92
2026.01.27 10:20:00,EURGBP,-0.66,0.08,0.92,11.5,-7.59,76429.9679,0.92
2026.01.27 11:09:54,EURGBP,4.48,0.08,0.92,11.5,51.52,76481.4879,0.92
2026.01.27 11:10:00,EURGBP,-0.66,0.08,0.92,11.5,-7.59,76473.8979,0.92
2026.01.27 12:39:53,EURGBP,4.92,0.08,0.92,11.5,56.58,76530.4779,0.92
2026.01.27 12:40:03,EURGBP,-0.67,0.08,0.92,11.5,-7.705,76522.7729,0.92
2026.01.27 14:12:51,EURGBP,4.93,0.08,0.92,11.5,56.695,76579.4679,0.92
2026.01.27 14:40:00,EURGBP,-0.67,0.08,0.92,11.5,-7.705,76571.7629,0.92
2026.01.27 16:45:40,EURGBP,4.84,0.08,0.92,11.5,55.66,76627.4229,0.92
2026.01.27 17:50:00,EURGBP,-0.67,0.08,0.92,11.5,-7.705,76619.7179,0.92
2026.01.28 07:02:48,EURGBP,4.85,0.08,0.92,11.5,55.775,76675.4929,0.92
2026.01.28 07:05:02,EURGBP,-0.67,0.08,0.92,11.5,-7.705,76667.7879,0.92
2026.01.28 09:14:19,EURGBP,4.97,0.08,0.92,11.5,57.155,76724.9429,0.92
2026.01.28 09:15:00,EURGBP,-0.67,0.08,0.92,11.5,-7.705,76717.2379,0.92
2026.01.28 09:50:24,EURGBP,4.85,0.08,0.92,11.5,55.775,76773.0129,0.92
2026.01.28 10:50:00,EURGBP,-0.67,0.08,0.92,11.5,-7.705,76765.3079,0.92
2026.01.28 11:01:35,EURGBP,4.62,0.08,0.92,11.5,53.13,76818.4379,0.92
2026.01.28 11:05:00,EURGBP,-0.67,0.08,0.92,11.5,-7.705,76810.7329,0.92
2026.01.28 12:36:37,EURGBP,4.96,0.08,0.92,11.5,57.04,76867.7729,0.92
2026.01.28 12:40:00,EURGBP,-0.67,0.08,0.92,11.5,-7.705,76860.0679,0.92
2026.01.28 13:04:26,EURGBP,4.84,0.08,0.92,11.5,55.66,76915.7279,0.92
2026.01.28 13:40:00,EURGBP,-0.67,0.08,0.92,11.5,-7.705,76908.0229,0.92
2026.01.28 13:57:35,EURGBP,4.84,0.08,0.92,11.5,55.66,76963.6829,0.92
2026.01.28 17:00:00,EURGBP,-0.67,0.08,0.92,11.5,-7.705,76955.9779,0.92
2026.01.28 18:00:00,EURUSD,-4.43,0.53,2.31,4.358491,-19.3081,76936.6698,2.31
2026.01.28 18:29:07,EURUSD,77.19,0.53,2.31,4.358491,336.4319,77273.1017,2.31
2026.01.29 13:00:00,GBPUSD,-1.06,0.11,1.08,9.818182,-10.4073,77262.6944,1.08
2026.01.29 17:17:14,GBPUSD,10.93,0.11,1.08,9.818182,107.3127,77370.0072,1.08
2026.02.03 05:35:00,EURGBP,-0.66,0.08,0.93,11.625,-7.6725,77362.3347,0.93
2026.02.03 18:00:00,GBPUSD,-1.06,0.11,1.08,9.818182,-10.4073,77351.9274,1.08
2026.02.04 04:00:00,EURUSD,-4.39,0.53,2.32,4.377358,-19.2166,77332.7108,2.32
2026.02.04 06:50:30,GBPUSD,10.16,0.11,1.08,9.818182,99.7527,77432.4635,1.08
2026.02.04 17:00:00,GBPUSD,-1.05,0.11,1.08,9.818182,-10.3091,77422.1544,1.08
2026.02.04 17:31:12,GBPUSD,9.95,0.11,1.08,9.818182,97.6909,77519.8453,1.08
2026.02.05 08:15:11,EURGBP,30.81,0.08,0.93,11.625,358.1662,77878.0116,0.93
2026.02.05 08:15:11,EURGBP,-20.81,0.08,0.92,11.5,-239.315,77638.6966,0.92
2026.02.05 08:20:00,EURGBP,-0.66,0.08,0.93,11.625,-7.6725,77631.0241,0.93
2026.02.06 02:05:01,EURGBP,-0.66,0.08,0.93,11.625,-7.6725,77623.3516,0.93
2026.02.06 08:00:00,GBPUSD,-1.04,0.11,1.09,9.909091,-10.3055,77613.0461,1.09
2026.02.06 11:34:30,GBPUSD,10.17,0.11,1.09,9.909091,100.7755,77713.8216,1.09
2026.02.06 13:14:17,EURGBP,33.56,0.08,0.93,11.625,390.135,78103.9566,0.93
2026.02.06 13:14:18,EURGBP,-23.91,0.08,0.93,11.625,-277.9538,77826.0028,0.93
2026.02.06 15:05:00,EURGBP,-0.66,0.08,0.93,11.625,-7.6725,77818.3303,0.93
2026.02.09 08:00:50,EURUSD,76.7,0.53,2.32,4.377358,335.7434,78154.0737,2.32
2026.02.09 16:05:00,EURGBP,-0.67,0.08,0.94,11.75,-7.8725,78146.2012,0.94
2026.02.09 18:13:19,EURGBP,31.97,0.08,0.94,11.75,375.6475,78521.8487,0.94
2026.02.09 18:13:19,EURGBP,-22.24,0.08,0.93,11.625,-258.54,78263.3087,0.93
2026.02.09 20:10:00,EURGBP,-0.67,0.08,0.94,11.75,-7.8725,78255.4362,0.94
2026.02.09 20:43:41,EURGBP,4.8,0.08,0.94,11.75,56.4,78311.8362,0.94
2026.02.09 21:00:00,EURGBP,-0.67,0.08,0.94,11.75,-7.8725,78303.9637,0.94
2026.02.10 08:17:40,EURGBP,4.91,0.08,0.94,11.75,57.6925,78361.6562,0.94
2026.02.10 10:00:00,EURGBP,-0.67,0.08,0.94,11.75,-7.8725,78353.7837,0.94
2026.02.10 14:21:22,EURGBP,5.57,0.08,0.94,11.75,65.4475,78419.2312,0.94
2026.02.10 14:55:00,EURGBP,-0.67,0.08,0.94,11.75,-7.8725,78411.3587,0.94
2026.02.10 15:23:19,EURGBP,4.8,0.08,0.94,11.75,56.4,78467.7587,0.94
2026.02.10 18:30:00,EURGBP,-0.67,0.08,0.94,11.75,-7.8725,78459.8862,0.94
2026.02.10 19:32:55,EURGBP,4.9,0.08,0.94,11.75,57.575,78517.4612,0.94
2026.02.10 19:50:00,EURGBP,-0.67,0.08,0.94,11.75,-7.8725,78509.5887,0.94
2026.02.10 20:00:00,GBPUSD,-1.05,0.11,1.1,10.0,-10.5,78499.0887,1.1
2026.02.10 20:30:23,GBPUSD,10.17,0.11,1.1,10.0,101.7,78600.7887,1.1
2026.02.11 02:00:01,EURUSD,-4.41,0.53,2.36,4.45283,-19.637,78581.1517,2.36
2026.02.11 10:00:00,GBPUSD,-1.05,0.11,1.1,10.0,-10.5,78570.6517,1.1
2026.02.11 10:25:40,EURGBP,4.91,0.08,0.94,11.75,57.6925,78628.3442,0.94
2026.02.11 10:37:44,GBPUSD,10.06,0.11,1.1,10.0,100.6,78728.9442,1.1
2026.02.11 12:50:00,EURGBP,-0.67,0.08,0.94,11.75,-7.8725,78721.0717,0.94
2026.02.11 15:30:01,EURUSD,130.22,0.53,2.36,4.45283,579.8475,79300.9193,2.36
2026.02.11 16:00:00,EURUSD,-4.4,0.53,2.38,4.490566,-19.7585,79281.1608,2.38
2026.02.11 16:00:00,GBPUSD,-1.05,0.11,1.11,10.090909,-10.5955,79270.5653,1.11
2026.02.11 17:50:00,GBPUSD,10.72,0.11,1.11,10.090909,108.1745,79378.7399,1.11
2026.02.11 18:46:32,EURGBP,4.79,0.08,0.94,11.75,56.2825,79435.0224,0.94
2026.02.11 20:45:02,EURGBP,-0.67,0.08,0.95,11.875,-7.9563,79427.0661,0.95
2026.02.12 12:00:00,GBPUSD,-1.05,0.11,1.11,10.090909,-10.5955,79416.4707,1.11
2026.02.12 16:10:21,EURGBP,4.79,0.08,0.95,11.875,56.8813,79473.3519,0.95
2026.02.12 16:25:00,EURGBP,-0.67,0.08,0.95,11.875,-7.9563,79465.3957,0.95
2026.02.12 16:30:28,GBPUSD,10.28,0.11,1.11,10.090909,103.7345,79569.1302,1.11
2026.02.12 17:47:52,EURGBP,4.79,0.08,0.95,11.875,56.8813,79626.0115,0.95
2026.02.12 17:55:00,EURGBP,-0.67,0.08,0.96,12.0,-8.04,79617.9715,0.96
2026.02.13 08:00:00,GBPUSD,-1.05,0.11,1.11,10.090909,-10.5955,79607.376,1.11
2026.02.13 09:09:08,GBPUSD,9.95,0.11,1.11,10.090909,100.4045,79707.7806,1.11
2026.02.13 16:00:00,GBPUSD,-1.05,0.11,1.12,10.181818,-10.6909,79697.0897,1.12
2026.02.13 17:10:59,EURGBP,4.91,0.08,0.96,12.0,58.92,79756.0097,0.96
2026.02.13 17:11:09,GBPUSD,10.06,0.11,1.12,10.181818,102.4291,79858.4388,1.12
2026.02.13 17:15:00,EURGBP,-0.66,0.08,0.96,12.0,-7.92,79850.5188,0.96
2026.02.13 17:23:44,EURGBP,4.9,0.08,0.96,12.0,58.8,79909.3188,0.96
2026.02.13 19:00:00,EURGBP,-0.66,0.08,0.96,12.0,-7.92,79901.3988,0.96
2026.02.13 19:18:56,EURGBP,4.9,0.08,0.96,12.0,58.8,79960.1988,0.96
2026.02.13 21:00:01,EURGBP,-0.66,0.08,0.96,12.0,-7.92,79952.2788,0.96
2026.02.16 18:53:47,EURUSD,75.63,0.53,2.38,4.490566,339.6215,80291.9003,2.38
2026.02.16 20:00:12,EURUSD,-4.48,0.54,2.41,4.462963,-19.9941,80271.9062,2.41
2026.02.17 03:00:00,GBPUSD,-1.05,0.11,1.12,10.181818,-10.6909,80261.2153,1.12
2026.02.17 05:04:39,GBPUSD,10.39,0.11,1.12,10.181818,105.7891,80367.0044,1.12
2026.02.17 09:00:01,EURGBP,7.18,0.08,0.96,12.0,86.16,80453.1644,0.96
2026.02.17 09:05:00,EURGBP,-0.66,0.08,0.97,12.125,-8.0025,80445.1619,0.97
2026.02.17 09:31:04,EURUSD,75.99,0.54,2.41,4.462963,339.1406,80784.3024,2.41
2026.02.17 12:37:28,EURGBP,5.0,0.08,0.97,12.125,60.625,80844.9274,0.97
2026.02.17 12:40:00,EURGBP,-0.66,0.08,0.97,12.125,-8.0025,80836.9249,0.97
2026.02.17 13:14:49,EURGBP,4.78,0.08,0.97,12.125,57.9575,80894.8824,0.97
2026.02.17 13:55:03,EURGBP,-0.66,0.08,0.97,12.125,-8.0025,80886.8799,0.97
2026.02.17 23:00:00,EURUSD,-4.48,0.54,2.43,4.5,-20.16,80866.7199,2.43
2026.02.18 12:00:00,GBPUSD,-1.05,0.11,1.13,10.272727,-10.7864,80855.9336,1.13
2026.02.19 10:00:00,GBPUSD,-1.04,0.11,1.13,10.272727,-10.6836,80845.2499,1.13
2026.02.20 18:00:00,EURUSD,-4.46,0.54,2.43,4.5,-20.07,80825.1799,2.43
2026.02.24 17:14:43,EURGBP,4.96,0.08,0.97,12.125,60.14,80885.3199,0.97
2026.02.24 19:25:01,EURGBP,-0.66,0.08,0.97,12.125,-8.0025,80877.3174,0.97
2026.02.25 15:15:32,EURGBP,4.86,0.08,0.97,12.125,58.9275,80936.2449,0.97
2026.02.25 16:40:00,EURGBP,-0.66,0.08,0.97,12.125,-8.0025,80928.2424,0.97
2026.02.25 18:43:11,EURGBP,4.97,0.08,0.97,12.125,60.2612,80988.5037,0.97
2026.02.25 19:02:05,GBPUSD,45.82,0.11,1.13,10.272727,470.6964,81459.2,1.13
2026.02.25 19:02:05,GBPUSD,-25.24,0.11,1.13,10.272727,-259.2836,81199.9164,1.13
2026.02.25 20:35:02,EURGBP,-0.66,0.08,0.97,12.125,-8.0025,81191.9139,0.97
2026.02.26 11:00:00,GBPUSD,-1.04,0.11,1.14,10.363636,-10.7782,81181.1357,1.14
2026.02.26 17:24:53,GBPUSD,10.18,0.11,1.14,10.363636,105.5018,81286.6375,1.14
2026.02.27 08:15:00,EURGBP,-0.66,0.08,0.98,12.25,-8.085,81278.5525,0.98
2026.03.02 19:01:14,EURGBP,29.45,0.08,0.98,12.25,360.7625,81639.315,0.98
2026.03.02 19:01:15,EURGBP,-19.93,0.08,0.97,12.125,-241.6513,81397.6638,0.97
2026.03.02 20:40:01,EURGBP,-0.65,0.08,0.98,12.25,-7.9625,81389.7013,0.98
2026.03.02 22:00:00,GBPUSD,-1.03,0.11,1.14,10.363636,-10.6745,81379.0267,1.14
2026.03.03 07:41:21,EURGBP,4.8,0.08,0.98,12.25,58.8,81437.8267,0.98
2026.03.03 07:45:02,EURGBP,-0.65,0.08,0.98,12.25,-7.9625,81429.8642,0.98
2026.03.03 12:08:11,EURGBP,5.21,0.08,0.98,12.25,63.8225,81493.6867,0.98
2026.03.03 14:10:02,EURGBP,-0.65,0.08,0.98,12.25,-7.9625,81485.7242,0.98
2026.03.03 21:00:00,GBPUSD,-1.03,0.11,1.14,10.363636,-10.6745,81475.0497,1.14
2026.03.04 13:00:00,EURUSD,-4.4,0.54,2.44,4.518519,-19.8815,81455.1682,2.44
2026.03.04 13:24:51,GBPUSD,51.11,0.11,1.14,10.363636,529.6855,81984.8537,1.14
2026.03.04 13:24:51,GBPUSD,-30.95,0.11,1.14,10.363636,-320.7545,81664.0991,1.14
2026.03.05 08:00:00,GBPUSD,-1.03,0.11,1.14,10.363636,-10.6745,81653.4246,1.14
2026.03.05 18:09:03,GBPUSD,9.98,0.11,1.14,10.363636,103.4291,81756.8537,1.14
2026.03.06 06:00:00,GBPUSD,-1.03,0.11,1.14,10.363636,-10.6745,81746.1791,1.14
2026.03.06 15:20:00,EURGBP,-0.65,0.08,0.98,12.25,-7.9625,81738.2166,0.98
2026.03.06 15:30:01,GBPUSD,11.51,0.11,1.14,10.363636,119.2855,81857.5021,1.14
2026.03.06 19:00:00,GBPUSD,-1.03,0.11,1.15,10.454545,-10.7682,81846.7339,1.15
2026.03.06 19:04:53,GBPUSD,10.41,0.11,1.15,10.454545,108.8318,81955.5657,1.15
2026.03.09 03:00:00,GBPUSD,-1.02,0.11,1.15,10.454545,-10.6636,81944.9021,1.15
2026.03.09 04:00:57,GBPUSD,9.98,0.11,1.15,10.454545,104.3364,82049.2384,1.15
2026.03.09 17:00:00,GBPUSD,-1.03,0.11,1.15,10.454545,-10.7682,82038.4703,1.15
2026.03.09 18:00:35,GBPUSD,10.08,0.11,1.15,10.454545,105.3818,82143.8521,1.15
2026.03.11 13:00:00,GBPUSD,-1.03,0.11,1.15,10.454545,-10.7682,82133.0839,1.15
2026.03.11 15:47:02,GBPUSD,10.08,0.11,1.15,10.454545,105.3818,82238.4657,1.15
2026.03.13 10:00:47,USDCHF,212.92,0.15,1.14,7.6,1618.192,83856.6577,1.14
2026.03.13 10:00:48,USDCHF,-29.22,0.15,1.14,7.6,-222.072,83634.5857,1.14
2026.03.13 10:00:48,USDCHF,-156.96,0.15,1.13,7.533333,-1182.432,82452.1537,1.13
2026.03.13 12:05:00,USDCHF,-1.05,0.15,1.24,8.266667,-8.68,82443.4737,1.24
2026.03.13 12:30:12,USDCHF,9.62,0.15,1.24,8.266667,79.5253,82522.9991,1.24
2026.03.13 17:05:00,USDCHF,-1.05,0.15,1.24,8.266667,-8.68,82514.3191,1.24
2026.03.13 17:15:24,USDCHF,8.66,0.15,1.24,8.266667,71.5893,82585.9084,1.24
2026.03.16 03:10:00,USDCHF,-1.05,0.15,1.24,8.266667,-8.68,82577.2284,1.24
2026.03.16 03:42:19,USDCHF,8.65,0.15,1.24,8.266667,71.5067,82648.7351,1.24
2026.03.16 04:25:01,USDCHF,-1.05,0.15,1.24,8.266667,-8.68,82640.0551,1.24
2026.03.16 07:59:51,USDCHF,8.63,0.15,1.24,8.266667,71.3413,82711.3964,1.24
2026.03.16 11:10:00,USDCHF,-1.05,0.15,1.24,8.266667,-8.68,82702.7164,1.24
2026.03.16 11:22:45,USDCHF,8.82,0.15,1.24,8.266667,72.912,82775.6284,1.24
2026.03.16 14:00:00,EURUSD,-4.34,0.54,2.48,4.592593,-19.9319,82755.6965,2.48
2026.03.16 17:00:00,GBPUSD,-1.02,0.11,1.16,10.545455,-10.7564,82744.9402,1.16
2026.03.16 17:20:00,USDCHF,-1.05,0.15,1.24,8.266667,-8.68,82736.2602,1.24
2026.03.16 17:42:11,USDCHF,8.46,0.15,1.24,8.266667,69.936,82806.1962,1.24
2026.03.16 19:45:03,USDCHF,-1.05,0.15,1.24,8.266667,-8.68,82797.5162,1.24
2026.03.16 20:00:55,USDCHF,8.48,0.15,1.24,8.266667,70.1013,82867.6175,1.24
2026.03.16 21:07:51,GBPUSD,10.19,0.11,1.16,10.545455,107.4582,82975.0757,1.16
2026.03.16 22:50:00,USDCHF,-1.05,0.15,1.24,8.266667,-8.68,82966.3957,1.24
2026.03.17 01:55:33,USDCHF,8.66,0.15,1.24,8.266667,71.5893,83037.985,1.24
2026.03.17 06:20:05,USDCHF,-1.05,0.15,1.25,8.333333,-8.75,83029.235,1.25
2026.03.17 10:30:24,USDCHF,8.66,0.15,1.25,8.333333,72.1667,83101.4017,1.25
2026.03.17 15:00:00,USDCHF,-1.05,0.15,1.25,8.333333,-8.75,83092.6517,1.25
2026.03.18 15:59:28,USDCHF,8.66,0.15,1.25,8.333333,72.1667,83164.8184,1.25
2026.03.18 16:00:00,GBPUSD,-1.03,0.11,1.16,10.545455,-10.8618,83153.9565,1.16
2026.03.18 16:16:05,GBPUSD,10.2,0.11,1.16,10.545455,107.5636,83261.5202,1.16
2026.03.19 01:10:00,USDCHF,-1.05,0.15,1.25,8.333333,-8.75,83252.7702,1.25
2026.03.19 11:30:47,USDCHF,8.4,0.15,1.25,8.333333,70.0,83322.7702,1.25
2026.03.19 12:20:00,USDCHF,-1.05,0.15,1.25,8.333333,-8.75,83314.0202,1.25
2026.03.19 12:36:33,USDCHF,8.59,0.15,1.25,8.333333,71.5833,83385.6035,1.25
2026.03.19 15:35:00,USDCHF,-1.05,0.15,1.25,8.333333,-8.75,83376.8535,1.25
2026.03.19 16:04:39,USDCHF,8.4,0.15,1.25,8.333333,70.0,83446.8535,1.25
2026.03.19 17:00:00,GBPUSD,-1.03,0.11,1.17,10.636364,-10.9555,83435.8981,1.17
2026.03.19 17:01:06,GBPUSD,10.3,0.11,1.17,10.636364,109.5545,83545.4526,1.17
2026.03.19 18:10:00,EURGBP,-0.65,0.08,1.0,12.5,-8.125,83537.3276,1.0
2026.03.19 18:45:00,USDCHF,-1.05,0.15,1.25,8.333333,-8.75,83528.5776,1.25
2026.03.19 19:51:17,USDCHF,8.6,0.15,1.25,8.333333,71.6667,83600.2443,1.25
2026.03.19 20:20:00,USDCHF,-1.05,0.15,1.25,8.333333,-8.75,83591.4943,1.25
2026.03.19 20:26:22,USDCHF,8.63,0.15,1.25,8.333333,71.9167,83663.4109,1.25
2026.03.19 22:55:00,USDCHF,-1.05,0.15,1.25,8.333333,-8.75,83654.6609,1.25
2026.03.20 02:39:22,USDCHF,8.46,0.15,1.25,8.333333,70.5,83725.1609,1.25
2026.03.20 04:05:00,USDCHF,-1.05,0.15,1.26,8.4,-8.82,83716.3409,1.26
2026.03.20 12:12:27,USDCHF,8.47,0.15,1.26,8.4,71.148,83787.4889,1.26
2026.03.20 13:00:00,GBPUSD,-1.03,0.11,1.17,10.636364,-10.9555,83776.5335,1.17
2026.03.20 13:01:49,GBPUSD,10.08,0.11,1.17,10.636364,107.2145,83883.748,1.17
2026.03.20 13:10:00,USDCHF,-1.05,0.15,1.26,8.4,-8.82,83874.928,1.26
2026.03.20 17:13:38,USDCHF,8.64,0.15,1.26,8.4,72.576,83947.504,1.26
2026.03.20 18:35:00,USDCHF,-1.05,0.15,1.26,8.4,-8.82,83938.684,1.26
2026.03.20 18:50:48,EURGBP,61.33,0.08,1.0,12.5,766.625,84705.309,1.0
2026.03.20 18:50:48,EURGBP,6.7,0.08,0.98,12.25,82.075,84787.384,0.98
2026.03.20 18:50:48,EURGBP,-52.94,0.08,0.98,12.25,-648.515,84138.869,0.98
2026.03.20 18:55:02,EURGBP,-0.65,0.08,1.01,12.625,-8.2063,84130.6628,1.01
2026.03.20 19:11:29,USDCHF,8.85,0.15,1.26,8.4,74.34,84205.0028,1.26
2026.03.20 20:35:31,EURGBP,4.9,0.08,1.01,12.625,61.8625,84266.8653,1.01
2026.03.20 22:00:00,USDCHF,-1.05,0.15,1.26,8.4,-8.82,84258.0453,1.26
2026.03.20 23:20:01,EURGBP,-0.65,0.08,1.01,12.625,-8.2063,84249.839,1.01
2026.03.23 03:54:12,USDCHF,8.45,0.15,1.26,8.4,70.98,84320.819,1.26
2026.03.23 04:15:00,USDCHF,-1.05,0.15,1.26,8.4,-8.82,84311.999,1.26
2026.03.23 04:36:48,EURGBP,5.0,0.08,1.01,12.625,63.125,84375.124,1.01
2026.03.23 04:40:00,EURGBP,-0.65,0.08,1.01,12.625,-8.2063,84366.9178,1.01
2026.03.23 05:48:35,EURGBP,4.78,0.08,1.01,12.625,60.3475,84427.2653,1.01
2026.03.23 05:50:00,EURGBP,-0.65,0.08,1.01,12.625,-8.2063,84419.059,1.01
2026.03.23 11:14:05,EURGBP,5.0,0.08,1.01,12.625,63.125,84482.184,1.01
2026.03.23 14:06:41,USDCHF,10.95,0.15,1.26,8.4,91.98,84574.164,1.26
2026.03.23 14:10:00,EURGBP,-0.65,0.08,1.01,12.625,-8.2063,84565.9578,1.01
2026.03.23 14:10:00,USDCHF,-1.05,0.15,1.27,8.466667,-8.89,84557.0678,1.27
2026.03.23 14:10:21,EURGBP,4.93,0.08,1.01,12.625,62.2412,84619.309,1.01
2026.03.23 14:11:09,USDCHF,8.46,0.15,1.27,8.466667,71.628,84690.937,1.27
2026.03.23 15:00:00,GBPUSD,-1.03,0.11,1.19,10.818182,-11.1427,84679.7943,1.19
2026.03.23 15:03:39,GBPUSD,10.3,0.11,1.19,10.818182,111.4273,84791.2216,1.19
2026.03.23 16:10:00,EURGBP,-0.65,0.08,1.02,12.75,-8.2875,84782.9341,1.02
2026.03.23 16:20:58,EURGBP,4.82,0.08,1.02,12.75,61.455,84844.3891,1.02
2026.03.23 17:25:00,EURGBP,-0.65,0.08,1.02,12.75,-8.2875,84836.1016,1.02
2026.03.23 18:17:30,EURGBP,4.73,0.08,1.02,12.75,60.3075,84896.4091,1.02
2026.03.23 18:50:00,USDCHF,-1.05,0.15,1.27,8.466667,-8.89,84887.5191,1.27
2026.03.23 18:52:11,USDCHF,8.48,0.15,1.27,8.466667,71.7973,84959.3164,1.27
2026.03.23 18:55:00,EURGBP,-0.65,0.08,1.02,12.75,-8.2875,84951.0289,1.02
2026.03.23 19:40:40,EURGBP,4.93,0.08,1.02,12.75,62.8575,85013.8864,1.02
2026.03.23 20:40:00,EURGBP,-0.65,0.08,1.02,12.75,-8.2875,85005.5989,1.02
2026.03.23 21:35:00,USDCHF,-1.05,0.15,1.28,8.533333,-8.96,84996.6389,1.28
2026.03.23 21:37:52,USDCHF,8.7,0.15,1.28,8.533333,74.24,85070.8789,1.28
2026.03.23 22:55:00,USDCHF,-1.05,0.15,1.28,8.533333,-8.96,85061.9189,1.28
2026.03.24 01:46:00,USDCHF,8.67,0.15,1.28,8.533333,73.984,85135.9029,1.28
2026.03.24 04:03:27,EURGBP,4.71,0.08,1.02,12.75,60.0525,85195.9554,1.02
2026.03.24 04:05:00,EURGBP,-0.65,0.08,1.02,12.75,-8.2875,85187.6679,1.02
2026.03.24 05:37:36,EURGBP,4.71,0.08,1.02,12.75,60.0525,85247.7204,1.02
2026.03.24 05:40:02,EURGBP,-0.65,0.08,1.02,12.75,-8.2875,85239.4329,1.02
2026.03.24 08:20:00,USDCHF,-1.05,0.15,1.28,8.533333,-8.96,85230.4729,1.28
2026.03.24 10:03:11,USDCHF,8.47,0.15,1.28,8.533333,72.2773,85302.7502,1.28
2026.03.24 11:50:49,EURGBP,5.14,0.08,1.02,12.75,65.535,85368.2852,1.02
2026.03.24 12:00:00,EURGBP,-0.65,0.08,1.02,12.75,-8.2875,85359.9977,1.02
2026.03.24 12:18:37,EURGBP,4.81,0.08,1.02,12.75,61.3275,85421.3252,1.02
2026.03.24 12:35:00,EURGBP,-0.65,0.08,1.03,12.875,-8.3688,85412.9565,1.03
2026.03.24 12:57:50,EURGBP,4.71,0.08,1.03,12.875,60.6412,85473.5977,1.03
2026.03.24 13:35:01,USDCHF,-1.05,0.15,1.28,8.533333,-8.96,85464.6377,1.28
2026.03.24 14:35:00,EURGBP,-0.65,0.08,1.03,12.875,-8.3688,85456.269,1.03
2026.03.24 14:53:07,EURGBP,4.81,0.08,1.03,12.875,61.9287,85518.1977,1.03
2026.03.24 14:53:41,USDCHF,8.66,0.15,1.28,8.533333,73.8987,85592.0964,1.28
2026.03.24 15:05:01,EURGBP,-0.65,0.08,1.03,12.875,-8.3688,85583.7276,1.03
2026.03.24 15:40:19,EURGBP,4.6,0.08,1.03,12.875,59.225,85642.9526,1.03
2026.03.24 17:30:00,EURGBP,-0.65,0.08,1.03,12.875,-8.3688,85634.5839,1.03
2026.03.24 18:50:15,EURGBP,4.7,0.08,1.03,12.875,60.5125,85695.0964,1.03
2026.03.24 19:15:01,EURGBP,-0.65,0.08,1.03,12.875,-8.3688,85686.7276,1.03
2026.03.24 21:40:00,USDCHF,-1.05,0.15,1.29,8.6,-9.03,85677.6976,1.29
2026.03.24 23:20:05,USDCHF,8.83,0.15,1.29,8.6,75.938,85753.6356,1.29
2026.03.25 04:55:00,USDCHF,-1.12,0.16,1.29,8.0625,-9.03,85744.6056,1.29
2026.03.25 05:32:00,USDCHF,9.43,0.16,1.29,8.0625,76.0294,85820.635,1.29
2026.03.25 10:15:00,USDCHF,-1.12,0.16,1.29,8.0625,-9.03,85811.605,1.29
2026.03.25 11:28:53,USDCHF,9.22,0.16,1.29,8.0625,74.3362,85885.9413,1.29
2026.03.25 12:30:01,USDCHF,-1.12,0.16,1.29,8.0625,-9.03,85876.9113,1.29
2026.03.25 14:08:58,EURGBP,4.72,0.08,1.03,12.875,60.77,85937.6813,1.03
2026.03.25 14:55:00,EURGBP,-0.65,0.08,1.03,12.875,-8.3688,85929.3125,1.03
2026.03.25 15:16:48,EURGBP,4.82,0.08,1.03,12.875,62.0575,85991.37,1.03
2026.03.25 16:05:01,EURGBP,-0.65,0.08,1.03,12.875,-8.3688,85983.0013,1.03
2026.03.25 16:21:15,EURGBP,4.92,0.08,1.03,12.875,63.345,86046.3463,1.03
2026.03.25 16:29:27,USDCHF,8.8,0.16,1.29,8.0625,70.95,86117.2963,1.29
2026.03.25 17:00:00,GBPUSD,-1.03,0.11,1.21,11.0,-11.33,86105.9663,1.21
2026.03.25 17:04:59,GBPUSD,9.97,0.11,1.21,11.0,109.67,86215.6363,1.21
2026.03.25 17:05:00,EURGBP,-0.65,0.08,1.03,12.875,-8.3688,86207.2675,1.03
2026.03.25 17:50:00,USDCHF,-1.12,0.16,1.29,8.0625,-9.03,86198.2375,1.29
2026.03.25 18:08:28,EURGBP,4.7,0.08,1.03,12.875,60.5125,86258.75,1.03
2026.03.25 21:10:00,EURGBP,-0.65,0.08,1.04,13.0,-8.45,86250.3,1.04
2026.03.26 14:47:20,EURGBP,4.79,0.08,1.04,13.0,62.27,86312.57,1.04
2026.03.26 14:55:00,EURGBP,-0.65,0.08,1.04,13.0,-8.45,86304.12,1.04
2026.03.26 15:08:04,EURGBP,4.79,0.08,1.04,13.0,62.27,86366.39,1.04
2026.03.26 16:40:00,EURGBP,-0.65,0.08,1.04,13.0,-8.45,86357.94,1.04
2026.03.26 19:15:24,EURGBP,4.69,0.08,1.04,13.0,60.97,86418.91,1.04
2026.03.26 20:55:00,EURGBP,-0.65,0.08,1.04,13.0,-8.45,86410.46,1.04
2026.03.27 04:35:00,USDCHF,-1.12,0.16,1.3,8.125,-9.1,86401.36,1.3
2026.03.30 03:20:00,USDCHF,-1.12,0.16,1.3,8.125,-9.1,86392.26,1.3
2026.03.31 02:40:00,EURGBP,-0.64,0.08,1.04,13.0,-8.32,86383.94,1.04
2026.03.31 05:00:00,GBPUSD,-1.11,0.12,1.21,10.083333,-11.1925,86372.7475,1.21
2026.03.31 14:26:58,GBPUSD,11.13,0.12,1.21,10.083333,112.2275,86484.975,1.21
2026.03.31 19:00:00,GBPUSD,-1.11,0.12,1.21,10.083333,-11.1925,86473.7825,1.21
2026.04.01 10:17:56,USDCHF,95.38,0.16,1.3,8.125,774.9625,87248.745,1.3
2026.04.01 10:17:56,USDCHF,10.57,0.16,1.3,8.125,85.8813,87334.6263,1.3
2026.04.01 10:17:56,USDCHF,-75.86,0.16,1.29,8.0625,-611.6213,86723.005,1.29
2026.04.01 16:05:00,USDCHF,-1.12,0.16,1.3,8.125,-9.1,86713.905,1.3
2026.04.01 16:58:06,USDCHF,9.17,0.16,1.3,8.125,74.5062,86788.4113,1.3
2026.04.01 19:55:00,USDCHF,-1.12,0.16,1.3,8.125,-9.1,86779.3113,1.3
2026.04.01 20:05:09,USDCHF,9.18,0.16,1.3,8.125,74.5875,86853.8988,1.3
2026.04.01 20:35:00,USDCHF,-1.12,0.16,1.3,8.125,-9.1,86844.7988,1.3
2026.04.01 21:03:22,USDCHF,9.16,0.16,1.3,8.125,74.425,86919.2238,1.3
2026.04.01 23:40:05,USDCHF,-1.12,0.16,1.3,8.125,-9.1,86910.1238,1.3
2026.04.02 03:10:22,USDCHF,8.96,0.16,1.3,8.125,72.8,86982.9238,1.3
2026.04.02 04:20:00,USDCHF,-1.12,0.16,1.3,8.125,-9.1,86973.8238,1.3
2026.04.02 04:31:08,USDCHF,8.93,0.16,1.3,8.125,72.5562,87046.38,1.3
2026.04.02 05:00:00,GBPUSD,-1.11,0.12,1.22,10.166667,-11.285,87035.095,1.22
2026.04.02 09:11:32,GBPUSD,53.61,0.12,1.22,10.166667,545.035,87580.13,1.22
2026.04.02 09:11:32,GBPUSD,-31.35,0.12,1.21,10.083333,-316.1125,87264.0175,1.21
2026.04.02 12:40:00,USDCHF,-1.12,0.16,1.31,8.1875,-9.17,87254.8475,1.31
2026.04.02 17:36:08,USDCHF,8.9,0.16,1.31,8.1875,72.8687,87327.7163,1.31
2026.04.02 17:40:00,USDCHF,-1.12,0.16,1.31,8.1875,-9.17,87318.5463,1.31
2026.04.02 18:07:04,USDCHF,9.31,0.16,1.31,8.1875,76.2256,87394.7719,1.31
2026.04.02 21:25:00,USDCHF,-1.12,0.16,1.31,8.1875,-9.17,87385.6019,1.31
2026.04.03 15:30:01,USDCHF,11.88,0.16,1.31,8.1875,97.2675,87482.8694,1.31
2026.04.03 17:00:00,USDCHF,-1.12,0.16,1.31,8.1875,-9.17,87473.6994,1.31
2026.04.06 10:00:00,GBPUSD,-1.11,0.12,1.22,10.166667,-11.285,87462.4144,1.22
2026.04.06 10:41:54,GBPUSD,11.01,0.12,1.22,10.166667,111.935,87574.3494,1.22
2026.04.06 10:45:38,USDCHF,9.51,0.16,1.31,8.1875,77.8631,87652.2125,1.31
2026.04.06 13:30:00,USDCHF,-1.12,0.16,1.31,8.1875,-9.17,87643.0425,1.31
2026.04.06 13:46:19,USDCHF,8.3,0.16,1.31,8.1875,67.9563,87710.9988,1.31
2026.04.06 15:35:01,USDCHF,-1.12,0.16,1.32,8.25,-9.24,87701.7588,1.32
2026.04.06 16:30:00,USDCHF,9.12,0.16,1.32,8.25,75.24,87776.9988,1.32
2026.04.06 18:00:00,USDCHF,-1.12,0.16,1.32,8.25,-9.24,87767.7588,1.32
2026.04.06 18:10:55,USDCHF,9.3,0.16,1.32,8.25,76.725,87844.4838,1.32
2026.04.06 20:35:00,USDCHF,-1.12,0.16,1.32,8.25,-9.24,87835.2438,1.32
2026.04.07 23:15:24,USDCHF,9.31,0.16,1.32,8.25,76.8075,87912.0513,1.32
2026.04.08 08:51:37,EURUSD,1221.92,0.54,2.48,4.592593,5611.7807,93523.832,2.48
2026.04.08 08:51:37,EURUSD,366.02,0.54,2.44,4.518519,1653.8681,95177.7002,2.44
2026.04.08 08:51:37,EURUSD,-467.74,0.54,2.43,4.5,-2104.83,93072.8702,2.43
2026.04.08 08:51:38,EURUSD,-808.48,0.54,2.43,4.5,-3638.16,89434.7102,2.43
2026.04.08 10:05:00,USDCHF,-1.12,0.16,1.34,8.375,-9.38,89425.3302,1.34
2026.04.08 16:38:06,USDCHF,9.01,0.16,1.34,8.375,75.4588,89500.7889,1.34
2026.04.08 22:00:00,GBPUSD,-1.12,0.12,1.25,10.416667,-11.6667,89489.1222,1.25
2026.04.08 22:40:00,USDCHF,-1.12,0.16,1.34,8.375,-9.38,89479.7422,1.34
2026.04.09 01:38:50,USDCHF,9.4,0.16,1.34,8.375,78.725,89558.4672,1.34
2026.04.09 05:00:02,USDCHF,-1.12,0.16,1.34,8.375,-9.38,89549.0872,1.34
2026.04.09 06:39:10,USDCHF,8.99,0.16,1.34,8.375,75.2912,89624.3785,1.34
2026.04.09 08:10:01,USDCHF,-1.12,0.16,1.34,8.375,-9.38,89614.9985,1.34
2026.04.09 08:50:00,USDCHF,8.98,0.16,1.34,8.375,75.2075,89690.206,1.34
2026.04.09 10:00:00,USDCHF,-1.12,0.16,1.35,8.4375,-9.45,89680.756,1.35
2026.04.09 10:24:58,USDCHF,9.2,0.16,1.35,8.4375,77.625,89758.381,1.35
2026.04.09 14:00:00,USDCHF,-1.12,0.16,1.35,8.4375,-9.45,89748.931,1.35
2026.04.10 17:50:00,USDCHF,-1.12,0.16,1.35,8.4375,-9.45,89739.481,1.35
2026.04.13 00:00:07,USDCHF,53.35,0.16,1.35,8.4375,450.1406,90189.6216,1.35
2026.04.13 00:00:07,USDCHF,-32.5,0.16,1.35,8.4375,-274.2188,89915.4029,1.35
2026.04.13 01:00:00,EURUSD,-4.49,0.55,2.7,4.909091,-22.0418,89893.3611,2.7
2026.04.13 03:00:00,USDCHF,-1.12,0.16,1.35,8.4375,-9.45,89883.9111,1.35
2026.04.13 04:12:35,USDCHF,9.18,0.16,1.35,8.4375,77.4562,89961.3673,1.35
2026.04.13 08:05:00,USDCHF,-1.12,0.16,1.35,8.4375,-9.45,89951.9173,1.35
2026.04.14 05:15:01,USDCHF,-1.12,0.16,1.35,8.4375,-9.45,89942.4673,1.35
2026.04.16 11:00:00,EURUSD,-4.54,0.55,2.7,4.909091,-22.2873,89920.18,2.7
2026.04.16 12:00:00,GBPUSD,-1.14,0.12,1.26,10.5,-11.97,89908.21,1.26
2026.04.20 21:40:00,USDCHF,-1.12,0.16,1.35,8.4375,-9.45,89898.76,1.35
2026.04.22 18:02:51,EURUSD,411.84,0.55,2.7,4.909091,2021.76,91920.52,2.7
2026.04.22 18:02:51,EURUSD,-255.31,0.55,2.7,4.909091,-1253.34,90667.18,2.7
2026.04.22 20:06:22,EURGBP,29.61,0.08,1.04,13.0,384.93,91052.11,1.04
2026.04.22 20:06:22,EURGBP,-20.01,0.08,1.04,13.0,-260.13,90791.98,1.04
2026.04.23 00:00:03,EURGBP,-0.66,0.08,1.09,13.625,-8.9925,90782.9875,1.09
2026.04.23 03:13:09,USDCHF,133.96,0.16,1.35,8.4375,1130.2875,91913.275,1.35
2026.04.23 03:13:09,USDCHF,33.31,0.16,1.35,8.4375,281.0531,92194.3282,1.35
2026.04.23 03:13:09,USDCHF,-140.07,0.16,1.35,8.4375,-1181.8406,91012.4875,1.35
2026.04.23 03:17:58,EURGBP,4.84,0.08,1.09,13.625,65.945,91078.4325,1.09
2026.04.23 03:20:00,USDCHF,-1.12,0.16,1.37,8.5625,-9.59,91068.8425,1.37
2026.04.23 05:05:00,EURGBP,-0.66,0.08,1.09,13.625,-8.9925,91059.85,1.09
2026.04.23 11:27:03,USDCHF,9.08,0.16,1.37,8.5625,77.7475,91137.5975,1.37
2026.04.23 11:33:02,EURGBP,4.95,0.08,1.09,13.625,67.4438,91205.0413,1.09
2026.04.23 11:35:01,EURGBP,-0.66,0.08,1.09,13.625,-8.9925,91196.0488,1.09
2026.04.23 12:40:01,USDCHF,-1.12,0.16,1.37,8.5625,-9.59,91186.4588,1.37
2026.04.23 13:09:29,USDCHF,9.68,0.16,1.37,8.5625,82.885,91269.3438,1.37
2026.04.23 14:50:01,USDCHF,-1.12,0.16,1.37,8.5625,-9.59,91259.7538,1.37
2026.04.23 14:52:26,USDCHF,9.28,0.16,1.37,8.5625,79.46,91339.2138,1.37
2026.04.23 15:50:00,USDCHF,-1.12,0.16,1.37,8.5625,-9.59,91329.6238,1.37
2026.04.23 16:37:23,USDCHF,9.47,0.16,1.37,8.5625,81.0869,91410.7107,1.37
2026.04.23 17:10:00,USDCHF,-1.12,0.16,1.37,8.5625,-9.59,91401.1207,1.37
2026.04.23 17:24:40,USDCHF,9.08,0.16,1.37,8.5625,77.7475,91478.8682,1.37
2026.04.23 18:37:28,EURGBP,4.85,0.08,1.09,13.625,66.0812,91544.9494,1.09
2026.04.23 19:15:00,USDCHF,-1.12,0.16,1.37,8.5625,-9.59,91535.3594,1.37
2026.04.23 20:01:56,USDCHF,9.27,0.16,1.37,8.5625,79.3744,91614.7338,1.37
2026.04.23 20:10:01,EURGBP,-0.65,0.08,1.1,13.75,-8.9375,91605.7963,1.1
2026.04.23 20:39:57,GBPUSD,109.51,0.12,1.26,10.5,1149.855,92755.6513,1.26
2026.04.23 20:39:57,GBPUSD,-88.25,0.12,1.25,10.416667,-919.2708,91836.3804,1.25
2026.04.23 21:05:00,USDCHF,-1.12,0.16,1.38,8.625,-9.66,91826.7204,1.38
2026.04.24 12:17:44,EURGBP,4.74,0.08,1.1,13.75,65.175,91891.8954,1.1
2026.04.24 12:45:03,EURGBP,-0.65,0.08,1.1,13.75,-8.9375,91882.9579,1.1
2026.04.24 13:00:00,GBPUSD,-1.13,0.12,1.29,10.75,-12.1475,91870.8104,1.29
2026.04.24 13:44:49,EURGBP,4.84,0.08,1.1,13.75,66.55,91937.3604,1.1
2026.04.24 13:45:01,EURGBP,-0.66,0.08,1.1,13.75,-9.075,91928.2854,1.1
2026.04.24 14:00:00,EURUSD,-4.51,0.55,2.76,5.018182,-22.632,91905.6534,2.76
2026.04.24 14:00:00,GBPUSD,10.63,0.12,1.29,10.75,114.2725,92019.9259,1.29
2026.04.24 14:49:06,EURUSD,77.99,0.55,2.76,5.018182,391.368,92411.2939,2.76
2026.04.24 18:50:41,USDCHF,9.28,0.16,1.38,8.625,80.04,92491.3339,1.38
2026.04.24 19:42:35,EURGBP,4.64,0.08,1.1,13.75,63.8,92555.1339,1.1
2026.04.24 19:45:00,EURGBP,-0.66,0.08,1.11,13.875,-9.1575,92545.9764,1.11
2026.04.24 21:05:00,USDCHF,-1.12,0.16,1.39,8.6875,-9.73,92536.2464,1.39
2026.04.27 00:00:20,USDCHF,11.09,0.16,1.39,8.6875,96.3444,92632.5908,1.39
2026.04.27 02:40:08,USDCHF,-1.12,0.16,1.39,8.6875,-9.73,92622.8608,1.39
2026.04.27 16:00:34,EURGBP,4.87,0.08,1.11,13.875,67.5713,92690.4321,1.11
2026.04.27 17:25:00,EURGBP,-0.66,0.08,1.11,13.875,-9.1575,92681.2746,1.11
2026.04.28 04:00:00,EURUSD,-4.51,0.55,2.78,5.054545,-22.796,92658.4786,2.78
2026.04.28 05:00:00,GBPUSD,-1.14,0.12,1.3,10.833333,-12.35,92646.1286,1.3
2026.04.28 08:06:19,USDCHF,9.05,0.16,1.39,8.6875,78.6219,92724.7504,1.39
2026.04.28 09:00:57,EURUSD,79.64,0.55,2.78,5.054545,402.544,93127.2944,2.78
2026.04.28 09:00:57,GBPUSD,11.1,0.12,1.3,10.833333,120.25,93247.5444,1.3
2026.04.28 11:11:45,EURGBP,4.96,0.08,1.11,13.875,68.82,93316.3644,1.11
2026.04.28 11:25:00,USDCHF,-1.12,0.16,1.4,8.75,-9.8,93306.5644,1.4
2026.04.28 12:50:00,EURGBP,-0.74,0.09,1.12,12.444444,-9.2089,93297.3556,1.12
2026.04.28 22:11:28,EURGBP,5.34,0.09,1.12,12.444444,66.4533,93363.8089,1.12
2026.04.29 02:00:08,GBPUSD,-1.14,0.12,1.31,10.916667,-12.445,93351.3639,1.31
2026.04.29 03:10:08,EURGBP,-0.74,0.09,1.12,12.444444,-9.2089,93342.155,1.12
2026.04.29 10:27:01,EURGBP,5.58,0.09,1.12,12.444444,69.44,93411.595,1.12
2026.04.29 10:30:00,EURGBP,-0.74,0.09,1.12,12.444444,-9.2089,93402.3861,1.12
2026.04.29 11:29:19,EURGBP,5.58,0.09,1.12,12.444444,69.44,93471.8261,1.12
2026.04.29 12:35:00,EURGBP,-0.74,0.09,1.12,12.444444,-9.2089,93462.6172,1.12
2026.04.29 12:49:16,EURGBP,5.46,0.09,1.12,12.444444,67.9467,93530.5639,1.12
2026.04.29 16:50:00,EURGBP,-0.74,0.09,1.12,12.444444,-9.2089,93521.355,1.12
2026.04.29 17:34:13,EURGBP,5.45,0.09,1.12,12.444444,67.8222,93589.1772,1.12
2026.04.29 19:20:00,EURGBP,-0.74,0.09,1.12,12.444444,-9.2089,93579.9683,1.12
2026.04.30 12:30:42,USDCHF,9.24,0.16,1.4,8.75,80.85,93660.8183,1.4
2026.04.30 13:00:00,EURUSD,-4.58,0.56,2.81,5.017857,-22.9818,93637.8365,2.81
2026.04.30 13:31:26,EURUSD,81.65,0.56,2.81,5.017857,409.708,94047.5446,2.81
2026.04.30 14:27:44,GBPUSD,10.86,0.12,1.31,10.916667,118.555,94166.0996,1.31
2026.04.30 17:40:00,USDCHF,-1.12,0.16,1.41,8.8125,-9.87,94156.2296,1.41
2026.05.01 16:15:00,USDCHF,-1.12,0.16,1.41,8.8125,-9.87,94146.3596,1.41
2026.05.01 22:00:00,GBPUSD,-1.14,0.12,1.32,11.0,-12.54,94133.8196,1.32
2026.05.01 23:00:00,EURUSD,-4.59,0.56,2.82,5.035714,-23.1139,94110.7057,2.82
2026.05.01 23:16:14,GBPUSD,10.98,0.12,1.32,11.0,120.78,94231.4857,1.32
2026.05.04 10:53:07,USDCHF,50.78,0.16,1.41,8.8125,447.4988,94678.9844,1.41
2026.05.04 10:53:07,USDCHF,-32.38,0.16,1.41,8.8125,-285.3487,94393.6357,1.41
2026.05.04 12:05:00,USDCHF,-1.12,0.16,1.42,8.875,-9.94,94383.6957,1.42
2026.05.04 13:06:48,EURUSD,83.89,0.56,2.82,5.035714,422.4461,94806.1417,2.82
2026.05.05 14:00:00,GBPUSD,-1.14,0.12,1.33,11.083333,-12.635,94793.5067,1.33
2026.05.05 16:11:17,GBPUSD,10.98,0.12,1.33,11.083333,121.695,94915.2017,1.33
2026.05.05 17:00:00,EURUSD,-4.59,0.56,2.85,5.089286,-23.3598,94891.8419,2.85
2026.05.05 18:00:02,USDCHF,9.11,0.16,1.42,8.875,80.8512,94972.6932,1.42
2026.05.05 19:00:00,USDCHF,-1.12,0.16,1.42,8.875,-9.94,94962.7532,1.42
2026.05.05 19:25:17,USDCHF,10.12,0.16,1.42,8.875,89.815,95052.5682,1.42
2026.05.06 00:04:27,USDCHF,-1.12,0.16,1.43,8.9375,-10.01,95042.5582,1.43
2026.05.06 01:54:58,USDCHF,9.31,0.16,1.43,8.9375,83.2081,95125.7663,1.43
2026.05.06 01:55:00,USDCHF,-1.12,0.16,1.43,8.9375,-10.01,95115.7563,1.43
2026.05.06 01:56:11,USDCHF,9.52,0.16,1.43,8.9375,85.085,95200.8413,1.43
2026.05.06 02:07:33,EURUSD,79.97,0.56,2.85,5.089286,406.9902,95607.8315,2.85
2026.05.06 05:35:00,USDCHF,-1.12,0.16,1.43,8.9375,-10.01,95597.8215,1.43
2026.05.07 21:00:00,GBPUSD,-1.14,0.12,1.34,11.166667,-12.73,95585.0915,1.34
2026.05.07 21:44:42,GBPUSD,10.86,0.12,1.34,11.166667,121.27,95706.3615,1.34
2026.05.07 23:00:00,EURUSD,-4.6,0.56,2.87,5.125,-23.575,95682.7865,2.87
2026.05.08 12:00:00,GBPUSD,-1.14,0.12,1.34,11.166667,-12.73,95670.0565,1.34
2026.05.08 15:34:51,GBPUSD,10.98,0.12,1.34,11.166667,122.61,95792.6665,1.34
2026.05.08 23:00:00,USDCHF,-1.12,0.16,1.44,9.0,-10.08,95782.5865,1.44
2026.05.11 01:00:00,GBPUSD,-1.14,0.12,1.34,11.166667,-12.73,95769.8565,1.34
2026.05.12 06:23:45,USDCHF,57.15,0.16,1.44,9.0,514.35,96284.2065,1.44
2026.05.12 06:23:46,USDCHF,-39.69,0.16,1.43,8.9375,-354.7294,95929.4771,1.43
2026.05.12 07:45:05,USDCHF,-1.12,0.16,1.44,9.0,-10.08,95919.3971,1.44
2026.05.12 08:55:58,USDCHF,9.76,0.16,1.44,9.0,87.84,96007.2371,1.44
2026.05.12 09:25:00,USDCHF,-1.12,0.16,1.44,9.0,-10.08,95997.1571,1.44
2026.05.12 09:35:10,EURGBP,5.48,0.09,1.12,12.444444,68.1956,96065.3526,1.12
2026.05.12 09:42:49,GBPUSD,11.1,0.12,1.34,11.166667,123.95,96189.3026,1.34
2026.05.12 09:45:00,EURGBP,-0.74,0.09,1.15,12.777778,-9.4556,96179.8471,1.15
2026.05.12 10:03:59,USDCHF,9.34,0.16,1.44,9.0,84.06,96263.9071,1.44
2026.05.12 15:45:01,USDCHF,-1.12,0.16,1.44,9.0,-10.08,96253.8271,1.44
2026.05.13 04:49:19,USDCHF,9.34,0.16,1.44,9.0,84.06,96337.8871,1.44
2026.05.13 06:10:05,USDCHF,-1.12,0.16,1.45,9.0625,-10.15,96327.7371,1.45
2026.05.13 08:14:01,EURGBP,5.48,0.09,1.15,12.777778,70.0222,96397.7593,1.15
2026.05.13 08:15:00,EURGBP,-0.74,0.09,1.16,12.888889,-9.5378,96388.2215,1.16
2026.05.13 09:46:55,USDCHF,9.53,0.16,1.45,9.0625,86.3656,96474.5872,1.45
2026.05.13 09:52:28,EURUSD,80.53,0.56,2.87,5.125,412.7163,96887.3034,2.87
2026.05.13 13:10:01,USDCHF,-1.12,0.16,1.45,9.0625,-10.15,96877.1534,1.45
2026.05.13 14:05:09,EURGBP,5.34,0.09,1.16,12.888889,68.8267,96945.9801,1.16
2026.05.13 16:35:00,EURGBP,-0.74,0.09,1.16,12.888889,-9.5378,96936.4423,1.16
2026.05.14 09:45:58,USDCHF,9.33,0.16,1.45,9.0625,84.5531,97020.9954,1.45
2026.05.14 10:20:00,USDCHF,-1.12,0.16,1.46,9.125,-10.22,97010.7754,1.46
2026.05.14 10:59:24,USDCHF,9.11,0.16,1.46,9.125,83.1287,97093.9042,1.46
2026.05.14 13:15:00,USDCHF,-1.12,0.16,1.46,9.125,-10.22,97083.6842,1.46
2026.05.14 19:12:20,EURGBP,5.44,0.09,1.16,12.888889,70.1156,97153.7997,1.16
2026.05.14 19:15:00,EURGBP,-0.74,0.09,1.17,13.0,-9.62,97144.1797,1.17
2026.05.15 09:20:01,EURGBP,-0.73,0.09,1.17,13.0,-9.49,97134.6897,1.17
2026.05.15 17:20:00,USDCHF,-1.12,0.16,1.46,9.125,-10.22,97124.4697,1.46
2026.05.18 10:00:00,GBPUSD,-1.12,0.12,1.36,11.333333,-12.6933,97111.7764,1.36
2026.05.18 11:30:02,GBPUSD,10.88,0.12,1.36,11.333333,123.3067,97235.0831,1.36
2026.05.18 12:00:00,EURUSD,-4.56,0.56,2.92,5.214286,-23.7771,97211.3059,2.92
2026.05.18 15:47:10,EURUSD,79.99,0.56,2.92,5.214286,417.0907,97628.3966,2.92
2026.05.18 17:23:55,EURGBP,34.59,0.09,1.17,13.0,449.67,98078.0666,1.17
2026.05.18 17:23:55,EURGBP,-23.51,0.09,1.17,13.0,-305.63,97772.4366,1.17
2026.05.18 18:55:00,EURGBP,-0.73,0.09,1.17,13.0,-9.49,97762.9466,1.17
2026.05.19 13:00:00,EURUSD,-4.64,0.57,2.93,5.140351,-23.8512,97739.0954,2.93
2026.05.19 16:31:00,EURUSD,81.44,0.57,2.93,5.140351,418.6302,98157.7256,2.93
2026.05.20 12:00:00,GBPUSD,-1.12,0.12,1.37,11.416667,-12.7867,98144.9389,1.37
2026.05.20 13:20:00,USDCHF,-1.12,0.16,1.47,9.1875,-10.29,98134.6489,1.47
2026.05.20 18:00:00,EURUSD,-4.64,0.57,2.94,5.157895,-23.9326,98110.7163,2.94
2026.05.20 18:15:43,EURUSD,82.57,0.57,2.94,5.157895,425.8874,98536.6036,2.94
2026.05.21 15:00:00,EURUSD,-4.63,0.57,2.96,5.192982,-24.0435,98512.5601,2.96
2026.05.21 16:33:29,EURUSD,81.45,0.57,2.96,5.192982,422.9684,98935.5286,2.96
2026.05.22 13:15:00,EURGBP,-0.73,0.09,1.19,13.222222,-9.6522,98925.8763,1.19
2026.05.22 16:09:40,USDCHF,97.91,0.16,1.47,9.1875,899.5481,99825.4245,1.47
2026.05.22 16:09:40,USDCHF,8.46,0.16,1.46,9.125,77.1975,99902.622,1.46
2026.05.22 16:09:40,USDCHF,-72.65,0.16,1.46,9.125,-662.9313,99239.6907,1.46
2026.05.22 16:50:00,USDCHF,-1.12,0.16,1.49,9.3125,-10.43,99229.2607,1.49
2026.05.22 17:00:47,USDCHF,9.05,0.16,1.49,9.3125,84.2781,99313.5388,1.49
2026.05.22 18:15:00,USDCHF,-1.12,0.16,1.49,9.3125,-10.43,99303.1088,1.49
2026.05.22 19:10:47,USDCHF,9.48,0.16,1.49,9.3125,88.2825,99391.3913,1.49
2026.05.22 22:40:03,USDCHF,-1.12,0.16,1.49,9.3125,-10.43,99380.9613,1.49
2026.05.25 01:00:00,EURUSD,-4.64,0.57,2.98,5.22807,-24.2582,99356.7031,2.98
2026.05.25 15:45:55,EURUSD,81.42,0.57,2.98,5.22807,425.6695,99782.3726,2.98
2026.05.26 05:00:00,GBPUSD,-1.13,0.12,1.4,11.666667,-13.1833,99769.1892,1.4
2026.05.26 14:42:46,USDCHF,9.07,0.16,1.49,9.3125,84.4644,99853.6536,1.49
2026.05.26 17:00:00,EURUSD,-4.72,0.58,3.0,5.172414,-24.4138,99829.2398,3.0
2026.05.26 21:55:00,USDCHF,-1.12,0.16,1.5,9.375,-10.5,99818.7398,1.5
2026.05.27 02:44:03,USDCHF,9.27,0.16,1.5,9.375,86.9062,99905.6461,1.5
2026.05.27 04:20:00,USDCHF,-1.12,0.16,1.5,9.375,-10.5,99895.1461,1.5
2026.05.27 11:39:44,USDCHF,9.26,0.16,1.5,9.375,86.8125,99981.9586,1.5
2026.05.27 15:25:00,USDCHF,-1.12,0.16,1.5,9.375,-10.5,99971.4586,1.5
2026.05.27 15:26:16,USDCHF,9.08,0.16,1.5,9.375,85.125,100056.5836,1.5
2026.05.27 17:55:00,USDCHF,-1.12,0.16,1.5,9.375,-10.5,100046.0836,1.5
2026.05.27 17:55:15,GBPUSD,74.23,0.12,1.4,11.666667,866.0167,100912.1002,1.4
2026.05.27 17:55:15,GBPUSD,-52.25,0.12,1.37,11.416667,-596.5208,100315.5794,1.37
2026.05.27 17:57:30,USDCHF,10.07,0.16,1.5,9.375,94.4062,100409.9856,1.5
2026.05.27 21:50:00,USDCHF,-1.12,0.16,1.51,9.4375,-10.57,100399.4156,1.51
2026.05.28 04:56:24,EURUSD,82.87,0.58,3.0,5.172414,428.6379,100828.0536,3.0
2026.05.28 06:47:19,EURGBP,32.49,0.09,1.19,13.222222,429.59,101257.6436,1.19
2026.05.28 06:47:19,EURGBP,-21.67,0.09,1.17,13.0,-281.71,100975.9336,1.17
2026.05.28 08:15:02,EURGBP,-0.73,0.09,1.21,13.444444,-9.8144,100966.1191,1.21
2026.05.28 12:43:36,EURGBP,5.42,0.09,1.21,13.444444,72.8689,101038.988,1.21
2026.05.28 12:45:01,EURGBP,-0.73,0.09,1.21,13.444444,-9.8144,101029.1736,1.21
2026.05.28 14:15:51,EURGBP,5.3,0.09,1.21,13.444444,71.2556,101100.4291,1.21
2026.05.28 15:00:00,EURUSD,-4.72,0.58,3.03,5.224138,-24.6579,101075.7712,3.03
2026.05.28 15:30:14,EURUSD,89.82,0.58,3.03,5.224138,469.2321,101545.0033,3.03
2026.05.28 16:00:00,EURGBP,-0.73,0.09,1.22,13.555556,-9.8956,101535.1077,1.22
2026.05.28 16:00:00,GBPUSD,-1.13,0.12,1.42,11.833333,-13.3717,101521.736,1.42
2026.05.28 17:13:00,GBPUSD,10.63,0.12,1.42,11.833333,125.7883,101647.5244,1.42
2026.05.28 17:13:00,USDCHF,9.26,0.16,1.51,9.4375,87.3913,101734.9156,1.51
2026.05.28 17:13:55,EURGBP,5.68,0.09,1.22,13.555556,76.9956,101811.9112,1.22
2026.05.28 17:15:00,EURGBP,-0.73,0.09,1.22,13.555556,-9.8956,101802.0156,1.22
2026.05.28 17:19:08,EURGBP,5.56,0.09,1.22,13.555556,75.3689,101877.3845,1.22
2026.05.28 19:00:00,EURGBP,-0.73,0.09,1.22,13.555556,-9.8956,101867.489,1.22
2026.05.28 21:35:00,USDCHF,-1.12,0.16,1.53,9.5625,-10.71,101856.779,1.53
2026.05.29 06:38:48,USDCHF,9.28,0.16,1.53,9.5625,88.74,101945.519,1.53
2026.05.29 08:00:00,USDCHF,-1.12,0.16,1.53,9.5625,-10.71,101934.809,1.53
2026.05.29 09:14:49,USDCHF,9.29,0.16,1.53,9.5625,88.8356,102023.6446,1.53
2026.05.29 10:32:16,EURGBP,5.43,0.09,1.22,13.555556,73.6067,102097.2513,1.22
2026.05.29 10:40:01,USDCHF,-1.12,0.16,1.53,9.5625,-10.71,102086.5413,1.53
2026.05.29 11:50:58,USDCHF,9.08,0.16,1.53,9.5625,86.8275,102173.3688,1.53
2026.05.29 12:00:00,EURUSD,-4.72,0.58,3.07,5.293103,-24.9834,102148.3853,3.07
2026.05.29 12:00:00,GBPUSD,-1.13,0.12,1.43,11.916667,-13.4658,102134.9195,1.43
2026.05.29 12:15:00,USDCHF,-1.12,0.16,1.53,9.5625,-10.71,102124.2095,1.53
2026.05.29 13:10:11,EURGBP,-0.73,0.09,1.23,13.666667,-9.9767,102114.2328,1.23
2026.05.29 13:14:09,USDCHF,9.09,0.16,1.53,9.5625,86.9231,102201.1559,1.53
2026.05.29 14:47:08,EURGBP,5.43,0.09,1.23,13.666667,74.21,102275.3659,1.23
2026.05.29 14:55:01,EURGBP,-0.73,0.09,1.23,13.666667,-9.9767,102265.3893,1.23
2026.05.29 17:35:00,USDCHF,-1.12,0.16,1.53,9.5625,-10.71,102254.6793,1.53
2026.05.29 17:39:25,USDCHF,9.71,0.16,1.53,9.5625,92.8519,102347.5311,1.53
2026.05.29 17:55:00,USDCHF,-1.12,0.16,1.54,9.625,-10.78,102336.7511,1.54
2026.06.01 16:51:47,EURUSD,89.83,0.58,3.07,5.293103,475.4795,102812.2306,3.07
2026.06.01 17:00:00,EURUSD,-4.71,0.58,3.08,5.310345,-25.0117,102787.2189,3.08
2026.06.01 18:05:00,USDCHF,-1.12,0.16,1.54,9.625,-10.78,102776.4389,1.54
2026.06.03 22:20:01,USDCHF,-1.12,0.16,1.54,9.625,-10.78,102765.6589,1.54
2026.06.04 23:59:58,EURGBP,-31.54,0.09,1.23,13.666667,-431.0467,102334.6122,1.23
2026.06.04 23:59:58,EURUSD,-20.95,0.58,3.08,5.310345,-111.2517,102223.3605,3.08
2026.06.04 23:59:58,GBPUSD,-16.85,0.12,1.43,11.916667,-200.7958,102022.5647,1.43
2026.06.04 23:59:58,USDCHF,45.27,0.16,1.54,9.625,435.7238,102458.2884,1.54
2026.06.04 23:59:58,USDCHF,-56.42,0.16,1.54,9.625,-543.0425,101915.2459,1.54
2026.06.04 23:59:58,USDCHF,-201.06,0.16,1.54,9.625,-1935.2025,99980.0434,1.54
