Pair,Open Time,Close Time,Days Held,Reconstructed Lot,Total Swap,Average Daily Swap
EURUSD,2026.02.17 23:00:00,2026.04.08 08:51:38,50,1.54,-269.5,-5.39
EURUSD,2026.02.20 18:00:00,2026.04.08 08:51:37,47,1.54,-253.33,-5.39
EURUSD,2025.11.26 16:00:00,2026.01.09 17:10:17,44,1.34,-206.36,-4.69
EURUSD,2026.03.04 13:00:00,2026.04.08 08:51:37,35,1.55,-190.05,-5.43
EURUSD,2025.12.01 22:00:00,2026.01.09 17:10:16,39,1.35,-184.47,-4.73
EURUSD,2025.12.04 21:00:00,2026.01.09 17:10:16,36,1.36,-171.36,-4.76
EURGBP,2024.08.15 15:35:00,2025.04.04 14:00:12,232,0.19,-155.44,-0.67
EURGBP,2024.08.22 10:55:00,2025.04.04 14:00:12,225,0.19,-150.75,-0.67
EURGBP,2024.08.26 15:55:00,2025.04.04 14:00:11,221,0.19,-148.07,-0.67
EURGBP,2024.08.29 11:05:00,2025.04.04 14:00:11,218,0.19,-146.06,-0.67
USDCHF,2026.01.22 01:45:01,2026.03.13 10:00:48,50,0.73,-128.0,-2.56
EURUSD,2026.03.16 14:00:00,2026.04.08 08:51:37,23,1.56,-125.58,-5.46
USDCHF,2026.01.23 02:10:00,2026.03.13 10:00:48,49,0.73,-125.44,-2.56
USDCHF,2026.01.26 01:25:03,2026.03.13 10:00:47,46,0.73,-117.76,-2.56
EURUSD,2025.12.17 05:00:00,2026.01.09 17:10:16,23,1.37,-110.4,-4.8
USDCHF,2024.12.12 13:35:00,2025.03.04 11:33:56,82,0.29,-82.82,-1.01
USDCHF,2024.12.13 03:00:00,2025.03.04 11:33:55,81,0.29,-81.81,-1.01
USDCHF,2024.12.17 12:35:00,2025.03.04 11:33:55,77,0.29,-77.77,-1.01
USDCHF,2025.12.09 23:55:00,2026.01.09 15:30:01,31,0.68,-73.78,-2.38
GBPUSD,2025.10.22 19:00:00,2025.11.26 15:29:57,35,0.58,-71.05,-2.03
USDCHF,2025.12.11 20:40:04,2026.01.09 15:30:01,29,0.68,-69.02,-2.38
USDCHF,2025.12.11 03:00:00,2026.01.09 15:30:01,29,0.68,-69.02,-2.38
EURUSD,2023.09.04 12:00:00,2023.11.03 15:46:48,60,0.3,-63.0,-1.05
EURGBP,2025.12.19 18:00:00,2026.01.20 14:26:32,32,0.55,-61.76,-1.93
EURGBP,2026.03.26 20:55:00,2026.04.22 20:06:22,27,0.65,-61.56,-2.28
EURUSD,2023.09.06 08:00:00,2023.11.03 15:46:48,58,0.3,-60.9,-1.05
EURUSD,2025.04.28 20:00:00,2025.05.21 05:03:10,23,0.75,-60.49,-2.63
EURUSD,2024.05.02 17:00:00,2024.06.10 06:58:04,39,0.44,-60.06,-1.54
USDCHF,2024.08.15 23:25:00,2024.10.23 09:38:27,69,0.24,-57.96,-0.84
EURGBP,2023.05.03 18:25:00,2023.10.31 11:59:32,181,0.09,-57.92,-0.32
EURGBP,2023.05.05 18:50:02,2023.10.31 11:59:32,179,0.09,-57.28,-0.32
EURGBP,2023.05.05 06:10:00,2023.10.31 11:59:32,179,0.09,-57.28,-0.32
EURUSD,2024.06.28 05:00:00,2024.08.01 11:14:39,34,0.46,-54.74,-1.61
USDCHF,2024.08.19 01:05:00,2024.10.23 09:38:27,65,0.24,-54.6,-0.84
USDCHF,2024.08.20 04:35:00,2024.10.23 09:38:27,64,0.24,-53.76,-0.84
EURGBP,2025.04.22 02:50:00,2025.06.12 15:30:28,51,0.3,-53.55,-1.05
EURUSD,2025.05.01 14:00:00,2025.05.21 05:03:10,20,0.76,-53.2,-2.66
EURUSD,2026.04.13 01:00:00,2026.04.22 18:02:51,9,1.67,-52.65,-5.85
EURGBP,2025.04.23 06:40:00,2025.06.12 15:30:28,50,0.3,-52.5,-1.05
EURUSD,2024.05.07 09:00:00,2024.06.10 06:58:04,34,0.44,-52.36,-1.54
USDCHF,2025.07.28 17:30:00,2025.08.28 13:43:06,31,0.48,-52.08,-1.68
USDCHF,2025.07.28 06:40:10,2025.08.28 13:43:07,31,0.48,-52.08,-1.68
USDCHF,2024.03.21 20:15:00,2024.06.03 17:45:52,74,0.2,-51.8,-0.7
USDCHF,2024.03.21 13:50:00,2024.06.03 17:45:52,74,0.2,-51.8,-0.7
EURUSD,2023.09.15 11:00:00,2023.11.03 15:46:48,49,0.3,-51.45,-1.05
EURGBP,2023.05.24 07:40:00,2023.10.31 11:59:32,160,0.09,-51.2,-0.32
EURUSD,2024.02.13 16:00:00,2024.03.22 11:32:15,38,0.38,-50.54,-1.33
EURGBP,2025.04.25 16:35:00,2025.06.12 15:30:28,48,0.3,-50.4,-1.05
USDCHF,2025.07.29 11:45:00,2025.08.28 13:43:06,30,0.48,-50.4,-1.68
EURGBP,2026.03.31 02:40:00,2026.04.22 20:06:22,22,0.65,-50.16,-2.28
EURGBP,2024.05.16 17:25:00,2024.08.02 14:40:29,78,0.18,-49.14,-0.63
EURUSD,2025.06.25 16:00:00,2025.07.10 17:29:30,15,0.93,-48.9,-3.26
USDCHF,2024.03.26 16:55:00,2024.06.03 17:45:51,69,0.2,-48.3,-0.7
EURGBP,2024.05.22 09:05:01,2024.08.02 14:40:29,72,0.18,-45.36,-0.63
EURGBP,2025.06.27 15:55:00,2025.07.31 06:26:46,34,0.37,-44.2,-1.3
GBPUSD,2025.11.05 19:00:00,2025.11.26 15:29:57,21,0.6,-44.1,-2.1
EURUSD,2024.08.15 16:00:00,2024.09.10 16:50:44,26,0.48,-43.68,-1.68
EURGBP,2025.12.29 04:56:47,2026.01.20 14:26:32,22,0.55,-42.46,-1.93
USDCHF,2023.09.01 15:35:00,2023.11.20 04:26:19,80,0.15,-42.4,-0.53
USDCHF,2023.09.01 20:20:03,2023.11.20 04:26:19,80,0.15,-42.4,-0.53
EURUSD,2025.10.06 18:00:00,2025.10.16 03:45:55,10,1.18,-41.3,-4.13
EURUSD,2024.10.08 08:00:00,2024.11.01 15:38:34,24,0.49,-41.28,-1.72
EURUSD,2024.02.21 11:00:00,2024.03.22 11:32:14,30,0.39,-41.1,-1.37
GBPUSD,2026.04.08 22:00:00,2026.04.23 20:39:57,15,0.78,-40.95,-2.73
EURUSD,2025.11.10 02:00:00,2025.11.19 16:15:37,9,1.29,-40.68,-4.52
EURGBP,2025.05.06 15:05:00,2025.06.12 15:30:28,37,0.31,-40.33,-1.09
USDCHF,2023.09.05 23:55:00,2023.11.20 04:26:19,76,0.15,-40.28,-0.53
EURUSD,2023.09.26 16:00:00,2023.11.03 15:46:48,38,0.3,-39.9,-1.05
GBPUSD,2023.09.04 12:00:00,2023.11.24 16:10:13,81,0.14,-39.69,-0.49
EURGBP,2025.07.01 16:40:00,2025.07.31 06:26:46,30,0.37,-39.0,-1.3
GBPUSD,2023.09.06 09:00:30,2023.11.24 16:10:13,79,0.14,-38.71,-0.49
EURUSD,2024.05.16 13:00:00,2024.06.10 06:58:04,25,0.44,-38.5,-1.54
GBPUSD,2023.09.08 09:00:00,2023.11.24 16:10:13,77,0.14,-37.73,-0.49
EURGBP,2025.07.02 15:40:00,2025.07.31 06:26:46,29,0.37,-37.7,-1.3
EURUSD,2026.05.07 23:00:00,2026.05.13 09:52:28,6,1.77,-37.2,-6.2
EURUSD,2024.07.09 15:00:00,2024.08.01 11:14:39,23,0.46,-37.03,-1.61
EURGBP,2026.03.03 14:10:02,2026.03.20 18:50:48,17,0.62,-36.89,-2.17
EURGBP,2024.01.03 13:00:00,2024.03.22 10:33:42,79,0.13,-36.34,-0.46
EURUSD,2025.02.12 16:00:00,2025.02.28 04:14:51,16,0.64,-35.84,-2.24
GBPUSD,2024.05.10 18:00:00,2024.06.27 03:41:06,48,0.21,-35.52,-0.74
EURGBP,2024.01.05 19:00:00,2024.03.22 10:33:41,77,0.13,-35.42,-0.46
USDCHF,2025.06.24 22:15:00,2025.07.16 16:48:55,22,0.46,-35.42,-1.61
USDCHF,2025.06.24 13:20:00,2025.07.16 16:48:55,22,0.46,-35.42,-1.61
EURUSD,2026.04.16 11:00:00,2026.04.22 18:02:51,6,1.67,-35.1,-5.85
EURUSD,2024.09.11 16:00:00,2024.10.01 13:35:25,20,0.49,-34.4,-1.72
EURUSD,2025.02.13 15:00:00,2025.02.28 04:14:51,15,0.64,-33.6,-2.24
EURUSD,2025.07.18 22:00:00,2025.07.28 10:58:29,10,0.95,-33.3,-3.33
USDCHF,2025.06.26 12:20:00,2025.07.16 16:48:54,20,0.47,-33.0,-1.65
EURGBP,2024.06.11 16:15:00,2024.08.02 14:40:29,52,0.18,-32.76,-0.63
EURUSD,2025.05.09 11:00:00,2025.05.21 05:03:10,12,0.77,-32.4,-2.7
EURUSD,2024.08.22 17:00:00,2024.09.10 16:50:44,19,0.48,-31.92,-1.68
EURGBP,2024.06.10 06:00:01,2024.08.02 14:40:29,53,0.17,-31.8,-0.6
EURGBP,2026.04.29 19:20:00,2026.05.12 09:35:10,13,0.69,-31.46,-2.42
GBPUSD,2024.05.16 15:00:00,2024.06.27 03:41:06,42,0.21,-31.08,-0.74
EURGBP,2025.09.16 17:05:00,2025.10.06 10:41:19,20,0.44,-30.8,-1.54
EURGBP,2026.03.06 15:20:00,2026.03.20 18:50:48,14,0.62,-30.38,-2.17
EURUSD,2026.01.14 15:00:00,2026.01.20 09:23:17,6,1.41,-29.64,-4.94
USDCHF,2026.04.13 08:05:00,2026.04.23 03:13:09,10,0.84,-29.4,-2.94
EURGBP,2024.01.22 15:25:00,2024.03.22 10:33:41,60,0.14,-29.4,-0.49
EURUSD,2025.10.09 06:00:00,2025.10.16 03:45:55,7,1.2,-29.4,-4.2
EURUSD,2025.07.01 20:00:00,2025.07.10 17:29:30,9,0.93,-29.34,-3.26
EURUSD,2023.05.08 07:00:00,2023.06.15 15:33:25,38,0.22,-29.26,-0.77
EURUSD,2024.10.15 12:00:00,2024.11.01 15:38:34,17,0.49,-29.24,-1.72
USDCHF,2025.10.29 10:10:02,2025.11.11 15:41:59,13,0.64,-29.12,-2.24
EURGBP,2026.01.05 14:30:00,2026.01.20 14:26:32,15,0.55,-28.95,-1.93
USDCHF,2025.10.30 03:25:00,2025.11.11 15:41:59,12,0.65,-27.36,-2.28
EURUSD,2023.11.09 22:00:00,2023.12.05 16:45:54,26,0.3,-27.3,-1.05
GBPUSD,2025.12.19 18:00:00,2025.12.31 17:14:29,12,0.64,-26.88,-2.24
EURGBP,2025.09.19 10:55:00,2025.10.06 10:41:19,17,0.45,-26.86,-1.58
EURUSD,2026.02.11 16:00:00,2026.02.16 18:53:47,5,1.52,-26.6,-5.32
USDCHF,2026.04.14 05:15:01,2026.04.23 03:13:09,9,0.84,-26.46,-2.94
EURUSD,2025.09.04 18:00:00,2025.09.11 15:16:32,7,1.07,-26.25,-3.75
EURUSD,2026.02.04 04:00:00,2026.02.09 08:00:50,5,1.48,-25.9,-5.18
EURUSD,2024.07.16 04:00:00,2024.08.01 11:14:39,16,0.46,-25.76,-1.61
USDCHF,2024.11.08 16:30:00,2024.12.06 15:30:01,28,0.26,-25.48,-0.91
GBPUSD,2024.05.22 15:00:00,2024.06.27 03:41:06,36,0.2,-25.2,-0.7
USDCHF,2026.05.14 13:15:00,2026.05.22 16:09:40,8,0.9,-25.2,-3.15
EURGBP,2026.05.18 18:55:00,2026.05.28 06:47:19,10,0.72,-25.2,-2.52
GBPUSD,2024.06.28 08:00:00,2024.08.01 11:03:00,34,0.21,-25.16,-0.74
EURGBP,2025.10.27 16:50:00,2025.11.10 19:01:14,14,0.51,-25.06,-1.79
EURUSD,2025.02.17 11:00:00,2025.02.28 04:14:51,11,0.64,-24.64,-2.24
GBPUSD,2025.08.06 12:00:00,2025.08.21 18:11:05,15,0.46,-24.15,-1.61
EURUSD,2024.10.18 15:00:00,2024.11.01 15:38:34,14,0.49,-24.08,-1.72
EURUSD,2023.02.03 12:00:00,2023.03.15 05:52:05,40,0.17,-24.0,-0.6
EURUSD,2023.05.15 11:00:00,2023.06.15 15:33:25,31,0.22,-23.87,-0.77
EURUSD,2024.09.17 17:00:00,2024.10.01 13:35:24,14,0.48,-23.52,-1.68
EURUSD,2025.11.20 22:00:00,2025.11.25 14:43:40,5,1.33,-23.3,-4.66
USDCHF,2024.11.11 07:55:00,2024.12.06 15:30:01,25,0.26,-22.75,-0.91
EURUSD,2025.11.14 13:00:00,2025.11.19 16:15:37,5,1.3,-22.75,-4.55
GBPUSD,2025.07.08 11:00:00,2025.07.23 17:10:14,15,0.43,-22.65,-1.51
USDCHF,2026.05.15 17:20:00,2026.05.22 16:09:40,7,0.9,-22.05,-3.15
USDCHF,2023.12.11 22:05:00,2024.01.19 16:38:19,39,0.16,-21.84,-0.56
USDCHF,2024.11.12 10:05:00,2024.12.06 15:30:01,24,0.26,-21.84,-0.91
EURUSD,2025.05.13 18:00:00,2025.05.21 05:03:10,8,0.78,-21.84,-2.73
EURUSD,2023.02.07 20:00:00,2023.03.15 05:52:05,36,0.17,-21.6,-0.6
EURGBP,2025.10.29 03:05:00,2025.11.10 19:01:14,12,0.51,-21.48,-1.79
EURUSD,2023.11.15 12:00:00,2023.12.05 16:45:54,20,0.3,-21.0,-1.05
EURGBP,2025.07.15 03:45:03,2025.07.31 06:26:45,16,0.37,-20.8,-1.3
EURUSD,2023.05.19 12:00:00,2023.06.15 15:33:25,27,0.22,-20.79,-0.77
GBPUSD,2026.05.20 12:00:00,2026.05.27 17:55:15,7,0.84,-20.58,-2.94
EURUSD,2024.03.07 16:00:00,2024.03.22 11:32:14,15,0.39,-20.55,-1.37
USDCHF,2023.12.14 06:30:00,2024.01.19 16:38:19,36,0.16,-20.16,-0.56
EURGBP,2024.02.13 11:30:00,2024.03.22 10:33:41,38,0.15,-20.14,-0.53
USDCHF,2026.03.25 17:50:00,2026.04.01 10:17:56,7,0.81,-19.88,-2.84
EURUSD,2026.06.01 17:00:00,2026.06.04 23:59:58,3,1.89,-19.86,-6.62
USDCHF,2026.05.29 17:55:00,2026.06.04 23:59:58,6,0.94,-19.74,-3.29
EURUSD,2026.05.29 12:00:00,2026.06.01 16:51:47,3,1.88,-19.74,-6.58
EURGBP,2025.09.03 18:45:01,2025.09.16 12:45:08,13,0.43,-19.63,-1.51
EURUSD,2024.03.08 15:00:00,2024.03.22 11:32:14,14,0.39,-19.18,-1.37
GBPUSD,2026.04.16 12:00:00,2026.04.23 20:39:57,7,0.78,-19.11,-2.73
GBPUSD,2026.05.29 12:00:00,2026.06.04 23:59:58,6,0.88,-18.48,-3.08
USDCHF,2026.05.06 05:35:00,2026.05.12 06:23:46,6,0.88,-18.48,-3.08
EURUSD,2026.05.01 23:00:00,2026.05.04 13:06:48,3,1.74,-18.27,-6.09
USDCHF,2025.11.03 04:10:00,2025.11.11 15:41:59,8,0.65,-18.24,-2.28
EURUSD,2023.02.13 17:00:00,2023.03.15 05:52:05,30,0.17,-18.0,-0.6
GBPUSD,2025.12.23 20:00:00,2025.12.31 17:14:29,8,0.64,-17.92,-2.24
GBPUSD,2024.07.08 23:00:00,2024.08.01 11:03:00,24,0.21,-17.76,-0.74
GBPUSD,2026.02.18 12:00:00,2026.02.25 19:02:05,7,0.72,-17.64,-2.52
USDCHF,2023.12.19 20:00:00,2024.01.19 16:38:19,31,0.16,-17.36,-0.56
EURUSD,2025.01.21 12:00:00,2025.01.29 15:11:04,8,0.61,-17.12,-2.14
USDCHF,2025.10.14 23:30:00,2025.10.22 02:49:03,8,0.61,-17.12,-2.14
EURGBP,2026.01.28 17:00:00,2026.02.05 08:15:11,8,0.59,-16.48,-2.06
EURUSD,2025.03.21 15:00:00,2025.03.28 18:10:13,7,0.67,-16.45,-2.35
USDCHF,2025.04.10 22:20:00,2025.04.23 23:06:30,13,0.36,-16.38,-1.26
USDCHF,2025.04.10 13:50:00,2025.04.23 23:06:31,13,0.36,-16.38,-1.26
GBPUSD,2024.09.13 15:00:00,2024.10.03 08:22:21,20,0.23,-16.2,-0.81
USDCHF,2025.11.19 23:35:00,2025.11.26 07:49:07,7,0.66,-16.17,-2.31
USDCHF,2025.11.19 13:35:06,2025.11.26 07:49:07,7,0.66,-16.17,-2.31
GBPUSD,2025.08.11 14:00:00,2025.08.21 18:11:05,10,0.46,-16.1,-1.61
EURGBP,2026.05.29 14:55:01,2026.06.04 23:59:58,6,0.75,-15.78,-2.63
EURGBP,2026.05.22 13:15:00,2026.05.28 06:47:19,6,0.73,-15.36,-2.56
EURGBP,2026.02.17 13:55:03,2026.02.24 17:14:43,7,0.62,-15.19,-2.17
GBPUSD,2026.02.19 10:00:00,2026.02.25 19:02:05,6,0.72,-15.12,-2.52
USDCHF,2025.04.11 04:10:00,2025.04.23 23:06:30,12,0.36,-15.12,-1.26
EURGBP,2025.12.03 16:45:00,2025.12.11 21:34:29,8,0.54,-15.12,-1.89
EURUSD,2023.11.21 18:00:00,2023.12.05 16:45:54,14,0.3,-14.7,-1.05
USDCHF,2026.03.27 04:35:00,2026.04.01 10:17:56,5,0.81,-14.2,-2.84
EURUSD,2024.10.24 11:00:00,2024.11.01 15:38:33,8,0.49,-13.76,-1.72
EURUSD,2024.04.22 15:00:00,2024.05.01 09:54:06,9,0.43,-13.59,-1.51
EURUSD,2025.07.24 13:00:00,2025.07.28 10:58:29,4,0.95,-13.32,-3.33
EURUSD,2025.01.30 16:00:00,2025.02.05 09:26:20,6,0.62,-13.02,-2.17
EURUSD,2023.05.30 05:00:02,2023.06.15 15:33:25,16,0.23,-12.96,-0.81
GBPUSD,2024.09.17 17:00:00,2024.10.03 08:22:21,16,0.23,-12.96,-0.81
EURUSD,2026.05.26 17:00:00,2026.05.28 04:56:24,2,1.84,-12.88,-6.44
USDCHF,2026.05.22 22:40:03,2026.05.26 14:42:46,4,0.92,-12.88,-3.22
EURUSD,2025.01.23 00:00:00,2025.01.29 15:11:04,6,0.61,-12.84,-2.14
USDCHF,2025.10.16 00:40:00,2025.10.22 02:49:03,6,0.61,-12.84,-2.14
USDCHF,2025.03.20 11:20:00,2025.03.31 03:36:37,11,0.33,-12.76,-1.16
USDCHF,2025.03.20 18:55:00,2025.03.31 03:36:36,11,0.33,-12.76,-1.16
USDCHF,2026.05.08 23:00:00,2026.05.12 06:23:45,4,0.89,-12.48,-3.12
GBPUSD,2025.07.15 13:00:00,2025.07.23 17:10:14,8,0.44,-12.32,-1.54
USDCHF,2026.04.30 17:40:00,2026.05.04 10:53:07,4,0.87,-12.2,-3.05
EURUSD,2025.09.26 21:00:00,2025.09.29 03:05:28,3,1.14,-11.97,-3.99
GBPUSD,2024.07.16 06:00:00,2024.08.01 11:03:00,16,0.21,-11.84,-0.74
EURUSD,2023.07.11 15:00:00,2023.07.24 10:34:34,13,0.26,-11.83,-0.91
USDCHF,2026.04.09 14:00:00,2026.04.13 00:00:07,4,0.84,-11.76,-2.94
GBPUSD,2025.08.14 16:00:00,2025.08.21 18:11:05,7,0.47,-11.55,-1.65
GBPUSD,2025.03.10 22:00:00,2025.03.21 18:50:34,11,0.3,-11.55,-1.05
USDCHF,2025.11.12 11:35:03,2025.11.17 21:55:50,5,0.65,-11.4,-2.28
USDCHF,2024.08.01 02:40:01,2024.08.15 15:33:30,14,0.23,-11.34,-0.81
USDCHF,2024.08.01 19:55:00,2024.08.15 15:33:30,14,0.23,-11.34,-0.81
EURUSD,2024.11.26 20:00:00,2024.12.02 16:25:57,6,0.54,-11.34,-1.89
EURGBP,2025.11.11 06:55:09,2025.11.17 14:40:23,6,0.52,-10.92,-1.82
USDCHF,2025.10.17 09:35:00,2025.10.22 02:49:03,5,0.62,-10.85,-2.17
EURGBP,2026.02.25 20:35:02,2026.03.02 19:01:15,5,0.62,-10.85,-2.17
USDCHF,2025.06.11 14:30:00,2025.06.18 12:50:04,7,0.44,-10.78,-1.54
GBPUSD,2025.09.12 12:00:01,2025.09.18 16:35:00,6,0.51,-10.74,-1.79
EURUSD,2025.08.19 11:00:00,2025.08.22 17:17:15,3,1.01,-10.62,-3.54
GBPUSD,2025.06.25 16:00:02,2025.07.02 15:35:45,7,0.43,-10.57,-1.51
EURUSD,2024.04.24 10:00:00,2024.05.01 09:54:06,7,0.43,-10.57,-1.51
GBPUSD,2024.09.20 17:00:00,2024.10.03 08:22:21,13,0.23,-10.53,-0.81
USDCHF,2024.08.02 18:55:00,2024.08.15 15:33:29,13,0.23,-10.53,-0.81
EURUSD,2025.04.24 13:00:00,2025.04.28 17:40:27,4,0.75,-10.52,-2.63
GBPUSD,2023.05.10 16:00:00,2023.06.09 15:30:05,30,0.1,-10.5,-0.35
USDCHF,2023.07.11 01:20:00,2023.08.02 11:08:11,22,0.13,-10.12,-0.46
EURUSD,2024.09.25 18:00:00,2024.10.01 13:35:24,6,0.48,-10.08,-1.68
GBPUSD,2023.07.03 11:00:00,2023.07.27 22:33:57,24,0.12,-10.08,-0.42
EURGBP,2026.05.14 19:15:00,2026.05.18 17:23:55,4,0.72,-10.08,-2.52
USDCHF,2024.02.14 16:55:00,2024.02.29 19:28:21,15,0.19,-10.05,-0.67
USDCHF,2026.06.01 18:05:00,2026.06.04 23:59:58,3,0.95,-9.99,-3.33
EURGBP,2025.06.16 06:25:00,2025.06.24 11:03:50,8,0.35,-9.84,-1.23
GBPUSD,2023.05.12 14:00:00,2023.06.09 15:30:05,28,0.1,-9.8,-0.35
USDCHF,2023.07.12 20:30:00,2023.08.02 11:08:11,21,0.13,-9.66,-0.46
USDCHF,2023.07.12 05:10:00,2023.08.02 11:08:11,21,0.13,-9.66,-0.46
EURUSD,2023.02.27 16:00:00,2023.03.15 05:52:05,16,0.17,-9.6,-0.6
EURGBP,2025.07.31 08:00:00,2025.08.07 15:09:21,7,0.39,-9.59,-1.37
USDCHF,2024.02.15 17:45:00,2024.02.29 19:28:21,14,0.19,-9.38,-0.67
EURUSD,2024.11.15 17:00:00,2024.11.20 17:51:13,5,0.53,-9.3,-1.86
USDCHF,2025.06.12 16:25:00,2025.06.18 12:50:04,6,0.44,-9.24,-1.54
GBPUSD,2024.08.01 17:00:00,2024.08.13 09:00:49,12,0.22,-9.24,-0.77
USDCHF,2025.06.12 05:05:08,2025.06.18 12:50:04,6,0.44,-9.24,-1.54
USDCHF,2026.05.01 16:15:00,2026.05.04 10:53:07,3,0.87,-9.15,-3.05
USDCHF,2025.11.13 20:55:04,2025.11.17 21:55:50,4,0.65,-9.12,-2.28
EURGBP,2025.11.05 03:25:00,2025.11.10 19:01:14,5,0.52,-9.1,-1.82
EURGBP,2025.11.12 14:35:10,2025.11.17 14:40:23,5,0.52,-9.1,-1.82
EURUSD,2023.07.14 10:00:00,2023.07.24 10:34:34,10,0.26,-9.1,-0.91
EURUSD,2025.11.04 10:00:00,2025.11.06 15:48:51,2,1.29,-9.04,-4.52
USDCHF,2026.04.24 21:05:00,2026.04.27 00:00:20,3,0.86,-9.03,-3.01
USDCHF,2026.04.10 17:50:00,2026.04.13 00:00:07,3,0.84,-8.82,-2.94
EURUSD,2025.10.22 18:00:00,2025.10.24 10:32:01,2,1.25,-8.76,-4.38
GBPUSD,2023.05.15 11:00:00,2023.06.09 15:30:04,25,0.1,-8.75,-0.35
EURGBP,2025.10.17 18:55:02,2025.10.22 09:20:25,5,0.5,-8.75,-1.75
USDCHF,2026.04.20 21:40:00,2026.04.23 03:13:09,3,0.83,-8.73,-2.91
GBPUSD,2025.03.13 15:00:00,2025.03.21 18:50:34,8,0.31,-8.72,-1.09
EURUSD,2024.03.28 16:00:00,2024.04.03 17:00:00,6,0.41,-8.64,-1.44
USDCHF,2026.04.03 17:00:00,2026.04.06 10:45:38,3,0.82,-8.61,-2.87
EURGBP,2026.02.13 21:00:01,2026.02.17 09:00:01,4,0.61,-8.56,-2.14
EURUSD,2025.10.14 08:00:00,2025.10.16 03:45:55,2,1.21,-8.48,-4.24
EURGBP,2023.11.24 10:35:02,2023.12.14 10:19:36,20,0.12,-8.4,-0.42
EURUSD,2025.01.10 15:00:00,2025.01.14 18:09:08,4,0.6,-8.4,-2.1
EURGBP,2025.08.13 12:10:02,2025.08.19 13:54:04,6,0.4,-8.4,-1.4
USDCHF,2026.03.20 22:00:00,2026.03.23 03:54:12,3,0.79,-8.31,-2.77
EURGBP,2025.08.01 15:35:00,2025.08.07 15:09:21,6,0.39,-8.22,-1.37
EURGBP,2026.01.22 17:05:00,2026.01.26 01:00:03,4,0.58,-8.12,-2.03
USDCHF,2025.10.02 23:30:01,2025.10.06 10:41:19,4,0.58,-8.12,-2.03
USDCHF,2024.06.25 21:30:00,2024.07.05 06:20:33,10,0.23,-8.1,-0.81
USDCHF,2025.09.25 20:45:01,2025.09.29 02:31:23,4,0.57,-7.96,-1.99
USDCHF,2025.09.25 10:35:02,2025.09.29 02:31:23,4,0.57,-7.96,-1.99
EURGBP,2025.12.12 15:55:00,2025.12.16 11:30:34,4,0.55,-7.72,-1.93
EURGBP,2026.05.15 09:20:01,2026.05.18 17:23:55,3,0.72,-7.56,-2.52
GBPUSD,2025.06.27 21:00:00,2025.07.02 15:35:45,5,0.43,-7.55,-1.51
EURUSD,2025.09.09 15:00:00,2025.09.11 15:16:31,2,1.07,-7.5,-3.75
USDCHF,2026.01.16 22:35:01,2026.01.19 00:00:36,3,0.71,-7.47,-2.49
USDCHF,2025.09.01 16:15:00,2025.09.05 15:17:30,4,0.53,-7.44,-1.86
USDCHF,2026.01.09 20:40:01,2026.01.12 02:07:27,3,0.7,-7.35,-2.45
EURUSD,2023.01.18 22:00:00,2023.01.31 10:38:39,13,0.16,-7.28,-0.56
EURGBP,2026.04.24 19:45:00,2026.04.27 16:00:34,3,0.69,-7.26,-2.42
USDCHF,2025.12.05 21:30:05,2025.12.08 02:44:50,3,0.68,-7.14,-2.38
GBPUSD,2023.07.10 09:00:00,2023.07.27 22:33:57,17,0.12,-7.14,-0.42
USDCHF,2025.11.28 16:50:00,2025.12.01 20:31:52,3,0.67,-7.05,-2.35
USDCHF,2025.03.06 10:05:00,2025.03.12 17:21:00,6,0.33,-6.96,-1.16
USDCHF,2025.03.06 17:20:00,2025.03.12 17:21:00,6,0.33,-6.96,-1.16
GBPUSD,2026.01.16 13:00:00,2026.01.19 15:30:40,3,0.66,-6.93,-2.31
EURUSD,2023.08.15 13:00:00,2023.08.22 10:36:01,7,0.28,-6.86,-0.98
EURUSD,2025.03.10 12:00:00,2025.03.13 15:47:24,3,0.65,-6.84,-2.28
EURGBP,2025.10.10 17:20:00,2025.10.14 09:56:24,4,0.48,-6.72,-1.68
GBPUSD,2026.01.02 18:00:00,2026.01.05 18:02:27,3,0.64,-6.72,-2.24
USDCHF,2025.07.21 10:35:00,2025.07.25 14:18:15,4,0.48,-6.72,-1.68
GBPUSD,2025.05.28 12:00:00,2025.06.02 09:30:54,5,0.38,-6.65,-1.33
GBPUSD,2025.12.05 19:00:00,2025.12.08 17:16:39,3,0.63,-6.63,-2.21
EURGBP,2026.03.20 23:20:01,2026.03.23 04:36:48,3,0.63,-6.63,-2.21
USDCHF,2025.10.24 17:50:00,2025.10.27 00:00:06,3,0.63,-6.63,-2.21
GBPUSD,2025.11.28 18:00:00,2025.12.01 14:48:33,3,0.63,-6.63,-2.21
EURGBP,2026.02.27 08:15:00,2026.03.02 19:01:14,3,0.62,-6.51,-2.17
GBPUSD,2024.08.22 21:00:00,2024.08.30 16:04:32,8,0.23,-6.48,-0.81
USDCHF,2026.05.20 13:20:00,2026.05.22 16:09:40,2,0.9,-6.3,-3.15
GBPUSD,2023.07.12 13:00:00,2023.07.27 22:33:57,15,0.12,-6.3,-0.42
EURGBP,2023.11.29 10:05:00,2023.12.14 10:19:36,15,0.12,-6.3,-0.42
USDCHF,2025.10.10 02:05:05,2025.10.13 15:29:40,3,0.6,-6.3,-2.1
EURGBP,2026.02.06 15:05:00,2026.02.09 18:13:19,3,0.6,-6.3,-2.1
EURUSD,2026.05.05 17:00:00,2026.05.06 02:07:33,1,1.75,-6.13,-6.13
EURGBP,2026.01.23 18:15:02,2026.01.26 01:00:03,3,0.58,-6.09,-2.03
USDCHF,2024.03.05 12:30:00,2024.03.14 17:47:33,9,0.19,-6.03,-0.67
USDCHF,2026.04.28 11:25:00,2026.04.30 12:30:42,2,0.86,-6.02,-3.01
EURGBP,2024.04.23 17:00:00,2024.05.03 18:22:05,10,0.17,-6.0,-0.6
EURUSD,2024.01.11 16:00:00,2024.01.16 02:54:27,5,0.34,-5.95,-1.19
EURUSD,2024.12.06 20:00:00,2024.12.09 06:04:34,3,0.56,-5.88,-1.96
USDCHF,2025.09.19 12:20:00,2025.09.22 12:02:13,3,0.56,-5.88,-1.96
USDCHF,2025.03.07 12:05:00,2025.03.12 17:21:00,5,0.33,-5.8,-1.16
USDCHF,2025.09.12 23:05:06,2025.09.15 05:14:00,3,0.55,-5.79,-1.93
USDCHF,2025.09.15 16:25:00,2025.09.18 16:07:04,3,0.55,-5.79,-1.93
USDCHF,2023.02.20 17:05:00,2023.03.10 14:47:33,18,0.09,-5.76,-0.32
USDCHF,2026.03.30 03:20:00,2026.04.01 10:17:56,2,0.81,-5.68,-2.84
USDCHF,2024.06.28 05:40:05,2024.07.05 06:20:32,7,0.23,-5.67,-0.81
EURGBP,2025.11.28 21:20:00,2025.12.01 03:02:49,3,0.54,-5.67,-1.89
EURUSD,2024.11.29 19:00:00,2024.12.02 16:25:57,3,0.54,-5.67,-1.89
USDCHF,2025.05.23 03:05:00,2025.05.27 12:37:12,4,0.4,-5.6,-1.4
GBPUSD,2024.01.12 02:00:00,2024.01.22 14:19:19,10,0.16,-5.6,-0.56
EURGBP,2025.11.21 14:35:00,2025.11.24 13:44:28,3,0.53,-5.58,-1.86
USDCHF,2025.09.02 22:25:03,2025.09.05 15:17:30,3,0.53,-5.58,-1.86
USDCHF,2025.09.05 23:55:00,2025.09.08 08:00:27,3,0.53,-5.58,-1.86
EURGBP,2025.11.17 20:30:00,2025.11.20 16:37:13,3,0.52,-5.46,-1.82
EURGBP,2023.12.01 16:45:01,2023.12.14 10:19:36,13,0.12,-5.46,-0.42
USDCHF,2024.06.13 19:15:00,2024.06.20 11:08:18,7,0.22,-5.39,-0.77
EURGBP,2025.10.24 17:15:08,2025.10.27 13:03:02,3,0.51,-5.37,-1.79
USDCHF,2024.03.06 21:05:00,2024.03.14 17:47:33,8,0.19,-5.36,-0.67
EURUSD,2026.02.16 20:00:12,2026.02.17 09:31:04,1,1.53,-5.36,-5.36
GBPUSD,2026.03.31 19:00:00,2026.04.02 09:11:32,2,0.76,-5.32,-2.66
USDCHF,2023.11.27 11:55:00,2023.12.07 14:26:52,10,0.15,-5.3,-0.53
GBPUSD,2024.11.29 22:00:00,2024.12.05 09:08:20,6,0.25,-5.28,-0.88
EURUSD,2024.11.01 16:00:00,2024.11.04 05:39:25,3,0.5,-5.25,-1.75
GBPUSD,2025.08.29 18:00:00,2025.09.01 05:08:51,3,0.49,-5.16,-1.72
USDCHF,2023.02.22 02:40:00,2023.03.10 14:47:33,16,0.09,-5.12,-0.32
GBPUSD,2026.03.02 22:00:00,2026.03.04 13:24:51,2,0.72,-5.04,-2.52
USDCHF,2025.07.18 23:05:00,2025.07.21 00:00:19,3,0.48,-5.04,-1.68
EURGBP,2024.05.07 15:40:00,2024.05.15 12:26:37,8,0.18,-5.04,-0.63
USDCHF,2025.07.25 23:15:16,2025.07.28 04:51:27,3,0.48,-5.04,-1.68
GBPUSD,2025.01.10 15:00:00,2025.01.15 15:30:01,5,0.28,-4.9,-0.98
EURUSD,2023.08.17 14:00:00,2023.08.22 10:36:01,5,0.28,-4.9,-0.98
GBPUSD,2024.04.24 11:00:00,2024.05.01 09:05:49,7,0.2,-4.9,-0.7
USDCHF,2023.02.23 14:15:00,2023.03.10 14:47:33,15,0.09,-4.8,-0.32
USDCHF,2023.11.28 19:45:00,2023.12.07 14:26:52,9,0.15,-4.77,-0.53
USDCHF,2025.04.03 18:25:00,2025.04.07 17:16:51,4,0.34,-4.76,-1.19
USDCHF,2025.04.03 13:45:00,2025.04.07 17:16:51,4,0.34,-4.76,-1.19
USDCHF,2025.12.02 23:15:00,2025.12.04 22:37:01,2,0.68,-4.76,-2.38
USDCHF,2025.04.03 03:25:00,2025.04.07 17:16:52,4,0.34,-4.76,-1.19
USDCHF,2025.03.13 11:15:00,2025.03.17 18:10:43,4,0.33,-4.64,-1.16
USDCHF,2025.06.06 06:30:01,2025.06.09 11:06:28,3,0.43,-4.53,-1.51
EURUSD,2023.01.23 16:00:00,2023.01.31 10:38:39,8,0.16,-4.48,-0.56
EURUSD,2025.10.28 16:00:00,2025.10.29 09:05:10,1,1.28,-4.48,-4.48
EURGBP,2025.08.29 10:55:00,2025.09.01 16:00:34,3,0.42,-4.41,-1.47
GBPUSD,2025.06.20 23:00:00,2025.06.23 00:00:06,3,0.42,-4.41,-1.47
GBPUSD,2024.02.21 11:00:00,2024.02.28 11:37:08,7,0.18,-4.41,-0.63
EURUSD,2025.02.03 18:00:00,2025.02.05 09:26:20,2,0.62,-4.34,-2.17
EURGBP,2025.08.22 20:05:00,2025.08.25 07:29:46,3,0.41,-4.32,-1.44
USDCHF,2025.05.30 17:55:00,2025.06.02 03:13:06,3,0.41,-4.32,-1.44
EURGBP,2025.08.25 13:45:05,2025.08.28 19:57:30,3,0.41,-4.32,-1.44
EURUSD,2025.01.27 04:00:00,2025.01.29 15:11:04,2,0.61,-4.28,-2.14
GBPUSD,2023.01.16 11:00:00,2023.02.02 17:09:04,17,0.07,-4.25,-0.25
USDCHF,2023.11.29 21:30:00,2023.12.07 14:26:52,8,0.15,-4.24,-0.53
GBPUSD,2024.04.25 16:00:00,2024.05.01 09:05:49,6,0.2,-4.2,-0.7
USDCHF,2024.10.23 20:10:02,2024.10.28 00:01:24,5,0.24,-4.2,-0.84
EURGBP,2025.08.08 21:50:02,2025.08.11 05:00:12,3,0.4,-4.2,-1.4
EURGBP,2023.12.20 14:50:00,2023.12.29 07:57:09,9,0.13,-4.14,-0.46
EURGBP,2026.02.03 05:35:00,2026.02.05 08:15:11,2,0.59,-4.12,-2.06
USDCHF,2025.05.19 04:35:00,2025.05.22 20:25:12,3,0.39,-4.11,-1.37
USDCHF,2025.05.16 17:00:00,2025.05.19 01:02:59,3,0.39,-4.11,-1.37
EURUSD,2025.10.01 14:00:00,2025.10.02 17:11:21,1,1.16,-4.06,-4.06
USDCHF,2024.07.11 19:05:00,2024.07.16 15:35:30,5,0.23,-4.05,-0.81
USDCHF,2024.07.11 02:30:00,2024.07.16 15:35:30,5,0.23,-4.05,-0.81
EURGBP,2025.04.10 10:35:00,2025.04.14 15:21:23,4,0.29,-4.04,-1.01
EURGBP,2025.04.10 18:00:00,2025.04.14 15:21:23,4,0.29,-4.04,-1.01
EURGBP,2025.04.17 15:00:00,2025.04.21 00:59:44,4,0.29,-4.04,-1.01
USDCHF,2024.03.08 03:15:00,2024.03.14 17:47:33,6,0.19,-4.02,-0.67
EURGBP,2024.08.02 17:40:00,2024.08.08 19:59:11,6,0.19,-4.02,-0.67
EURUSD,2024.02.09 18:00:00,2024.02.12 09:55:13,3,0.38,-3.99,-1.33
USDCHF,2025.05.02 14:40:00,2025.05.05 04:29:02,3,0.38,-3.99,-1.33
EURUSD,2024.12.16 13:00:00,2024.12.18 17:50:06,2,0.57,-3.98,-1.99
EURGBP,2024.03.27 17:15:00,2024.04.03 16:02:39,7,0.16,-3.92,-0.56
USDCHF,2025.09.22 12:35:00,2025.09.24 17:20:33,2,0.56,-3.92,-1.96
EURUSD,2025.09.18 17:00:00,2025.09.19 11:25:14,1,1.12,-3.92,-3.92
USDCHF,2025.04.25 20:00:01,2025.04.28 09:40:11,3,0.37,-3.9,-1.3
USDCHF,2025.09.16 20:45:00,2025.09.18 16:07:03,2,0.55,-3.86,-1.93
USDCHF,2025.09.16 15:25:00,2025.09.18 16:07:04,2,0.55,-3.86,-1.93
GBPUSD,2024.08.08 19:00:00,2024.08.13 09:00:49,5,0.22,-3.85,-0.77
USDCHF,2024.06.07 19:05:00,2024.06.12 15:22:59,5,0.22,-3.85,-0.77
EURUSD,2023.04.28 18:00:00,2023.05.03 17:13:44,5,0.22,-3.85,-0.77
EURGBP,2025.12.01 03:05:00,2025.12.03 16:41:30,2,0.54,-3.78,-1.89
EURGBP,2025.11.24 14:30:00,2025.11.26 14:11:51,2,0.53,-3.72,-1.86
EURGBP,2025.06.13 10:45:01,2025.06.16 03:00:44,3,0.35,-3.69,-1.23
EURUSD,2025.08.27 20:00:00,2025.08.28 05:12:58,1,1.03,-3.61,-3.61
EURGBP,2024.04.11 07:30:00,2024.04.17 19:39:09,6,0.17,-3.6,-0.6
EURUSD,2024.11.04 22:00:02,2024.11.06 02:32:17,2,0.51,-3.58,-1.79
USDCHF,2025.03.31 14:10:00,2025.04.03 01:48:36,3,0.34,-3.57,-1.19
GBPUSD,2023.08.25 18:00:00,2023.09.01 17:53:51,7,0.14,-3.43,-0.49
EURUSD,2025.08.05 19:00:00,2025.08.06 13:07:34,1,0.98,-3.43,-3.43
USDCHF,2025.07.23 01:35:01,2025.07.25 14:18:15,2,0.48,-3.36,-1.68
EURGBP,2025.10.07 20:00:00,2025.10.09 09:26:34,2,0.48,-3.36,-1.68
USDCHF,2023.02.02 10:20:00,2023.02.14 15:32:58,12,0.08,-3.36,-0.28
EURGBP,2023.12.06 10:25:00,2023.12.14 10:19:36,8,0.12,-3.36,-0.42
USDCHF,2025.07.16 22:55:00,2025.07.18 15:06:45,2,0.47,-3.3,-1.65
EURUSD,2024.08.06 13:00:00,2024.08.08 15:48:41,2,0.47,-3.3,-1.65
USDCHF,2026.05.28 21:35:00,2026.05.29 06:38:48,1,0.94,-3.29,-3.29
USDCHF,2026.06.03 22:20:01,2026.06.04 23:59:58,1,0.94,-3.29,-3.29
GBPUSD,2023.01.20 12:00:00,2023.02.02 17:09:04,13,0.07,-3.25,-0.25
USDCHF,2024.07.05 15:40:00,2024.07.09 03:56:07,4,0.23,-3.24,-0.81
USDCHF,2024.07.01 21:45:03,2024.07.05 06:20:32,4,0.23,-3.24,-0.81
GBPUSD,2024.10.11 11:00:00,2024.10.15 11:46:52,4,0.23,-3.24,-0.81
USDCHF,2026.05.26 21:55:00,2026.05.27 02:44:03,1,0.92,-3.22,-3.22
USDCHF,2026.05.27 21:50:00,2026.05.28 17:13:00,1,0.92,-3.22,-3.22
GBPUSD,2023.12.29 09:00:00,2024.01.04 12:01:33,6,0.15,-3.18,-0.53
EURUSD,2024.06.18 12:00:00,2024.06.20 19:36:28,2,0.45,-3.16,-1.58
EURUSD,2025.06.19 23:00:00,2025.06.20 03:00:27,1,0.9,-3.15,-3.15
USDCHF,2026.05.13 13:10:01,2026.05.14 09:45:58,1,0.89,-3.12,-3.12
USDCHF,2026.05.12 15:45:01,2026.05.13 04:49:19,1,0.89,-3.12,-3.12
EURGBP,2023.03.30 18:00:00,2023.04.10 15:49:55,11,0.08,-3.08,-0.28
USDCHF,2023.02.03 11:15:00,2023.02.14 15:32:58,11,0.08,-3.08,-0.28
USDCHF,2023.02.03 17:25:00,2023.02.14 15:32:58,11,0.08,-3.08,-0.28
USDCHF,2026.05.04 12:05:00,2026.05.05 18:00:02,1,0.87,-3.05,-3.05
GBPUSD,2025.01.31 20:00:00,2025.02.03 17:42:20,3,0.29,-3.03,-1.01
EURGBP,2025.04.11 03:35:00,2025.04.14 15:21:22,3,0.29,-3.03,-1.01
GBPUSD,2026.05.26 05:00:00,2026.05.27 17:55:15,1,0.86,-3.01,-3.01
USDCHF,2026.04.27 02:40:08,2026.04.28 08:06:19,1,0.86,-3.01,-3.01
EURGBP,2024.04.04 03:35:17,2024.04.09 17:25:01,5,0.17,-3.0,-0.6
USDCHF,2026.04.23 21:05:00,2026.04.24 18:50:41,1,0.85,-2.98,-2.98
EURUSD,2023.04.21 10:00:00,2023.04.25 18:43:12,4,0.21,-2.96,-0.74
USDCHF,2025.06.02 17:05:00,2025.06.04 17:08:24,2,0.42,-2.94,-1.47
EURGBP,2025.04.04 22:45:00,2025.04.07 00:01:38,3,0.28,-2.94,-0.98
USDCHF,2024.12.06 22:00:00,2024.12.09 13:13:09,3,0.28,-2.94,-0.98
GBPUSD,2026.05.11 01:00:00,2026.05.12 09:42:49,1,0.83,-2.91,-2.91
USDCHF,2026.04.08 22:40:00,2026.04.09 01:38:50,1,0.83,-2.91,-2.91
USDCHF,2026.04.06 20:35:00,2026.04.07 23:15:24,1,0.82,-2.87,-2.87
USDCHF,2026.04.02 21:25:00,2026.04.03 15:30:01,1,0.82,-2.87,-2.87
GBPUSD,2024.12.24 16:00:00,2024.12.27 16:48:01,3,0.27,-2.85,-0.95
GBPUSD,2026.04.29 02:00:08,2026.04.30 14:27:44,1,0.81,-2.84,-2.84
USDCHF,2026.04.01 23:40:05,2026.04.02 03:10:22,1,0.81,-2.84,-2.84
GBPUSD,2024.05.03 20:00:00,2024.05.07 11:14:25,4,0.2,-2.8,-0.7
USDCHF,2026.03.23 22:55:00,2026.03.24 01:46:00,1,0.8,-2.8,-2.8
USDCHF,2023.04.19 17:55:00,2023.04.27 12:49:22,8,0.1,-2.8,-0.35
GBPUSD,2024.01.17 10:00:00,2024.01.22 14:19:19,5,0.16,-2.8,-0.56
USDCHF,2026.03.19 22:55:00,2026.03.20 02:39:22,1,0.79,-2.77,-2.77
USDCHF,2025.05.12 09:35:01,2025.05.14 11:03:48,2,0.39,-2.74,-1.37
USDCHF,2025.05.12 11:40:00,2025.05.14 11:03:48,2,0.39,-2.74,-1.37
USDCHF,2026.03.17 15:00:00,2026.03.18 15:59:28,1,0.78,-2.73,-2.73
USDCHF,2026.03.16 22:50:00,2026.03.17 01:55:33,1,0.78,-2.73,-2.73
USDCHF,2024.11.01 21:30:02,2024.11.04 00:00:09,3,0.25,-2.64,-0.88
EURGBP,2026.05.28 19:00:00,2026.05.29 10:32:16,1,0.75,-2.63,-2.63
EURGBP,2024.05.03 20:15:08,2024.05.07 10:12:44,4,0.18,-2.52,-0.63
EURGBP,2023.11.02 18:40:01,2023.11.08 11:00:24,6,0.12,-2.52,-0.42
EURGBP,2026.05.13 16:35:00,2026.05.14 19:12:20,1,0.72,-2.52,-2.52
USDCHF,2026.01.20 12:20:01,2026.01.21 21:28:44,1,0.72,-2.52,-2.52
EURGBP,2023.11.15 15:00:00,2023.11.21 18:58:41,6,0.12,-2.52,-0.42
GBPUSD,2026.03.03 21:00:00,2026.03.04 13:24:51,1,0.72,-2.52,-2.52
EURGBP,2023.01.30 00:06:55,2023.02.09 15:44:28,10,0.07,-2.5,-0.25
USDCHF,2026.01.20 07:50:06,2026.01.21 21:28:44,1,0.71,-2.49,-2.49
USDCHF,2026.01.15 18:25:00,2026.01.16 06:35:45,1,0.71,-2.49,-2.49
USDCHF,2026.01.19 17:35:04,2026.01.20 01:44:35,1,0.71,-2.49,-2.49
USDCHF,2026.01.14 22:20:00,2026.01.15 01:16:00,1,0.71,-2.49,-2.49
USDCHF,2026.01.13 20:50:00,2026.01.14 16:42:38,1,0.71,-2.49,-2.49
EURGBP,2026.05.12 09:45:00,2026.05.13 08:14:01,1,0.71,-2.49,-2.49
USDCHF,2026.01.12 05:00:00,2026.01.13 17:11:52,1,0.7,-2.45,-2.45
USDCHF,2024.07.26 23:10:09,2024.07.29 04:37:17,3,0.23,-2.43,-0.81
GBPUSD,2024.10.22 10:00:00,2024.10.25 15:43:08,3,0.23,-2.43,-0.81
GBPUSD,2024.10.18 19:00:00,2024.10.21 17:23:20,3,0.23,-2.43,-0.81
GBPUSD,2024.10.04 16:00:00,2024.10.07 12:24:17,3,0.23,-2.43,-0.81
USDCHF,2024.07.19 22:45:00,2024.07.22 01:22:49,3,0.23,-2.43,-0.81
EURUSD,2023.06.16 19:00:00,2023.06.19 13:02:04,3,0.23,-2.43,-0.81
GBPUSD,2024.10.25 23:00:00,2024.10.28 05:57:11,3,0.23,-2.43,-0.81
GBPUSD,2026.02.03 18:00:00,2026.02.04 06:50:30,1,0.69,-2.42,-2.42
EURGBP,2026.04.27 17:25:00,2026.04.28 11:11:45,1,0.69,-2.42,-2.42
USDCHF,2024.01.19 16:40:00,2024.01.23 16:33:29,4,0.17,-2.4,-0.6
EURGBP,2024.04.29 03:40:04,2024.05.03 18:22:05,4,0.17,-2.4,-0.6
EURGBP,2024.04.19 18:20:00,2024.04.23 14:59:10,4,0.17,-2.4,-0.6
USDCHF,2025.12.08 22:20:00,2025.12.09 17:02:01,1,0.68,-2.38,-2.38
EURUSD,2025.03.31 19:00:00,2025.04.01 14:42:45,1,0.68,-2.38,-2.38
EURGBP,2026.04.23 20:10:01,2026.04.24 12:17:44,1,0.68,-2.38,-2.38
GBPUSD,2026.01.21 17:00:00,2026.01.22 17:13:46,1,0.67,-2.35,-2.35
USDCHF,2025.11.27 16:40:00,2025.11.28 11:57:37,1,0.67,-2.35,-2.35
USDCHF,2025.11.26 23:05:00,2025.11.27 10:05:39,1,0.67,-2.35,-2.35
EURUSD,2025.03.27 15:00:00,2025.03.28 18:10:12,1,0.67,-2.35,-2.35
GBPUSD,2026.01.20 22:00:00,2026.01.21 11:42:09,1,0.67,-2.35,-2.35
GBPUSD,2023.06.15 05:00:00,2023.06.21 13:45:19,6,0.11,-2.34,-0.39
USDCHF,2024.06.04 09:35:00,2024.06.07 15:31:27,3,0.22,-2.31,-0.77
USDCHF,2024.06.04 17:15:00,2024.06.07 15:31:27,3,0.22,-2.31,-0.77
EURUSD,2025.03.18 16:00:00,2025.03.19 10:36:18,1,0.66,-2.31,-2.31
USDCHF,2025.11.25 14:25:01,2025.11.26 07:49:07,1,0.66,-2.31,-2.31
EURUSD,2025.03.12 16:00:00,2025.03.13 15:47:24,1,0.65,-2.28,-2.28
USDCHF,2025.11.17 23:35:39,2025.11.18 05:05:07,1,0.65,-2.28,-2.28
USDCHF,2025.11.11 22:40:03,2025.11.12 10:22:47,1,0.65,-2.28,-2.28
EURGBP,2026.03.25 21:10:00,2026.03.26 14:47:20,1,0.65,-2.28,-2.28
EURGBP,2023.03.01 15:25:01,2023.03.10 11:40:20,9,0.07,-2.25,-0.25
EURGBP,2023.01.31 17:10:00,2023.02.09 15:44:27,9,0.07,-2.25,-0.25
EURGBP,2023.03.01 02:45:00,2023.03.10 11:40:21,9,0.07,-2.25,-0.25
USDCHF,2025.10.28 23:00:00,2025.10.29 05:22:10,1,0.64,-2.24,-2.24
EURGBP,2026.03.23 20:40:00,2026.03.24 04:03:27,1,0.64,-2.24,-2.24
GBPUSD,2025.12.17 18:00:00,2025.12.18 15:16:04,1,0.64,-2.24,-2.24
EURGBP,2026.03.24 19:15:01,2026.03.25 14:08:58,1,0.64,-2.24,-2.24
EURUSD,2023.01.13 16:00:00,2023.01.17 19:45:44,4,0.16,-2.24,-0.56
GBPUSD,2025.12.01 22:00:00,2025.12.02 11:46:01,1,0.63,-2.21,-2.21
USDCHF,2025.10.23 20:10:00,2025.10.24 09:10:19,1,0.63,-2.21,-2.21
EURUSD,2025.02.06 11:00:00,2025.02.07 15:32:55,1,0.63,-2.21,-2.21
EURGBP,2026.03.19 18:10:00,2026.03.20 18:50:48,1,0.63,-2.21,-2.21
USDCHF,2025.10.22 21:45:02,2025.10.23 03:07:48,1,0.63,-2.21,-2.21
GBPUSD,2025.03.19 10:00:00,2025.03.21 18:50:34,2,0.31,-2.18,-1.09
EURGBP,2026.02.24 19:25:01,2026.02.25 15:15:32,1,0.62,-2.17,-2.17
EURGBP,2026.03.02 20:40:01,2026.03.03 07:41:21,1,0.62,-2.17,-2.17
EURGBP,2026.02.12 17:55:00,2026.02.13 17:10:59,1,0.61,-2.14,-2.14
EURGBP,2026.02.11 20:45:02,2026.02.12 16:10:21,1,0.61,-2.14,-2.14
EURGBP,2026.02.10 19:50:00,2026.02.11 10:25:40,1,0.6,-2.1,-2.1
USDCHF,2023.04.21 02:35:06,2023.04.27 12:49:22,6,0.1,-2.1,-0.35
EURGBP,2026.02.05 08:20:00,2026.02.06 13:14:18,1,0.6,-2.1,-2.1
EURGBP,2026.02.09 21:00:00,2026.02.10 08:17:40,1,0.6,-2.1,-2.1
EURUSD,2025.01.15 19:00:00,2025.01.16 14:43:50,1,0.6,-2.1,-2.1
USDCHF,2023.04.11 19:25:01,2023.04.17 16:21:05,6,0.1,-2.1,-0.35
EURGBP,2023.11.03 17:40:01,2023.11.08 11:00:24,5,0.12,-2.1,-0.42
EURUSD,2023.04.07 16:00:01,2023.04.10 14:30:25,3,0.2,-2.1,-0.7
USDCHF,2025.10.08 21:45:00,2025.10.09 01:09:54,1,0.6,-2.1,-2.1
EURUSD,2024.12.26 19:00:00,2024.12.27 13:55:25,1,0.59,-2.06,-2.06
EURGBP,2026.01.26 21:25:00,2026.01.27 09:05:57,1,0.59,-2.06,-2.06
EURGBP,2026.01.27 17:50:00,2026.01.28 07:02:48,1,0.59,-2.06,-2.06
USDCHF,2025.10.01 15:20:00,2025.10.02 12:12:44,1,0.58,-2.03,-2.03
EURGBP,2026.01.21 21:30:00,2026.01.22 13:15:30,1,0.58,-2.03,-2.03
EURGBP,2025.04.14 19:50:00,2025.04.16 18:13:40,2,0.29,-2.02,-1.01
EURGBP,2024.08.05 11:20:00,2024.08.08 19:59:11,3,0.19,-2.01,-0.67
EURUSD,2023.03.17 21:00:00,2023.03.20 00:00:04,3,0.19,-2.01,-0.67
USDCHF,2024.03.01 23:20:00,2024.03.04 14:09:42,3,0.19,-2.01,-0.67
USDCHF,2024.03.15 22:20:00,2024.03.18 05:18:54,3,0.19,-2.01,-0.67
USDCHF,2024.02.09 15:35:00,2024.02.12 09:53:03,3,0.19,-2.01,-0.67
EURGBP,2024.08.09 17:45:01,2024.08.12 12:35:13,3,0.19,-2.01,-0.67
EURGBP,2024.08.05 16:00:00,2024.08.08 19:59:10,3,0.19,-2.01,-0.67
USDCHF,2025.09.29 17:00:00,2025.09.30 03:47:54,1,0.57,-1.99,-1.99
EURGBP,2026.01.20 20:40:00,2026.01.21 09:19:40,1,0.57,-1.99,-1.99
GBPUSD,2025.10.14 21:00:00,2025.10.15 04:21:35,1,0.57,-1.99,-1.99
USDCHF,2025.09.18 18:50:00,2025.09.19 09:02:30,1,0.56,-1.96,-1.96
EURGBP,2023.03.23 21:55:00,2023.03.30 13:42:47,7,0.08,-1.96,-0.28
GBPUSD,2025.10.08 21:00:00,2025.10.09 09:30:07,1,0.56,-1.96,-1.96
EURUSD,2024.12.04 20:00:00,2024.12.05 15:30:03,1,0.55,-1.93,-1.93
EURGBP,2025.12.18 14:05:00,2025.12.19 16:03:46,1,0.55,-1.93,-1.93
EURGBP,2025.12.16 20:05:00,2025.12.17 09:00:04,1,0.55,-1.93,-1.93
EURGBP,2025.12.17 09:05:00,2025.12.18 14:00:27,1,0.55,-1.93,-1.93
GBPUSD,2023.03.28 13:00:00,2023.04.03 01:20:03,6,0.09,-1.92,-0.32
GBPUSD,2024.02.16 21:00:00,2024.02.19 09:34:35,3,0.18,-1.89,-0.63
USDCHF,2024.02.02 23:50:00,2024.02.05 01:02:08,3,0.18,-1.89,-0.63
EURUSD,2024.12.03 11:00:00,2024.12.04 17:25:25,1,0.54,-1.89,-1.89
USDCHF,2025.09.10 21:25:00,2025.09.11 15:30:29,1,0.54,-1.89,-1.89
EURGBP,2025.11.26 21:00:00,2025.11.27 10:23:21,1,0.54,-1.89,-1.89
EURGBP,2025.11.27 23:25:00,2025.11.28 09:00:21,1,0.54,-1.89,-1.89
USDCHF,2025.09.11 20:50:00,2025.09.12 07:11:58,1,0.54,-1.89,-1.89
USDCHF,2024.01.26 21:15:00,2024.01.29 03:35:15,3,0.18,-1.89,-0.63
EURGBP,2025.11.20 18:40:01,2025.11.21 14:34:26,1,0.53,-1.86,-1.86
USDCHF,2025.09.08 12:55:00,2025.09.09 19:46:16,1,0.53,-1.86,-1.86
USDCHF,2023.08.04 23:50:00,2023.08.08 09:40:23,4,0.13,-1.84,-0.46
EURGBP,2023.12.29 23:55:00,2024.01.02 07:46:57,4,0.13,-1.84,-0.46
USDCHF,2025.08.28 23:55:00,2025.08.29 10:34:09,1,0.52,-1.82,-1.82
EURUSD,2023.08.02 01:00:00,2023.08.04 16:05:03,2,0.26,-1.82,-0.91
EURGBP,2025.11.10 19:05:00,2025.11.11 03:54:15,1,0.52,-1.82,-1.82
GBPUSD,2024.12.03 11:00:00,2024.12.05 09:08:20,2,0.25,-1.76,-0.88
GBPUSD,2024.11.19 12:00:00,2024.11.21 18:02:49,2,0.25,-1.76,-0.88
EURUSD,2023.07.05 13:00:00,2023.07.07 15:30:05,2,0.25,-1.76,-0.88
USDCHF,2023.04.12 17:55:00,2023.04.17 16:21:05,5,0.1,-1.75,-0.35
EURGBP,2023.02.02 03:15:00,2023.02.09 15:44:27,7,0.07,-1.75,-0.25
GBPUSD,2023.04.27 13:00:00,2023.05.02 11:06:51,5,0.1,-1.75,-0.35
EURGBP,2025.10.22 14:30:00,2025.10.23 16:56:46,1,0.5,-1.75,-1.75
EURGBP,2023.02.02 14:20:00,2023.02.09 15:44:27,7,0.07,-1.75,-0.25
EURGBP,2025.10.23 23:40:07,2025.10.24 10:33:40,1,0.5,-1.75,-1.75
GBPUSD,2025.09.10 17:00:00,2025.09.11 17:17:57,1,0.5,-1.75,-1.75
EURGBP,2025.10.14 20:05:00,2025.10.15 10:39:51,1,0.49,-1.72,-1.72
EURGBP,2025.10.16 21:10:00,2025.10.17 14:13:33,1,0.49,-1.72,-1.72
EURGBP,2023.04.04 10:45:00,2023.04.10 15:49:55,6,0.08,-1.68,-0.28
USDCHF,2024.10.29 12:10:02,2024.10.31 09:46:45,2,0.24,-1.68,-0.84
GBPUSD,2024.11.04 19:00:00,2024.11.06 04:31:54,2,0.24,-1.68,-0.84
GBPUSD,2025.08.27 20:00:00,2025.08.28 04:03:17,1,0.48,-1.68,-1.68
EURGBP,2023.11.09 12:55:01,2023.11.13 14:45:07,4,0.12,-1.68,-0.42
EURGBP,2023.04.12 10:30:00,2023.04.18 15:00:34,6,0.08,-1.68,-0.28
EURGBP,2024.03.22 23:25:01,2024.03.25 10:31:58,3,0.16,-1.68,-0.56
USDCHF,2023.06.15 22:05:00,2023.06.19 17:23:11,4,0.12,-1.68,-0.42
EURUSD,2024.09.10 17:00:00,2024.09.11 15:46:05,1,0.48,-1.68,-1.68
EURGBP,2025.10.09 23:35:00,2025.10.10 09:45:48,1,0.48,-1.68,-1.68
EURGBP,2025.10.06 21:00:00,2025.10.07 09:09:43,1,0.47,-1.65,-1.65
EURUSD,2024.08.12 18:00:00,2024.08.13 15:40:20,1,0.47,-1.65,-1.65
USDCHF,2024.07.29 09:10:02,2024.07.31 02:12:51,2,0.23,-1.62,-0.81
USDCHF,2024.07.17 13:55:00,2024.07.19 04:59:38,2,0.23,-1.62,-0.81
USDCHF,2024.07.17 01:10:00,2024.07.19 04:59:39,2,0.23,-1.62,-0.81
USDCHF,2024.07.22 02:00:00,2024.07.24 13:04:05,2,0.23,-1.62,-0.81
GBPUSD,2024.10.30 19:00:00,2024.11.01 16:40:32,2,0.23,-1.62,-0.81
USDCHF,2025.06.23 23:40:00,2025.06.24 03:07:37,1,0.46,-1.61,-1.61
EURGBP,2023.04.27 14:00:01,2023.05.02 18:04:17,5,0.09,-1.6,-0.32
USDCHF,2023.08.25 23:10:00,2023.08.28 01:42:39,3,0.15,-1.59,-0.53
USDCHF,2023.06.15 14:35:00,2023.06.19 17:23:11,4,0.11,-1.56,-0.39
USDCHF,2023.05.05 20:35:00,2023.05.09 10:33:20,4,0.11,-1.56,-0.39
USDCHF,2024.06.18 00:45:06,2024.06.20 11:08:18,2,0.22,-1.54,-0.77
GBPUSD,2024.09.10 10:00:00,2024.09.12 22:30:34,2,0.22,-1.54,-0.77
EURGBP,2025.09.15 11:30:00,2025.09.16 12:45:08,1,0.44,-1.54,-1.54
USDCHF,2024.06.18 18:05:00,2024.06.20 11:08:18,2,0.22,-1.54,-0.77
GBPUSD,2024.09.02 18:00:00,2024.09.04 17:03:20,2,0.22,-1.54,-0.77
GBPUSD,2024.08.28 13:00:00,2024.08.30 16:04:32,2,0.22,-1.54,-0.77
USDCHF,2025.06.05 22:25:00,2025.06.06 01:16:53,1,0.43,-1.51,-1.51
USDCHF,2025.06.10 19:05:00,2025.06.11 03:16:47,1,0.43,-1.51,-1.51
GBPUSD,2025.07.03 12:00:00,2025.07.04 07:55:23,1,0.43,-1.51,-1.51
USDCHF,2025.06.09 21:15:06,2025.06.10 01:45:27,1,0.43,-1.51,-1.51
EURGBP,2023.02.15 09:05:00,2023.02.21 11:30:31,6,0.07,-1.5,-0.25
EURGBP,2023.02.15 14:45:00,2023.02.21 11:30:31,6,0.07,-1.5,-0.25
EURUSD,2024.04.09 21:00:00,2024.04.10 15:30:01,1,0.42,-1.47,-1.47
USDCHF,2025.06.03 21:00:00,2025.06.04 17:08:24,1,0.42,-1.47,-1.47
EURGBP,2025.08.28 23:00:00,2025.08.29 10:50:53,1,0.42,-1.47,-1.47
EURUSD,2024.04.08 17:00:00,2024.04.09 13:00:48,1,0.42,-1.47,-1.47
USDCHF,2025.06.04 23:35:00,2025.06.05 02:20:45,1,0.42,-1.47,-1.47
USDCHF,2023.08.18 13:10:00,2023.08.21 12:24:07,3,0.14,-1.47,-0.49
EURGBP,2025.09.01 17:35:00,2025.09.02 09:25:26,1,0.42,-1.47,-1.47
EURGBP,2025.09.02 10:05:00,2025.09.03 16:34:05,1,0.42,-1.47,-1.47
USDCHF,2023.08.11 20:00:00,2023.08.14 05:28:16,3,0.14,-1.47,-0.49
EURUSD,2024.04.04 23:00:00,2024.04.05 15:30:06,1,0.41,-1.44,-1.44
GBPUSD,2025.06.12 11:00:00,2025.06.13 07:22:54,1,0.41,-1.44,-1.44
EURUSD,2024.04.02 15:00:00,2024.04.03 17:00:00,1,0.41,-1.44,-1.44
USDCHF,2025.05.27 19:35:02,2025.05.28 10:15:28,1,0.41,-1.44,-1.44
EURGBP,2025.08.27 11:50:01,2025.08.28 19:57:30,1,0.41,-1.44,-1.44
GBPUSD,2025.06.10 17:00:00,2025.06.11 15:35:34,1,0.41,-1.44,-1.44
USDCHF,2025.05.29 20:10:00,2025.05.30 10:06:17,1,0.41,-1.44,-1.44
EURGBP,2025.08.21 21:25:01,2025.08.22 00:30:01,1,0.41,-1.44,-1.44
EURUSD,2024.03.26 19:00:00,2024.03.27 16:36:04,1,0.4,-1.4,-1.4
GBPUSD,2023.05.05 16:00:00,2023.05.09 16:06:22,4,0.1,-1.4,-0.35
EURGBP,2025.08.19 20:40:00,2025.08.20 15:03:00,1,0.4,-1.4,-1.4
USDCHF,2025.05.21 08:20:01,2025.05.22 20:25:12,1,0.4,-1.4,-1.4
USDCHF,2023.01.11 11:20:00,2023.01.16 03:09:59,5,0.08,-1.4,-0.28
USDCHF,2023.01.11 18:45:00,2023.01.16 03:09:58,5,0.08,-1.4,-0.28
USDCHF,2025.05.26 01:11:35,2025.05.27 12:37:12,1,0.4,-1.4,-1.4
USDCHF,2023.04.13 16:55:00,2023.04.17 16:21:05,4,0.1,-1.4,-0.35
EURGBP,2025.08.11 08:05:00,2025.08.12 18:44:31,1,0.4,-1.4,-1.4
EURGBP,2023.04.19 21:30:00,2023.04.24 10:38:22,5,0.08,-1.4,-0.28
EURGBP,2025.08.20 17:30:02,2025.08.21 09:20:34,1,0.4,-1.4,-1.4
EURGBP,2025.08.12 22:05:00,2025.08.13 11:08:58,1,0.4,-1.4,-1.4
USDCHF,2023.07.07 23:55:42,2023.07.10 01:24:56,3,0.13,-1.38,-0.46
EURGBP,2023.12.15 07:25:00,2023.12.18 11:38:55,3,0.13,-1.38,-0.46
USDCHF,2023.06.30 23:50:00,2023.07.03 08:17:36,3,0.13,-1.38,-0.46
USDCHF,2025.05.14 23:45:00,2025.05.15 00:02:15,1,0.39,-1.37,-1.37
USDCHF,2025.05.15 17:40:00,2025.05.16 14:54:52,1,0.39,-1.37,-1.37
USDCHF,2025.05.08 21:05:00,2025.05.09 10:05:59,1,0.39,-1.37,-1.37
EURGBP,2025.08.07 23:30:00,2025.08.08 08:23:33,1,0.39,-1.37,-1.37
EURUSD,2023.03.29 10:00:00,2023.03.31 23:29:17,2,0.19,-1.34,-0.67
EURGBP,2024.08.13 13:25:00,2024.08.15 15:20:26,2,0.19,-1.34,-0.67
USDCHF,2025.05.01 03:05:00,2025.05.02 08:29:11,1,0.38,-1.33,-1.33
USDCHF,2025.05.01 19:50:00,2025.05.02 08:29:11,1,0.38,-1.33,-1.33
USDCHF,2025.04.28 16:00:00,2025.04.29 12:44:12,1,0.38,-1.33,-1.33
USDCHF,2025.04.29 23:20:01,2025.04.30 04:20:10,1,0.38,-1.33,-1.33
EURGBP,2025.06.26 17:00:00,2025.06.27 13:52:58,1,0.37,-1.3,-1.3
USDCHF,2025.04.24 06:45:00,2025.04.25 03:25:48,1,0.37,-1.3,-1.3
EURGBP,2025.06.25 17:30:00,2025.06.26 08:50:06,1,0.37,-1.3,-1.3
EURGBP,2023.04.28 13:30:00,2023.05.02 18:04:17,4,0.09,-1.28,-0.32
EURGBP,2023.01.17 19:55:00,2023.01.23 00:00:39,6,0.06,-1.26,-0.21
EURGBP,2025.06.23 05:05:02,2025.06.24 11:03:50,1,0.36,-1.26,-1.26
USDCHF,2024.02.05 08:10:00,2024.02.07 03:49:38,2,0.18,-1.26,-0.63
EURGBP,2023.11.10 17:05:00,2023.11.13 14:45:07,3,0.12,-1.26,-0.42
EURGBP,2023.01.17 16:30:00,2023.01.23 00:00:39,6,0.06,-1.26,-0.21
GBPUSD,2025.05.05 20:00:00,2025.05.06 04:03:16,1,0.36,-1.26,-1.26
EURUSD,2024.01.31 23:00:00,2024.02.01 09:10:02,1,0.36,-1.26,-1.26
GBPUSD,2025.04.29 14:00:00,2025.04.30 11:23:04,1,0.35,-1.23,-1.23
USDCHF,2025.04.08 23:50:00,2025.04.09 00:52:31,1,0.35,-1.23,-1.23
EURGBP,2025.06.12 19:45:00,2025.06.13 09:11:49,1,0.35,-1.23,-1.23
GBPUSD,2025.04.16 21:00:00,2025.04.17 04:03:43,1,0.34,-1.19,-1.19
EURUSD,2024.01.22 22:00:00,2024.01.23 12:55:05,1,0.34,-1.19,-1.19
USDCHF,2023.06.09 20:25:00,2023.06.12 10:52:51,3,0.11,-1.17,-0.39
USDCHF,2023.05.12 23:55:13,2023.05.15 15:30:01,3,0.11,-1.17,-0.39
USDCHF,2023.04.28 22:45:00,2023.05.01 10:24:00,3,0.11,-1.17,-0.39
USDCHF,2023.05.19 23:00:00,2023.05.22 00:00:00,3,0.11,-1.17,-0.39
USDCHF,2023.06.02 16:30:00,2023.06.05 17:06:05,3,0.11,-1.17,-0.39
USDCHF,2023.05.12 13:00:00,2023.05.15 15:30:01,3,0.11,-1.17,-0.39
USDCHF,2025.03.17 19:00:00,2025.03.18 09:32:40,1,0.33,-1.16,-1.16
USDCHF,2025.03.05 18:45:00,2025.03.06 09:36:48,1,0.33,-1.16,-1.16
USDCHF,2025.03.04 12:05:00,2025.03.05 15:04:02,1,0.32,-1.12,-1.12
EURGBP,2023.04.14 12:00:01,2023.04.18 15:00:34,4,0.08,-1.12,-0.28
EURUSD,2023.12.20 18:00:00,2023.12.21 15:30:05,1,0.32,-1.12,-1.12
USDCHF,2023.01.16 16:30:00,2023.01.20 11:30:21,4,0.08,-1.12,-0.28
EURUSD,2023.12.18 17:00:00,2023.12.19 11:07:09,1,0.32,-1.12,-1.12
GBPUSD,2025.04.03 23:00:00,2025.04.04 09:37:35,1,0.32,-1.12,-1.12
USDCHF,2023.11.20 19:20:00,2023.11.22 10:39:13,2,0.15,-1.06,-0.53
USDCHF,2023.03.31 21:50:00,2023.04.03 14:36:24,3,0.1,-1.05,-0.35
EURGBP,2025.04.21 23:15:01,2025.04.22 01:28:16,1,0.3,-1.05,-1.05
GBPUSD,2025.02.26 07:00:00,2025.02.27 15:54:01,1,0.3,-1.05,-1.05
GBPUSD,2025.02.19 01:00:00,2025.02.20 18:09:21,1,0.3,-1.05,-1.05
EURGBP,2023.01.18 17:40:00,2023.01.23 00:00:39,5,0.06,-1.05,-0.21
GBPUSD,2025.02.12 20:00:00,2025.02.13 06:08:26,1,0.3,-1.05,-1.05
EURUSD,2023.08.23 19:00:00,2023.08.24 08:34:30,1,0.29,-1.01,-1.01
EURGBP,2025.04.15 14:35:00,2025.04.16 18:13:40,1,0.29,-1.01,-1.01
EURGBP,2025.04.16 20:35:00,2025.04.17 08:30:32,1,0.29,-1.01,-1.01
EURUSD,2023.11.06 22:00:00,2023.11.07 03:04:41,1,0.29,-1.01,-1.01
EURGBP,2023.03.17 13:10:00,2023.03.21 12:13:44,4,0.07,-1.0,-0.25
EURGBP,2025.04.07 09:00:00,2025.04.08 17:04:59,1,0.28,-0.98,-0.98
EURGBP,2025.04.08 22:10:00,2025.04.09 20:24:52,1,0.28,-0.98,-0.98
EURGBP,2025.04.07 18:30:00,2025.04.08 17:04:59,1,0.28,-0.98,-0.98
USDCHF,2024.12.11 18:45:00,2024.12.12 09:08:56,1,0.28,-0.98,-0.98
USDCHF,2024.12.10 12:35:00,2024.12.11 15:45:00,1,0.28,-0.98,-0.98
USDCHF,2024.12.09 23:05:07,2024.12.10 04:08:55,1,0.28,-0.98,-0.98
GBPUSD,2025.01.14 00:03:41,2025.01.15 15:30:01,1,0.28,-0.98,-0.98
USDCHF,2023.03.17 01:20:00,2023.03.20 11:19:55,3,0.09,-0.96,-0.32
GBPUSD,2023.03.31 11:00:00,2023.04.03 01:20:03,3,0.09,-0.96,-0.32
USDCHF,2023.03.21 16:15:01,2023.03.24 13:59:58,3,0.09,-0.96,-0.32
EURUSD,2023.08.07 12:00:00,2023.08.08 13:33:00,1,0.27,-0.95,-0.95
EURUSD,2023.08.09 11:00:00,2023.08.10 10:03:32,1,0.27,-0.95,-0.95
EURUSD,2023.08.10 21:00:00,2023.08.11 16:17:38,1,0.27,-0.95,-0.95
EURGBP,2023.12.18 22:35:00,2023.12.20 09:00:01,2,0.13,-0.92,-0.46
USDCHF,2023.07.03 15:20:00,2023.07.05 09:29:32,2,0.13,-0.92,-0.46
GBPUSD,2024.12.11 16:00:00,2024.12.12 09:08:47,1,0.26,-0.91,-0.91
EURUSD,2023.08.03 20:00:00,2023.08.04 16:05:03,1,0.26,-0.91,-0.91
USDCHF,2024.11.06 18:45:00,2024.11.07 02:36:54,1,0.26,-0.91,-0.91
EURUSD,2023.07.31 22:00:00,2023.08.01 05:24:45,1,0.26,-0.91,-0.91
GBPUSD,2024.11.25 18:00:00,2024.11.26 01:43:15,1,0.25,-0.88,-0.88
USDCHF,2024.10.31 17:20:00,2024.11.01 10:30:20,1,0.25,-0.88,-0.88
EURGBP,2023.03.27 11:55:00,2023.03.30 13:42:47,3,0.08,-0.84,-0.28
USDCHF,2023.06.28 05:50:00,2023.06.30 16:42:32,2,0.12,-0.84,-0.42
GBPUSD,2023.02.10 11:00:00,2023.02.13 00:00:42,3,0.08,-0.84,-0.28
EURUSD,2023.06.26 02:00:00,2023.06.27 04:47:02,1,0.24,-0.84,-0.84
EURUSD,2023.06.22 18:00:00,2023.06.23 05:04:02,1,0.24,-0.84,-0.84
USDCHF,2024.10.28 17:30:05,2024.10.29 03:02:23,1,0.24,-0.84,-0.84
EURGBP,2023.04.21 13:40:02,2023.04.24 10:38:22,3,0.08,-0.84,-0.28
EURUSD,2023.06.20 11:00:00,2023.06.21 17:41:03,1,0.24,-0.84,-0.84
USDCHF,2023.01.20 18:55:00,2023.01.23 00:00:40,3,0.08,-0.84,-0.28
USDCHF,2023.01.17 17:05:00,2023.01.20 11:30:21,3,0.08,-0.84,-0.28
EURGBP,2023.01.06 14:05:00,2023.01.10 09:26:14,4,0.06,-0.84,-0.21
USDCHF,2023.01.06 23:25:00,2023.01.09 00:00:00,3,0.08,-0.84,-0.28
USDCHF,2023.01.27 15:35:00,2023.01.30 01:19:45,3,0.08,-0.84,-0.28
USDCHF,2024.07.18 01:05:18,2024.07.19 04:59:38,1,0.23,-0.81,-0.81
USDCHF,2024.07.24 23:20:01,2024.07.25 01:25:25,1,0.23,-0.81,-0.81
USDCHF,2024.07.10 22:55:01,2024.07.11 01:46:53,1,0.23,-0.81,-0.81
USDCHF,2024.07.08 03:05:01,2024.07.09 03:56:07,1,0.23,-0.81,-0.81
USDCHF,2024.07.09 11:15:00,2024.07.10 16:38:50,1,0.23,-0.81,-0.81
GBPUSD,2024.10.17 15:00:00,2024.10.18 05:41:04,1,0.23,-0.81,-0.81
GBPUSD,2024.10.24 11:00:00,2024.10.25 15:43:08,1,0.23,-0.81,-0.81
USDCHF,2023.05.30 22:10:00,2023.06.01 14:13:09,2,0.11,-0.78,-0.39
GBPUSD,2023.06.19 20:00:00,2023.06.21 13:45:19,2,0.11,-0.78,-0.39
USDCHF,2023.05.02 23:40:02,2023.05.04 15:31:30,2,0.11,-0.78,-0.39
USDCHF,2023.06.13 03:40:01,2023.06.15 07:06:46,2,0.11,-0.78,-0.39
EURGBP,2023.10.31 15:35:00,2023.11.02 13:05:00,2,0.11,-0.78,-0.39
USDCHF,2023.04.25 03:15:00,2023.04.27 12:49:21,2,0.11,-0.78,-0.39
GBPUSD,2024.09.04 18:00:00,2024.09.05 11:53:41,1,0.22,-0.77,-0.77
USDCHF,2024.06.24 01:15:00,2024.06.25 17:08:45,1,0.22,-0.77,-0.77
USDCHF,2024.06.20 22:05:01,2024.06.21 01:10:12,1,0.22,-0.77,-0.77
EURGBP,2023.03.07 17:10:00,2023.03.10 11:40:20,3,0.07,-0.75,-0.25
EURGBP,2023.02.10 21:35:01,2023.02.13 00:00:39,3,0.07,-0.75,-0.25
EURGBP,2023.03.10 23:45:00,2023.03.13 00:00:02,3,0.07,-0.75,-0.25
EURGBP,2023.02.24 12:25:01,2023.02.27 15:35:40,3,0.07,-0.75,-0.25
EURGBP,2023.01.27 23:05:00,2023.01.30 00:00:19,3,0.07,-0.75,-0.25
GBPUSD,2024.04.30 09:00:00,2024.05.01 09:05:48,1,0.2,-0.7,-0.7
GBPUSD,2024.05.08 14:00:00,2024.05.09 15:37:46,1,0.2,-0.7,-0.7
GBPUSD,2024.04.11 18:00:00,2024.04.12 10:14:13,1,0.2,-0.7,-0.7
GBPUSD,2024.04.22 22:00:00,2024.04.23 10:30:03,1,0.2,-0.7,-0.7
GBPUSD,2024.03.26 19:00:00,2024.03.27 04:20:51,1,0.19,-0.67,-0.67
USDCHF,2024.03.18 23:50:00,2024.03.19 11:51:46,1,0.19,-0.67,-0.67
EURGBP,2024.08.14 16:10:00,2024.08.15 15:20:26,1,0.19,-0.67,-0.67
GBPUSD,2024.03.27 14:00:00,2024.03.28 16:00:13,1,0.19,-0.67,-0.67
USDCHF,2024.02.12 21:35:00,2024.02.13 03:51:02,1,0.19,-0.67,-0.67
USDCHF,2024.03.14 23:05:00,2024.03.15 12:34:45,1,0.19,-0.67,-0.67
GBPUSD,2024.04.04 23:00:00,2024.04.05 04:53:11,1,0.19,-0.67,-0.67
USDCHF,2024.02.13 22:45:00,2024.02.14 04:03:16,1,0.19,-0.67,-0.67
USDCHF,2024.03.20 21:35:00,2024.03.21 11:30:03,1,0.19,-0.67,-0.67
USDCHF,2024.03.19 13:35:01,2024.03.20 10:52:01,1,0.19,-0.67,-0.67
USDCHF,2024.03.04 17:30:00,2024.03.05 09:20:19,1,0.19,-0.67,-0.67
EURUSD,2023.03.27 19:00:00,2023.03.28 02:12:18,1,0.19,-0.67,-0.67
USDCHF,2024.02.07 21:15:00,2024.02.08 02:25:21,1,0.19,-0.67,-0.67
USDCHF,2024.02.08 21:45:00,2024.02.09 10:12:57,1,0.19,-0.67,-0.67
EURGBP,2024.08.12 20:55:01,2024.08.13 09:00:02,1,0.19,-0.67,-0.67
EURGBP,2024.08.08 22:40:00,2024.08.09 09:01:27,1,0.19,-0.67,-0.67
GBPUSD,2023.03.22 19:00:00,2023.03.24 11:09:12,2,0.09,-0.64,-0.32
USDCHF,2024.01.25 20:10:00,2024.01.26 10:46:41,1,0.18,-0.63,-0.63
USDCHF,2024.01.31 22:05:00,2024.02.01 09:01:10,1,0.18,-0.63,-0.63
EURGBP,2024.05.15 18:15:01,2024.05.16 16:07:42,1,0.18,-0.63,-0.63
GBPUSD,2024.03.20 22:00:00,2024.03.21 01:17:21,1,0.18,-0.63,-0.63
EURGBP,2023.01.02 15:50:01,2023.01.05 10:34:33,3,0.06,-0.63,-0.21
USDCHF,2024.02.06 13:30:00,2024.02.07 03:49:38,1,0.18,-0.63,-0.63
USDCHF,2024.02.01 14:35:00,2024.02.02 15:34:47,1,0.18,-0.63,-0.63
USDCHF,2024.02.01 20:05:00,2024.02.02 15:34:47,1,0.18,-0.63,-0.63
EURGBP,2023.01.10 22:10:00,2023.01.13 21:58:46,3,0.06,-0.63,-0.21
GBPUSD,2024.03.19 20:00:00,2024.03.20 21:00:04,1,0.18,-0.63,-0.63
GBPUSD,2024.02.28 19:00:00,2024.02.29 17:01:07,1,0.18,-0.63,-0.63
GBPUSD,2024.02.12 14:00:00,2024.02.13 15:31:51,1,0.18,-0.63,-0.63
EURGBP,2023.01.23 02:05:00,2023.01.26 13:24:57,3,0.06,-0.63,-0.21
GBPUSD,2024.03.13 15:00:00,2024.03.14 12:44:27,1,0.18,-0.63,-0.63
EURGBP,2024.04.03 21:20:00,2024.04.04 03:06:22,1,0.17,-0.6,-0.6
GBPUSD,2024.01.30 03:00:00,2024.01.31 16:39:29,1,0.17,-0.6,-0.6
EURGBP,2024.04.10 22:00:00,2024.04.11 05:57:13,1,0.17,-0.6,-0.6
USDCHF,2024.01.24 03:05:00,2024.01.25 17:27:50,1,0.17,-0.6,-0.6
EURGBP,2024.04.18 00:05:00,2024.04.19 17:43:55,1,0.17,-0.6,-0.6
EURGBP,2024.04.22 13:55:00,2024.04.23 14:59:10,1,0.17,-0.6,-0.6
GBPUSD,2024.01.31 23:00:00,2024.02.01 08:57:28,1,0.17,-0.6,-0.6
EURGBP,2024.04.09 20:50:01,2024.04.10 21:59:55,1,0.17,-0.6,-0.6
USDCHF,2024.01.24 16:50:00,2024.01.25 17:27:50,1,0.17,-0.6,-0.6
EURGBP,2024.03.26 18:55:00,2024.03.27 03:15:04,1,0.16,-0.56,-0.56
EURGBP,2024.03.25 11:25:00,2024.03.26 15:27:52,1,0.16,-0.56,-0.56
USDCHF,2023.01.18 14:10:00,2023.01.20 11:30:21,2,0.08,-0.56,-0.28
EURUSD,2023.01.31 20:00:00,2023.02.01 09:57:41,1,0.16,-0.56,-0.56
USDCHF,2023.11.23 10:35:00,2023.11.24 17:01:55,1,0.15,-0.53,-0.53
USDCHF,2023.12.07 23:50:00,2023.12.08 02:53:31,1,0.15,-0.53,-0.53
USDCHF,2023.08.31 13:40:00,2023.09.01 15:32:04,1,0.15,-0.53,-0.53
USDCHF,2023.08.28 13:25:00,2023.08.29 04:30:52,1,0.15,-0.53,-0.53
USDCHF,2023.08.29 21:20:01,2023.08.30 07:59:21,1,0.15,-0.53,-0.53
USDCHF,2023.08.30 10:25:00,2023.08.31 10:45:48,1,0.15,-0.53,-0.53
GBPUSD,2023.12.11 20:00:00,2023.12.12 16:33:25,1,0.15,-0.53,-0.53
GBPUSD,2023.12.13 22:00:00,2023.12.14 02:53:07,1,0.15,-0.53,-0.53
GBPUSD,2023.12.27 11:00:00,2023.12.28 20:14:56,1,0.15,-0.53,-0.53
GBPUSD,2024.01.03 22:00:00,2024.01.04 12:01:33,1,0.15,-0.53,-0.53
EURGBP,2023.02.13 13:25:01,2023.02.15 09:01:46,2,0.07,-0.5,-0.25
USDCHF,2023.08.09 20:10:00,2023.08.10 10:03:45,1,0.14,-0.49,-0.49
USDCHF,2023.08.16 21:35:00,2023.08.17 14:35:41,1,0.14,-0.49,-0.49
USDCHF,2023.08.14 22:40:00,2023.08.15 04:24:11,1,0.14,-0.49,-0.49
GBPUSD,2023.08.31 12:00:00,2023.09.01 17:53:51,1,0.14,-0.49,-0.49
USDCHF,2023.08.21 23:30:00,2023.08.22 15:44:17,1,0.14,-0.49,-0.49
USDCHF,2023.08.23 15:10:01,2023.08.24 11:40:31,1,0.14,-0.49,-0.49
EURGBP,2024.01.02 12:45:01,2024.01.03 11:43:43,1,0.13,-0.46,-0.46
USDCHF,2023.07.04 13:35:00,2023.07.05 09:29:32,1,0.13,-0.46,-0.46
USDCHF,2023.08.08 11:50:00,2023.08.09 09:38:10,1,0.13,-0.46,-0.46
USDCHF,2023.08.03 23:05:00,2023.08.04 01:16:43,1,0.13,-0.46,-0.46
GBPUSD,2023.08.21 15:00:00,2023.08.22 04:27:10,1,0.13,-0.46,-0.46
EURGBP,2023.12.14 22:45:00,2023.12.15 04:52:01,1,0.13,-0.46,-0.46
EURGBP,2023.12.28 14:15:00,2023.12.29 07:57:09,1,0.13,-0.46,-0.46
EURGBP,2023.11.22 23:30:00,2023.11.23 10:15:13,1,0.12,-0.42,-0.42
USDCHF,2023.06.27 23:30:00,2023.06.28 04:20:32,1,0.12,-0.42,-0.42
GBPUSD,2023.08.03 20:00:00,2023.08.04 04:02:29,1,0.12,-0.42,-0.42
EURGBP,2023.11.13 19:35:00,2023.11.14 12:36:04,1,0.12,-0.42,-0.42
EURGBP,2023.11.14 15:35:00,2023.11.15 09:02:59,1,0.12,-0.42,-0.42
EURGBP,2023.01.03 14:45:00,2023.01.05 10:34:33,2,0.06,-0.42,-0.21
EURGBP,2023.01.24 14:15:00,2023.01.26 13:24:57,2,0.06,-0.42,-0.21
EURGBP,2023.11.23 11:35:00,2023.11.24 09:35:20,1,0.12,-0.42,-0.42
EURGBP,2023.11.08 17:25:00,2023.11.09 11:01:46,1,0.12,-0.42,-0.42
USDCHF,2023.06.21 22:05:00,2023.06.22 10:30:10,1,0.12,-0.42,-0.42
USDCHF,2023.05.09 22:55:00,2023.05.10 13:22:12,1,0.11,-0.39,-0.39
USDCHF,2023.05.11 07:45:00,2023.05.12 10:19:08,1,0.11,-0.39,-0.39
USDCHF,2023.05.10 23:55:00,2023.05.11 05:27:41,1,0.11,-0.39,-0.39
USDCHF,2023.06.14 20:30:01,2023.06.15 07:06:46,1,0.11,-0.39,-0.39
USDCHF,2023.05.17 21:25:07,2023.05.18 08:00:43,1,0.11,-0.39,-0.39
USDCHF,2023.05.04 18:15:00,2023.05.05 10:14:52,1,0.11,-0.39,-0.39
USDCHF,2023.05.16 19:15:00,2023.05.17 05:59:53,1,0.11,-0.39,-0.39
USDCHF,2023.04.27 13:50:00,2023.04.28 17:31:35,1,0.11,-0.39,-0.39
USDCHF,2023.05.01 20:25:10,2023.05.02 04:12:25,1,0.11,-0.39,-0.39
GBPUSD,2023.06.26 11:00:00,2023.06.27 09:55:36,1,0.11,-0.39,-0.39
EURGBP,2023.11.01 10:25:00,2023.11.02 13:05:00,1,0.11,-0.39,-0.39
USDCHF,2023.05.03 13:20:00,2023.05.04 15:31:30,1,0.11,-0.39,-0.39
USDCHF,2023.05.25 20:35:01,2023.05.26 01:23:49,1,0.11,-0.39,-0.39
USDCHF,2023.05.24 22:00:00,2023.05.25 05:58:46,1,0.11,-0.39,-0.39
USDCHF,2023.05.29 10:10:01,2023.05.30 08:24:18,1,0.11,-0.39,-0.39
USDCHF,2023.05.31 12:30:00,2023.06.01 14:13:09,1,0.11,-0.39,-0.39
USDCHF,2023.06.06 22:40:04,2023.06.07 09:21:57,1,0.11,-0.39,-0.39
USDCHF,2023.06.01 22:10:00,2023.06.02 14:56:29,1,0.11,-0.39,-0.39
USDCHF,2023.05.22 00:40:04,2023.05.23 10:26:41,1,0.11,-0.39,-0.39
USDCHF,2023.05.23 21:25:00,2023.05.24 03:30:38,1,0.11,-0.39,-0.39
USDCHF,2023.05.18 18:50:00,2023.05.19 14:59:36,1,0.11,-0.39,-0.39
USDCHF,2023.05.18 09:25:00,2023.05.19 14:59:36,1,0.11,-0.39,-0.39
USDCHF,2023.03.28 10:45:00,2023.03.29 12:17:40,1,0.1,-0.35,-0.35
USDCHF,2023.04.05 21:30:04,2023.04.06 10:10:00,1,0.1,-0.35,-0.35
USDCHF,2023.03.30 18:40:00,2023.03.31 08:30:34,1,0.1,-0.35,-0.35
USDCHF,2023.04.03 23:40:02,2023.04.04 04:50:17,1,0.1,-0.35,-0.35
USDCHF,2023.04.06 22:05:02,2023.04.07 15:13:10,1,0.1,-0.35,-0.35
USDCHF,2023.04.10 01:25:00,2023.04.11 10:00:23,1,0.1,-0.35,-0.35
USDCHF,2023.04.17 22:00:00,2023.04.18 03:24:49,1,0.1,-0.35,-0.35
GBPUSD,2023.05.01 12:00:00,2023.05.02 11:06:51,1,0.1,-0.35,-0.35
GBPUSD,2023.05.08 22:00:01,2023.05.09 16:06:21,1,0.1,-0.35,-0.35
USDCHF,2023.04.18 04:25:00,2023.04.19 09:25:33,1,0.1,-0.35,-0.35
USDCHF,2023.04.10 18:10:00,2023.04.11 10:00:23,1,0.1,-0.35,-0.35
USDCHF,2023.03.23 07:10:00,2023.03.24 13:59:57,1,0.09,-0.32,-0.32
USDCHF,2023.03.20 21:30:00,2023.03.21 12:53:03,1,0.09,-0.32,-0.32
USDCHF,2023.03.13 17:30:00,2023.03.14 16:39:24,1,0.09,-0.32,-0.32
GBPUSD,2023.03.23 14:00:01,2023.03.24 11:09:12,1,0.09,-0.32,-0.32
USDCHF,2023.03.13 08:40:00,2023.03.14 16:39:24,1,0.09,-0.32,-0.32
GBPUSD,2023.04.05 18:00:00,2023.04.06 04:17:31,1,0.09,-0.32,-0.32
EURGBP,2023.05.02 18:05:00,2023.05.03 18:24:50,1,0.09,-0.32,-0.32
EURGBP,2023.05.01 03:55:00,2023.05.02 18:04:17,1,0.09,-0.32,-0.32
EURGBP,2023.04.26 18:00:00,2023.04.27 09:11:01,1,0.09,-0.32,-0.32
EURGBP,2023.04.25 19:30:00,2023.04.26 11:17:53,1,0.09,-0.32,-0.32
GBPUSD,2023.03.08 23:00:00,2023.03.09 07:14:04,1,0.08,-0.28,-0.28
USDCHF,2023.01.05 20:25:00,2023.01.06 15:30:09,1,0.08,-0.28,-0.28
USDCHF,2023.01.04 04:50:00,2023.01.05 15:38:13,1,0.08,-0.28,-0.28
GBPUSD,2023.03.06 14:00:00,2023.03.07 13:41:18,1,0.08,-0.28,-0.28
GBPUSD,2023.02.28 23:00:00,2023.03.01 00:06:09,1,0.08,-0.28,-0.28
USDCHF,2023.01.09 07:10:00,2023.01.10 14:42:40,1,0.08,-0.28,-0.28
USDCHF,2023.01.03 23:35:02,2023.01.04 01:29:21,1,0.08,-0.28,-0.28
USDCHF,2023.01.04 14:05:00,2023.01.05 15:38:13,1,0.08,-0.28,-0.28
USDCHF,2023.02.14 17:55:00,2023.02.15 05:43:35,1,0.08,-0.28,-0.28
EURGBP,2023.04.24 17:35:00,2023.04.25 07:22:18,1,0.08,-0.28,-0.28
USDCHF,2023.01.31 22:05:00,2023.02.01 02:11:49,1,0.08,-0.28,-0.28
USDCHF,2023.02.15 15:50:00,2023.02.16 03:42:12,1,0.08,-0.28,-0.28
USDCHF,2023.01.24 13:40:00,2023.01.25 04:32:18,1,0.08,-0.28,-0.28
USDCHF,2023.01.09 19:20:00,2023.01.10 14:42:40,1,0.08,-0.28,-0.28
USDCHF,2023.01.23 14:50:00,2023.01.24 09:29:47,1,0.08,-0.28,-0.28
GBPUSD,2023.02.09 23:00:00,2023.02.10 03:33:24,1,0.08,-0.28,-0.28
GBPUSD,2023.02.07 20:00:00,2023.02.08 09:57:07,1,0.08,-0.28,-0.28
EURGBP,2023.04.18 21:20:01,2023.04.19 09:00:07,1,0.08,-0.28,-0.28
EURGBP,2023.04.10 23:05:06,2023.04.11 08:38:26,1,0.08,-0.28,-0.28
USDCHF,2023.01.25 22:25:00,2023.01.26 11:08:02,1,0.08,-0.28,-0.28
USDCHF,2023.01.26 23:45:00,2023.01.27 04:27:25,1,0.08,-0.28,-0.28
EURGBP,2023.02.27 23:15:00,2023.02.28 09:45:11,1,0.07,-0.25,-0.25
EURGBP,2023.03.15 22:15:00,2023.03.16 03:02:32,1,0.07,-0.25,-0.25
EURGBP,2023.02.22 20:00:00,2023.02.23 03:55:08,1,0.07,-0.25,-0.25
EURGBP,2023.02.14 13:55:00,2023.02.15 09:01:46,1,0.07,-0.25,-0.25
EURGBP,2023.03.16 20:30:00,2023.03.17 01:18:53,1,0.07,-0.25,-0.25
EURGBP,2023.03.22 16:40:00,2023.03.23 15:00:41,1,0.07,-0.25,-0.25
EURGBP,2023.03.21 18:30:00,2023.03.22 09:40:09,1,0.07,-0.25,-0.25
EURGBP,2023.03.21 13:40:01,2023.03.22 09:40:09,1,0.07,-0.25,-0.25
EURGBP,2023.03.13 20:35:00,2023.03.14 18:43:21,1,0.07,-0.25,-0.25
GBPUSD,2023.01.03 17:00:00,2023.01.04 10:04:56,1,0.07,-0.25,-0.25
EURGBP,2023.03.14 23:25:00,2023.03.15 12:18:56,1,0.07,-0.25,-0.25
EURGBP,2023.02.21 17:50:00,2023.02.22 10:38:21,1,0.07,-0.25,-0.25
USDCHF,2023.01.02 09:55:00,2023.01.03 01:14:36,1,0.07,-0.25,-0.25
EURGBP,2023.02.09 20:25:00,2023.02.10 10:52:27,1,0.07,-0.25,-0.25
EURGBP,2023.01.12 16:45:00,2023.01.13 21:58:45,1,0.06,-0.21,-0.21
EURGBP,2023.01.26 19:25:00,2023.01.27 03:10:36,1,0.06,-0.21,-0.21
EURGBP,2023.01.16 08:00:00,2023.01.17 11:31:21,1,0.06,-0.21,-0.21
EURGBP,2023.01.09 04:15:00,2023.01.10 09:26:14,1,0.06,-0.21,-0.21
USDCHF,2026.05.29 17:35:00,2026.05.29 17:39:25,0,0.94,0.0,0.0
EURGBP,2026.05.29 13:10:11,2026.05.29 14:47:08,0,0.75,0.0,0.0
USDCHF,2026.05.29 12:15:00,2026.05.29 13:14:09,0,0.94,0.0,0.0
USDCHF,2026.05.29 10:40:01,2026.05.29 11:50:58,0,0.94,0.0,0.0
USDCHF,2026.05.29 08:00:00,2026.05.29 09:14:49,0,0.94,0.0,0.0
EURGBP,2026.05.28 17:15:00,2026.05.28 17:19:08,0,0.75,0.0,0.0
EURGBP,2026.05.28 16:00:00,2026.05.28 17:13:55,0,0.75,0.0,0.0
GBPUSD,2026.05.28 16:00:00,2026.05.28 17:13:00,0,0.87,0.0,0.0
EURUSD,2026.05.28 15:00:00,2026.05.28 15:30:14,0,1.86,0.0,0.0
EURGBP,2026.05.28 12:45:01,2026.05.28 14:15:51,0,0.74,0.0,0.0
EURGBP,2026.05.28 08:15:02,2026.05.28 12:43:36,0,0.74,0.0,0.0
EURUSD,2023.01.05 16:00:00,2023.01.05 16:56:26,0,0.15,0.0,0.0
EURGBP,2023.01.05 14:50:00,2023.01.05 15:00:54,0,0.06,0.0,0.0
EURGBP,2023.01.05 12:35:00,2023.01.05 14:46:28,0,0.06,0.0,0.0
GBPUSD,2023.01.05 09:00:00,2023.01.05 09:48:34,0,0.07,0.0,0.0
EURUSD,2023.01.04 10:00:00,2023.01.04 10:06:26,0,0.15,0.0,0.0
USDCHF,2023.01.04 02:10:00,2023.01.04 02:51:33,0,0.08,0.0,0.0
USDCHF,2023.01.03 20:45:00,2023.01.03 21:43:24,0,0.08,0.0,0.0
USDCHF,2023.01.03 17:30:00,2023.01.03 17:33:02,0,0.08,0.0,0.0
USDCHF,2023.01.03 14:35:00,2023.01.03 15:09:58,0,0.08,0.0,0.0
USDCHF,2024.01.30 21:10:00,2024.01.30 22:01:04,0,0.18,0.0,0.0
USDCHF,2024.01.30 17:05:00,2024.01.30 17:05:47,0,0.18,0.0,0.0
EURUSD,2024.01.30 03:00:00,2024.01.30 16:33:09,0,0.36,0.0,0.0
USDCHF,2024.01.30 12:50:00,2024.01.30 16:04:01,0,0.18,0.0,0.0
USDCHF,2024.01.30 10:15:00,2024.01.30 10:22:00,0,0.18,0.0,0.0
USDCHF,2024.01.30 07:20:02,2024.01.30 10:00:54,0,0.18,0.0,0.0
USDCHF,2024.01.29 18:05:00,2024.01.29 21:33:49,0,0.18,0.0,0.0
USDCHF,2024.01.29 07:25:03,2024.01.29 16:30:01,0,0.18,0.0,0.0
EURUSD,2024.01.29 12:00:00,2024.01.29 16:14:57,0,0.35,0.0,0.0
GBPUSD,2024.01.29 02:00:00,2024.01.29 15:21:03,0,0.16,0.0,0.0
USDCHF,2024.01.26 17:10:00,2024.01.26 17:30:24,0,0.18,0.0,0.0
USDCHF,2024.01.26 15:30:00,2024.01.26 15:30:09,0,0.18,0.0,0.0
EURUSD,2024.01.26 13:00:00,2024.01.26 15:30:09,0,0.35,0.0,0.0
USDCHF,2024.01.26 14:30:00,2024.01.26 14:40:33,0,0.18,0.0,0.0
GBPUSD,2024.01.26 12:00:00,2024.01.26 12:08:21,0,0.16,0.0,0.0
GBPUSD,2024.01.25 18:00:00,2024.01.25 19:36:22,0,0.16,0.0,0.0
GBPUSD,2024.01.25 03:00:00,2024.01.25 17:50:14,0,0.16,0.0,0.0
EURUSD,2024.01.25 17:00:00,2024.01.25 17:16:20,0,0.35,0.0,0.0
EURUSD,2024.01.24 12:00:00,2024.01.24 15:32:29,0,0.35,0.0,0.0
GBPUSD,2024.01.24 10:00:00,2024.01.24 10:05:03,0,0.16,0.0,0.0
USDCHF,2024.01.23 18:05:00,2024.01.23 23:22:21,0,0.17,0.0,0.0
EURUSD,2024.01.23 13:00:00,2024.01.23 16:41:47,0,0.34,0.0,0.0
GBPUSD,2024.01.23 14:00:00,2024.01.23 16:05:46,0,0.16,0.0,0.0
EURUSD,2024.01.22 00:00:05,2024.01.22 04:21:46,0,0.34,0.0,0.0
EURUSD,2024.02.01 17:00:00,2024.02.01 18:07:59,0,0.36,0.0,0.0
GBPUSD,2024.02.01 18:00:00,2024.02.01 18:04:09,0,0.17,0.0,0.0
USDCHF,2024.02.01 10:25:00,2024.02.01 10:47:18,0,0.18,0.0,0.0
EURUSD,2024.01.31 05:00:00,2024.01.31 22:03:47,0,0.36,0.0,0.0
USDCHF,2024.01.31 21:40:00,2024.01.31 21:41:54,0,0.18,0.0,0.0
USDCHF,2024.01.31 18:10:00,2024.01.31 18:26:40,0,0.18,0.0,0.0
USDCHF,2024.01.31 13:50:00,2024.01.31 15:15:01,0,0.18,0.0,0.0
USDCHF,2024.01.31 12:40:00,2024.01.31 12:47:56,0,0.18,0.0,0.0
USDCHF,2024.01.31 06:20:01,2024.01.31 10:26:22,0,0.18,0.0,0.0
USDCHF,2024.01.31 02:45:00,2024.01.31 04:03:04,0,0.18,0.0,0.0
GBPUSD,2024.02.08 14:00:00,2024.02.08 14:30:03,0,0.17,0.0,0.0
USDCHF,2024.02.08 03:35:00,2024.02.08 13:18:46,0,0.19,0.0,0.0
USDCHF,2024.02.07 18:10:00,2024.02.07 18:21:21,0,0.19,0.0,0.0
USDCHF,2024.02.07 15:05:00,2024.02.07 15:32:20,0,0.19,0.0,0.0
EURUSD,2024.02.07 03:00:00,2024.02.07 14:57:10,0,0.37,0.0,0.0
USDCHF,2024.02.07 10:05:00,2024.02.07 10:12:44,0,0.18,0.0,0.0
USDCHF,2024.02.07 05:50:00,2024.02.07 10:00:21,0,0.18,0.0,0.0
GBPUSD,2024.02.06 15:00:00,2024.02.06 16:44:34,0,0.17,0.0,0.0
USDCHF,2024.02.05 01:05:00,2024.02.05 02:26:48,0,0.18,0.0,0.0
USDCHF,2024.02.02 20:45:00,2024.02.02 21:45:25,0,0.18,0.0,0.0
EURUSD,2024.02.02 16:00:00,2024.02.02 17:12:32,0,0.37,0.0,0.0
GBPUSD,2024.02.02 16:00:00,2024.02.02 16:03:01,0,0.17,0.0,0.0
EURUSD,2024.02.13 14:00:00,2024.02.13 15:09:05,0,0.38,0.0,0.0
USDCHF,2024.02.13 14:15:00,2024.02.13 14:37:13,0,0.19,0.0,0.0
USDCHF,2024.02.13 13:05:00,2024.02.13 13:55:25,0,0.19,0.0,0.0
USDCHF,2024.02.13 12:00:00,2024.02.13 12:00:24,0,0.19,0.0,0.0
USDCHF,2024.02.13 09:35:00,2024.02.13 09:36:11,0,0.19,0.0,0.0
USDCHF,2024.02.13 07:15:00,2024.02.13 09:03:56,0,0.19,0.0,0.0
USDCHF,2024.02.12 18:15:01,2024.02.12 19:58:45,0,0.19,0.0,0.0
EURUSD,2024.02.12 11:00:00,2024.02.12 17:16:14,0,0.38,0.0,0.0
USDCHF,2024.02.12 10:40:00,2024.02.12 10:49:21,0,0.19,0.0,0.0
GBPUSD,2024.02.09 10:00:00,2024.02.09 17:07:51,0,0.17,0.0,0.0
USDCHF,2024.02.08 18:15:00,2024.02.08 18:56:43,0,0.19,0.0,0.0
EURUSD,2024.02.08 14:00:00,2024.02.08 15:42:45,0,0.37,0.0,0.0
EURUSD,2024.01.18 15:00:00,2024.01.18 15:30:00,0,0.34,0.0,0.0
EURUSD,2024.01.18 02:00:00,2024.01.18 04:19:13,0,0.34,0.0,0.0
GBPUSD,2024.01.11 12:00:00,2024.01.11 15:30:01,0,0.16,0.0,0.0
EURUSD,2024.01.10 12:00:00,2024.01.10 17:41:11,0,0.33,0.0,0.0
GBPUSD,2024.01.10 12:00:00,2024.01.10 15:14:20,0,0.16,0.0,0.0
EURUSD,2024.01.09 13:00:00,2024.01.09 17:57:05,0,0.33,0.0,0.0
GBPUSD,2024.01.09 13:00:00,2024.01.09 13:17:50,0,0.15,0.0,0.0
EURUSD,2024.01.05 17:00:00,2024.01.05 17:01:07,0,0.33,0.0,0.0
GBPUSD,2024.01.05 17:00:00,2024.01.05 17:00:01,0,0.15,0.0,0.0
GBPUSD,2024.01.05 09:00:00,2024.01.05 11:00:34,0,0.15,0.0,0.0
EURUSD,2024.01.05 09:00:00,2024.01.05 10:32:09,0,0.33,0.0,0.0
GBPUSD,2024.02.28 06:00:00,2024.02.28 11:37:08,0,0.18,0.0,0.0
GBPUSD,2024.02.20 13:00:00,2024.02.20 15:30:10,0,0.18,0.0,0.0
GBPUSD,2024.02.19 16:00:00,2024.02.19 17:48:49,0,0.18,0.0,0.0
GBPUSD,2024.02.16 16:00:00,2024.02.16 16:16:06,0,0.18,0.0,0.0
GBPUSD,2024.02.15 17:00:00,2024.02.15 17:08:23,0,0.18,0.0,0.0
USDCHF,2024.02.14 11:55:00,2024.02.14 14:55:18,0,0.19,0.0,0.0
USDCHF,2024.02.14 09:00:00,2024.02.14 09:03:10,0,0.19,0.0,0.0
USDCHF,2024.02.14 04:05:00,2024.02.14 07:19:00,0,0.19,0.0,0.0
GBPUSD,2024.02.13 16:00:00,2024.02.13 16:01:52,0,0.18,0.0,0.0
USDCHF,2024.02.13 15:35:00,2024.02.13 15:35:47,0,0.19,0.0,0.0
EURUSD,2024.01.04 11:00:00,2024.01.04 11:49:23,0,0.33,0.0,0.0
EURGBP,2024.01.03 12:40:00,2024.01.03 12:50:19,0,0.13,0.0,0.0
EURGBP,2024.01.02 09:55:00,2024.01.02 12:00:09,0,0.13,0.0,0.0
EURGBP,2024.01.02 09:20:01,2024.01.02 09:26:24,0,0.13,0.0,0.0
EURGBP,2023.12.29 21:50:02,2023.12.29 23:54:06,0,0.13,0.0,0.0
EURGBP,2023.12.29 18:00:00,2023.12.29 18:05:35,0,0.13,0.0,0.0
EURGBP,2023.12.29 09:10:04,2023.12.29 17:57:58,0,0.13,0.0,0.0
GBPUSD,2023.12.28 15:00:00,2023.12.28 20:14:56,0,0.15,0.0,0.0
EURUSD,2023.12.28 16:00:00,2023.12.28 20:08:42,0,0.32,0.0,0.0
GBPUSD,2023.12.21 14:00:00,2023.12.21 15:36:07,0,0.15,0.0,0.0
USDCHF,2024.03.15 15:45:00,2024.03.15 17:45:12,0,0.19,0.0,0.0
GBPUSD,2024.03.14 17:00:00,2024.03.14 17:17:12,0,0.18,0.0,0.0
GBPUSD,2024.03.11 16:00:00,2024.03.11 17:28:47,0,0.18,0.0,0.0
USDCHF,2024.03.05 10:05:00,2024.03.05 11:27:06,0,0.19,0.0,0.0
USDCHF,2024.03.04 15:55:00,2024.03.04 16:58:20,0,0.19,0.0,0.0
GBPUSD,2024.03.01 18:00:00,2024.03.01 21:30:21,0,0.18,0.0,0.0
USDCHF,2024.03.01 02:10:00,2024.03.01 19:34:50,0,0.19,0.0,0.0
GBPUSD,2024.03.21 12:00:00,2024.03.21 14:27:52,0,0.18,0.0,0.0
USDCHF,2024.03.21 05:35:00,2024.03.21 11:30:03,0,0.19,0.0,0.0
USDCHF,2024.03.20 21:05:00,2024.03.20 21:05:24,0,0.19,0.0,0.0
USDCHF,2024.03.20 14:05:00,2024.03.20 21:00:04,0,0.19,0.0,0.0
USDCHF,2024.03.20 10:55:00,2024.03.20 11:01:49,0,0.19,0.0,0.0
USDCHF,2024.03.18 15:35:00,2024.03.18 15:54:00,0,0.19,0.0,0.0
USDCHF,2024.03.18 13:45:04,2024.03.18 14:05:29,0,0.19,0.0,0.0
USDCHF,2024.03.18 06:55:00,2024.03.18 09:39:21,0,0.19,0.0,0.0
EURGBP,2023.12.20 13:40:02,2023.12.20 14:00:54,0,0.13,0.0,0.0
EURUSD,2023.12.20 13:00:00,2023.12.20 13:56:09,0,0.32,0.0,0.0
GBPUSD,2023.12.20 10:00:00,2023.12.20 12:38:53,0,0.15,0.0,0.0
EURGBP,2023.12.20 12:00:00,2023.12.20 12:09:58,0,0.13,0.0,0.0
GBPUSD,2023.12.19 12:00:00,2023.12.19 12:52:43,0,0.15,0.0,0.0
EURGBP,2023.12.18 18:50:00,2023.12.18 22:32:52,0,0.13,0.0,0.0
EURGBP,2023.12.18 17:30:00,2023.12.18 17:40:45,0,0.13,0.0,0.0
EURGBP,2023.12.18 16:30:00,2023.12.18 16:35:46,0,0.13,0.0,0.0
EURGBP,2023.12.18 13:30:00,2023.12.18 14:32:21,0,0.13,0.0,0.0
GBPUSD,2023.12.15 16:00:00,2023.12.15 17:45:07,0,0.15,0.0,0.0
EURUSD,2023.12.15 11:00:00,2023.12.15 14:59:25,0,0.32,0.0,0.0
EURGBP,2023.12.15 05:05:02,2023.12.15 07:24:11,0,0.13,0.0,0.0
EURGBP,2024.03.27 05:20:00,2024.03.27 10:21:30,0,0.16,0.0,0.0
EURGBP,2024.03.26 15:30:00,2024.03.26 18:41:47,0,0.16,0.0,0.0
EURUSD,2024.03.25 06:00:00,2024.03.25 16:12:48,0,0.4,0.0,0.0
GBPUSD,2024.03.25 14:00:00,2024.03.25 14:51:51,0,0.19,0.0,0.0
EURGBP,2024.03.25 10:35:01,2024.03.25 11:21:37,0,0.16,0.0,0.0
EURGBP,2024.03.22 17:30:00,2024.03.22 19:32:26,0,0.16,0.0,0.0
EURGBP,2024.03.22 10:35:00,2024.03.22 15:57:47,0,0.16,0.0,0.0
EURGBP,2023.12.14 19:30:00,2023.12.14 20:03:49,0,0.13,0.0,0.0
EURGBP,2023.12.14 16:15:00,2023.12.14 19:29:33,0,0.13,0.0,0.0
EURGBP,2023.12.14 14:20:00,2023.12.14 15:15:47,0,0.13,0.0,0.0
EURGBP,2023.12.14 14:05:00,2023.12.14 14:16:02,0,0.13,0.0,0.0
EURGBP,2023.12.14 13:55:00,2023.12.14 14:00:06,0,0.13,0.0,0.0
EURGBP,2023.12.14 11:25:00,2023.12.14 12:45:56,0,0.13,0.0,0.0
EURGBP,2023.12.14 10:20:00,2023.12.14 10:49:45,0,0.13,0.0,0.0
EURUSD,2023.12.12 11:00:00,2023.12.12 12:26:18,0,0.31,0.0,0.0
USDCHF,2023.12.11 15:25:00,2023.12.11 17:07:37,0,0.16,0.0,0.0
GBPUSD,2024.04.08 06:00:00,2024.04.08 16:41:00,0,0.19,0.0,0.0
EURGBP,2024.04.03 17:45:02,2024.04.03 17:58:06,0,0.16,0.0,0.0
EURGBP,2024.04.03 16:05:04,2024.04.03 17:44:47,0,0.16,0.0,0.0
GBPUSD,2024.04.02 12:00:00,2024.04.02 12:07:55,0,0.19,0.0,0.0
GBPUSD,2024.04.01 17:00:00,2024.04.01 17:03:00,0,0.19,0.0,0.0
EURGBP,2024.03.27 15:05:00,2024.03.27 15:17:59,0,0.16,0.0,0.0
EURGBP,2024.03.27 13:10:00,2024.03.27 15:04:23,0,0.16,0.0,0.0
EURGBP,2024.03.27 10:45:00,2024.03.27 11:33:39,0,0.16,0.0,0.0
GBPUSD,2024.04.18 17:00:00,2024.04.18 20:17:36,0,0.2,0.0,0.0
EURUSD,2024.04.18 16:00:00,2024.04.18 16:41:42,0,0.43,0.0,0.0
GBPUSD,2024.04.16 15:00:00,2024.04.16 15:38:07,0,0.2,0.0,0.0
EURUSD,2024.04.16 13:00:00,2024.04.16 14:52:56,0,0.42,0.0,0.0
GBPUSD,2024.04.15 18:00:00,2024.04.15 20:48:44,0,0.2,0.0,0.0
GBPUSD,2024.04.15 13:00:00,2024.04.15 13:57:43,0,0.2,0.0,0.0
GBPUSD,2024.04.11 11:00:00,2024.04.11 15:50:23,0,0.2,0.0,0.0
EURUSD,2024.04.10 16:00:00,2024.04.10 16:12:34,0,0.42,0.0,0.0
GBPUSD,2024.04.10 16:00:00,2024.04.10 16:03:36,0,0.2,0.0,0.0
USDCHF,2023.12.11 10:00:00,2023.12.11 14:39:50,0,0.16,0.0,0.0
GBPUSD,2023.12.11 13:00:00,2023.12.11 13:33:42,0,0.15,0.0,0.0
USDCHF,2023.12.11 07:50:00,2023.12.11 09:13:17,0,0.16,0.0,0.0
USDCHF,2023.12.11 05:25:00,2023.12.11 06:47:18,0,0.16,0.0,0.0
USDCHF,2023.12.08 19:35:01,2023.12.08 22:28:23,0,0.16,0.0,0.0
USDCHF,2023.12.08 17:55:00,2023.12.08 18:15:12,0,0.16,0.0,0.0
USDCHF,2023.12.08 17:20:00,2023.12.08 17:28:28,0,0.15,0.0,0.0
EURUSD,2023.12.08 16:00:00,2023.12.08 16:26:32,0,0.31,0.0,0.0
GBPUSD,2023.12.08 12:00:00,2023.12.08 15:30:01,0,0.14,0.0,0.0
USDCHF,2023.12.08 12:10:00,2023.12.08 15:12:47,0,0.15,0.0,0.0
USDCHF,2023.12.08 10:35:00,2023.12.08 10:47:53,0,0.15,0.0,0.0
USDCHF,2023.12.08 06:55:03,2023.12.08 09:36:07,0,0.15,0.0,0.0
USDCHF,2023.12.07 22:05:00,2023.12.07 22:46:39,0,0.15,0.0,0.0
USDCHF,2023.12.07 17:30:00,2023.12.07 17:36:37,0,0.15,0.0,0.0
USDCHF,2023.12.07 16:20:00,2023.12.07 16:41:11,0,0.15,0.0,0.0
GBPUSD,2024.05.03 04:00:00,2024.05.03 04:33:51,0,0.2,0.0,0.0
GBPUSD,2024.05.02 17:00:00,2024.05.02 17:02:35,0,0.2,0.0,0.0
GBPUSD,2024.05.01 12:00:00,2024.05.01 21:02:42,0,0.2,0.0,0.0
EURUSD,2024.05.01 12:00:00,2024.05.01 15:57:09,0,0.43,0.0,0.0
GBPUSD,2024.04.19 19:00:00,2024.04.19 19:15:36,0,0.2,0.0,0.0
EURUSD,2024.04.19 10:00:00,2024.04.19 12:31:41,0,0.43,0.0,0.0
GBPUSD,2024.04.19 10:00:00,2024.04.19 10:09:04,0,0.2,0.0,0.0
EURUSD,2023.12.07 10:00:00,2023.12.07 15:54:19,0,0.3,0.0,0.0
USDCHF,2023.12.07 15:40:00,2023.12.07 15:43:43,0,0.15,0.0,0.0
GBPUSD,2023.12.07 10:00:00,2023.12.07 13:01:02,0,0.14,0.0,0.0
GBPUSD,2023.12.04 17:00:00,2023.12.04 17:22:52,0,0.14,0.0,0.0
GBPUSD,2023.12.01 19:00:00,2023.12.01 19:36:13,0,0.14,0.0,0.0
GBPUSD,2023.12.01 12:00:00,2023.12.01 18:33:57,0,0.14,0.0,0.0
GBPUSD,2023.11.29 12:00:00,2023.11.29 17:19:08,0,0.14,0.0,0.0
USDCHF,2023.11.27 03:25:00,2023.11.27 09:02:17,0,0.15,0.0,0.0
USDCHF,2023.11.27 01:05:00,2023.11.27 02:54:40,0,0.15,0.0,0.0
EURGBP,2024.05.15 15:50:00,2024.05.15 16:05:22,0,0.18,0.0,0.0
EURGBP,2024.05.15 15:40:00,2024.05.15 15:44:03,0,0.18,0.0,0.0
EURGBP,2024.05.15 14:00:00,2024.05.15 15:30:02,0,0.18,0.0,0.0
EURGBP,2024.05.15 12:35:03,2024.05.15 13:52:19,0,0.18,0.0,0.0
GBPUSD,2024.05.09 16:00:00,2024.05.09 17:31:22,0,0.2,0.0,0.0
EURGBP,2024.05.07 15:10:03,2024.05.07 15:32:09,0,0.18,0.0,0.0
EURGBP,2024.05.07 12:25:00,2024.05.07 13:03:10,0,0.18,0.0,0.0
EURGBP,2024.05.07 10:40:00,2024.05.07 12:19:38,0,0.18,0.0,0.0
USDCHF,2023.11.23 06:50:00,2023.11.23 10:15:00,0,0.15,0.0,0.0
USDCHF,2023.11.23 02:25:07,2023.11.23 03:50:15,0,0.15,0.0,0.0
EURGBP,2023.11.22 17:35:01,2023.11.22 20:11:50,0,0.12,0.0,0.0
USDCHF,2023.11.22 18:25:01,2023.11.22 19:14:46,0,0.15,0.0,0.0
USDCHF,2023.11.22 15:45:00,2023.11.22 16:02:00,0,0.15,0.0,0.0
EURGBP,2023.11.22 10:50:00,2023.11.22 15:19:06,0,0.12,0.0,0.0
USDCHF,2023.11.22 11:35:00,2023.11.22 11:38:53,0,0.15,0.0,0.0
EURGBP,2023.11.22 09:15:00,2023.11.22 10:25:03,0,0.12,0.0,0.0
EURGBP,2023.11.22 00:00:00,2023.11.22 08:14:22,0,0.12,0.0,0.0
USDCHF,2024.06.13 01:20:00,2024.06.13 04:37:52,0,0.22,0.0,0.0
USDCHF,2024.06.12 17:10:00,2024.06.12 21:00:01,0,0.22,0.0,0.0
EURUSD,2024.06.12 13:00:00,2024.06.12 15:21:38,0,0.44,0.0,0.0
USDCHF,2024.06.04 08:55:00,2024.06.04 09:31:59,0,0.22,0.0,0.0
USDCHF,2024.06.04 08:05:02,2024.06.04 08:37:35,0,0.22,0.0,0.0
USDCHF,2024.06.04 04:00:00,2024.06.04 04:36:54,0,0.22,0.0,0.0
USDCHF,2024.06.04 00:00:00,2024.06.04 02:51:35,0,0.22,0.0,0.0
USDCHF,2024.06.03 22:05:01,2024.06.03 22:30:11,0,0.22,0.0,0.0
USDCHF,2023.11.20 16:40:00,2023.11.20 16:45:42,0,0.15,0.0,0.0
USDCHF,2023.11.20 05:15:01,2023.11.20 15:36:37,0,0.15,0.0,0.0
EURGBP,2023.11.15 11:25:00,2023.11.15 14:57:33,0,0.12,0.0,0.0
EURGBP,2023.11.15 10:40:00,2023.11.15 10:54:48,0,0.12,0.0,0.0
EURGBP,2023.11.15 10:10:00,2023.11.15 10:20:38,0,0.12,0.0,0.0
EURGBP,2023.11.15 09:05:00,2023.11.15 09:29:42,0,0.12,0.0,0.0
EURGBP,2023.11.14 13:55:00,2023.11.14 14:18:47,0,0.12,0.0,0.0
EURGBP,2023.11.13 14:50:00,2023.11.13 16:14:38,0,0.12,0.0,0.0
EURUSD,2023.11.09 13:00:01,2023.11.09 21:15:43,0,0.3,0.0,0.0
EURUSD,2024.06.25 10:00:00,2024.06.25 14:22:39,0,0.45,0.0,0.0
EURUSD,2024.06.24 11:00:00,2024.06.24 12:31:23,0,0.45,0.0,0.0
USDCHF,2024.06.21 12:05:00,2024.06.21 15:34:59,0,0.22,0.0,0.0
USDCHF,2024.06.21 02:25:19,2024.06.21 10:35:46,0,0.22,0.0,0.0
USDCHF,2024.06.20 17:25:00,2024.06.20 17:47:37,0,0.22,0.0,0.0
EURUSD,2024.06.17 16:00:00,2024.06.17 21:02:00,0,0.45,0.0,0.0
EURUSD,2024.06.13 15:00:00,2024.06.13 17:36:49,0,0.44,0.0,0.0
USDCHF,2024.06.13 15:20:00,2024.06.13 15:30:01,0,0.22,0.0,0.0
USDCHF,2024.06.13 13:20:00,2024.06.13 13:48:56,0,0.22,0.0,0.0
USDCHF,2024.06.13 09:00:00,2024.06.13 11:11:17,0,0.22,0.0,0.0
EURUSD,2023.11.08 17:00:00,2023.11.08 17:53:23,0,0.29,0.0,0.0
EURGBP,2023.11.08 15:10:00,2023.11.08 17:10:56,0,0.12,0.0,0.0
EURGBP,2023.11.08 12:40:00,2023.11.08 14:53:24,0,0.12,0.0,0.0
EURGBP,2023.11.02 17:55:00,2023.11.02 18:08:49,0,0.12,0.0,0.0
EURGBP,2023.11.02 16:00:00,2023.11.02 16:13:07,0,0.12,0.0,0.0
EURGBP,2023.11.02 15:05:00,2023.11.02 15:12:37,0,0.11,0.0,0.0
EURGBP,2023.11.02 14:00:00,2023.11.02 14:29:34,0,0.11,0.0,0.0
EURGBP,2023.10.31 13:00:00,2023.10.31 13:01:27,0,0.11,0.0,0.0
EURGBP,2023.10.31 12:40:00,2023.10.31 12:54:42,0,0.11,0.0,0.0
EURGBP,2023.10.31 12:00:00,2023.10.31 12:27:42,0,0.11,0.0,0.0
EURUSD,2023.09.01 18:00:00,2023.09.01 18:18:21,0,0.3,0.0,0.0
GBPUSD,2023.09.01 18:00:00,2023.09.01 18:11:44,0,0.14,0.0,0.0
EURUSD,2023.09.01 16:00:00,2023.09.01 16:34:25,0,0.3,0.0,0.0
EURUSD,2023.08.31 10:00:00,2023.08.31 10:12:37,0,0.3,0.0,0.0
USDCHF,2024.07.09 05:50:02,2024.07.09 10:01:56,0,0.23,0.0,0.0
USDCHF,2024.07.05 15:30:01,2024.07.05 15:30:19,0,0.23,0.0,0.0
USDCHF,2024.07.05 08:35:03,2024.07.05 15:15:36,0,0.23,0.0,0.0
EURUSD,2024.06.27 09:00:00,2024.06.27 15:37:30,0,0.45,0.0,0.0
GBPUSD,2024.06.27 10:00:00,2024.06.27 13:48:34,0,0.21,0.0,0.0
USDCHF,2024.07.25 17:05:00,2024.07.25 17:11:23,0,0.23,0.0,0.0
USDCHF,2024.07.25 15:35:00,2024.07.25 15:35:52,0,0.23,0.0,0.0
USDCHF,2024.07.25 03:40:00,2024.07.25 04:31:29,0,0.23,0.0,0.0
USDCHF,2024.07.24 20:30:00,2024.07.24 20:40:05,0,0.23,0.0,0.0
USDCHF,2024.07.19 20:55:00,2024.07.19 21:30:44,0,0.23,0.0,0.0
USDCHF,2024.07.19 14:50:00,2024.07.19 17:25:33,0,0.23,0.0,0.0
USDCHF,2024.07.19 11:05:00,2024.07.19 12:55:25,0,0.23,0.0,0.0
USDCHF,2024.07.19 09:40:00,2024.07.19 09:50:35,0,0.23,0.0,0.0
USDCHF,2024.07.16 16:55:00,2024.07.16 18:13:03,0,0.23,0.0,0.0
USDCHF,2023.08.30 08:35:00,2023.08.30 09:39:12,0,0.15,0.0,0.0
EURUSD,2023.08.29 19:00:00,2023.08.29 20:01:18,0,0.29,0.0,0.0
USDCHF,2023.08.29 10:25:01,2023.08.29 17:00:03,0,0.15,0.0,0.0
EURUSD,2023.08.29 10:00:00,2023.08.29 15:18:54,0,0.29,0.0,0.0
USDCHF,2023.08.29 07:45:01,2023.08.29 09:20:13,0,0.15,0.0,0.0
USDCHF,2023.08.28 11:00:00,2023.08.28 11:14:49,0,0.15,0.0,0.0
USDCHF,2023.08.28 02:20:00,2023.08.28 03:47:09,0,0.15,0.0,0.0
USDCHF,2023.08.25 20:05:00,2023.08.25 21:10:12,0,0.15,0.0,0.0
USDCHF,2023.08.25 17:30:00,2023.08.25 17:32:48,0,0.15,0.0,0.0
USDCHF,2023.08.25 16:25:00,2023.08.25 17:27:24,0,0.14,0.0,0.0
EURUSD,2023.08.25 16:00:00,2023.08.25 17:03:51,0,0.29,0.0,0.0
GBPUSD,2023.08.25 14:00:00,2023.08.25 16:01:57,0,0.14,0.0,0.0
USDCHF,2023.08.25 14:05:00,2023.08.25 15:12:16,0,0.14,0.0,0.0
USDCHF,2024.07.31 21:40:00,2024.07.31 21:50:06,0,0.23,0.0,0.0
USDCHF,2024.07.31 05:15:00,2024.07.31 21:00:03,0,0.23,0.0,0.0
USDCHF,2024.07.31 17:15:00,2024.07.31 21:00:03,0,0.23,0.0,0.0
USDCHF,2024.07.29 06:35:01,2024.07.29 08:18:45,0,0.23,0.0,0.0
USDCHF,2024.07.26 18:05:00,2024.07.26 21:50:01,0,0.23,0.0,0.0
USDCHF,2024.07.26 12:30:00,2024.07.26 15:39:50,0,0.23,0.0,0.0
USDCHF,2024.07.26 03:45:00,2024.07.26 09:30:53,0,0.23,0.0,0.0
USDCHF,2024.07.25 19:15:00,2024.07.25 23:33:15,0,0.23,0.0,0.0
EURGBP,2024.08.12 14:30:05,2024.08.12 20:49:53,0,0.19,0.0,0.0
EURGBP,2024.08.09 14:45:00,2024.08.09 17:21:25,0,0.19,0.0,0.0
EURGBP,2024.08.09 09:15:02,2024.08.09 13:07:56,0,0.19,0.0,0.0
EURUSD,2024.08.08 16:00:00,2024.08.08 16:42:58,0,0.47,0.0,0.0
EURGBP,2024.08.02 15:35:00,2024.08.02 16:10:38,0,0.19,0.0,0.0
EURUSD,2024.08.02 12:00:00,2024.08.02 14:13:40,0,0.47,0.0,0.0
USDCHF,2023.08.25 10:55:01,2023.08.25 10:58:55,0,0.14,0.0,0.0
USDCHF,2023.08.25 08:55:00,2023.08.25 09:27:02,0,0.14,0.0,0.0
USDCHF,2023.08.25 01:05:01,2023.08.25 02:06:03,0,0.14,0.0,0.0
USDCHF,2023.08.24 18:25:02,2023.08.24 19:14:23,0,0.14,0.0,0.0
USDCHF,2023.08.24 16:30:00,2023.08.24 16:41:31,0,0.14,0.0,0.0
EURUSD,2023.08.24 13:00:00,2023.08.24 15:33:39,0,0.29,0.0,0.0
GBPUSD,2023.08.24 13:00:00,2023.08.24 14:58:09,0,0.13,0.0,0.0
USDCHF,2023.08.24 07:20:04,2023.08.24 11:40:31,0,0.14,0.0,0.0
GBPUSD,2023.08.23 19:00:00,2023.08.23 19:54:36,0,0.13,0.0,0.0
USDCHF,2023.08.23 14:35:00,2023.08.23 14:41:46,0,0.14,0.0,0.0
USDCHF,2023.08.23 10:35:00,2023.08.23 13:30:04,0,0.14,0.0,0.0
USDCHF,2023.08.23 05:50:00,2023.08.23 10:32:48,0,0.14,0.0,0.0
USDCHF,2023.08.23 00:00:00,2023.08.23 05:06:27,0,0.14,0.0,0.0
GBPUSD,2023.08.22 16:00:00,2023.08.22 16:38:23,0,0.13,0.0,0.0
GBPUSD,2024.08.16 05:00:00,2024.08.16 09:04:40,0,0.23,0.0,0.0
USDCHF,2024.08.15 21:35:00,2024.08.15 22:21:19,0,0.24,0.0,0.0
GBPUSD,2024.08.15 16:00:00,2024.08.15 16:07:15,0,0.22,0.0,0.0
GBPUSD,2024.08.15 10:00:00,2024.08.15 14:41:52,0,0.22,0.0,0.0
GBPUSD,2024.08.14 10:00:00,2024.08.14 11:15:07,0,0.22,0.0,0.0
EURUSD,2024.08.13 16:00:00,2024.08.13 16:40:04,0,0.48,0.0,0.0
EURGBP,2024.08.13 10:55:00,2024.08.13 13:24:13,0,0.19,0.0,0.0
EURUSD,2023.08.22 14:00:00,2023.08.22 15:46:34,0,0.28,0.0,0.0
USDCHF,2023.08.21 19:05:00,2023.08.21 19:19:18,0,0.14,0.0,0.0
USDCHF,2023.08.21 13:35:07,2023.08.21 16:51:01,0,0.14,0.0,0.0
GBPUSD,2023.08.18 10:00:00,2023.08.18 14:23:45,0,0.13,0.0,0.0
USDCHF,2023.08.18 09:55:00,2023.08.18 10:05:45,0,0.14,0.0,0.0
USDCHF,2023.08.18 08:50:02,2023.08.18 09:36:17,0,0.14,0.0,0.0
USDCHF,2023.08.18 06:20:07,2023.08.18 08:10:45,0,0.14,0.0,0.0
USDCHF,2023.08.18 03:50:00,2023.08.18 04:39:20,0,0.14,0.0,0.0
USDCHF,2023.08.17 22:10:00,2023.08.17 22:50:36,0,0.14,0.0,0.0
USDCHF,2023.08.17 17:25:00,2023.08.17 18:20:03,0,0.14,0.0,0.0
GBPUSD,2023.08.17 14:00:00,2023.08.17 14:35:48,0,0.13,0.0,0.0
GBPUSD,2024.10.04 11:00:00,2024.10.04 12:52:25,0,0.23,0.0,0.0
GBPUSD,2024.09.06 18:00:00,2024.09.06 18:08:02,0,0.22,0.0,0.0
GBPUSD,2023.08.17 06:00:00,2023.08.17 12:05:16,0,0.13,0.0,0.0
USDCHF,2023.08.16 21:05:00,2023.08.16 21:11:59,0,0.14,0.0,0.0
USDCHF,2023.08.16 16:30:00,2023.08.16 16:36:53,0,0.14,0.0,0.0
USDCHF,2023.08.16 09:05:00,2023.08.16 14:04:35,0,0.14,0.0,0.0
USDCHF,2023.08.16 04:30:00,2023.08.16 08:33:22,0,0.14,0.0,0.0
USDCHF,2023.08.16 01:05:01,2023.08.16 03:36:55,0,0.14,0.0,0.0
USDCHF,2023.08.15 19:35:00,2023.08.15 21:56:22,0,0.14,0.0,0.0
USDCHF,2023.08.15 15:50:00,2023.08.15 16:10:30,0,0.14,0.0,0.0
USDCHF,2023.08.15 04:35:00,2023.08.15 15:30:13,0,0.14,0.0,0.0
GBPUSD,2023.08.15 10:00:00,2023.08.15 12:48:10,0,0.13,0.0,0.0
USDCHF,2023.08.14 20:30:00,2023.08.14 20:53:05,0,0.14,0.0,0.0
USDCHF,2023.08.14 10:10:00,2023.08.14 17:52:21,0,0.14,0.0,0.0
USDCHF,2023.08.14 17:10:00,2023.08.14 17:52:20,0,0.14,0.0,0.0
USDCHF,2023.08.14 07:15:00,2023.08.14 09:52:47,0,0.14,0.0,0.0
USDCHF,2024.10.23 17:25:00,2024.10.23 18:10:06,0,0.24,0.0,0.0
USDCHF,2024.10.23 12:25:00,2024.10.23 15:18:34,0,0.24,0.0,0.0
USDCHF,2024.10.23 10:50:00,2024.10.23 11:38:07,0,0.24,0.0,0.0
USDCHF,2024.10.23 09:40:00,2024.10.23 10:02:05,0,0.24,0.0,0.0
GBPUSD,2024.10.16 10:00:00,2024.10.16 22:46:41,0,0.23,0.0,0.0
GBPUSD,2023.08.14 00:10:12,2023.08.14 03:33:02,0,0.13,0.0,0.0
USDCHF,2023.08.11 17:20:00,2023.08.11 17:31:01,0,0.14,0.0,0.0
USDCHF,2023.08.11 15:35:00,2023.08.11 15:47:01,0,0.14,0.0,0.0
GBPUSD,2023.08.11 14:00:02,2023.08.11 14:30:10,0,0.13,0.0,0.0
USDCHF,2023.08.11 10:35:01,2023.08.11 13:31:31,0,0.14,0.0,0.0
USDCHF,2023.08.11 00:35:52,2023.08.11 09:56:21,0,0.14,0.0,0.0
GBPUSD,2023.08.10 19:00:00,2023.08.10 19:09:50,0,0.13,0.0,0.0
USDCHF,2023.08.10 16:15:00,2023.08.10 16:24:04,0,0.14,0.0,0.0
GBPUSD,2023.08.10 11:00:00,2023.08.10 11:06:27,0,0.13,0.0,0.0
USDCHF,2023.08.09 17:35:00,2023.08.09 18:26:46,0,0.14,0.0,0.0
USDCHF,2023.08.09 15:40:00,2023.08.09 16:01:26,0,0.14,0.0,0.0
GBPUSD,2023.08.09 13:00:00,2023.08.09 15:13:59,0,0.13,0.0,0.0
USDCHF,2024.11.01 16:30:00,2024.11.01 16:37:26,0,0.25,0.0,0.0
USDCHF,2024.11.01 14:05:00,2024.11.01 15:30:01,0,0.25,0.0,0.0
USDCHF,2024.10.31 13:10:00,2024.10.31 16:30:16,0,0.24,0.0,0.0
USDCHF,2024.10.31 10:10:00,2024.10.31 10:16:24,0,0.24,0.0,0.0
GBPUSD,2024.10.30 14:00:00,2024.10.30 14:50:12,0,0.23,0.0,0.0
USDCHF,2024.10.29 03:20:00,2024.10.29 09:09:45,0,0.24,0.0,0.0
USDCHF,2024.10.28 15:35:01,2024.10.28 15:41:08,0,0.24,0.0,0.0
GBPUSD,2024.10.28 12:00:00,2024.10.28 14:03:18,0,0.23,0.0,0.0
USDCHF,2024.10.28 05:25:00,2024.10.28 10:00:49,0,0.24,0.0,0.0
USDCHF,2024.11.06 02:15:00,2024.11.06 02:19:10,0,0.25,0.0,0.0
USDCHF,2024.11.06 01:55:00,2024.11.06 01:56:39,0,0.25,0.0,0.0
USDCHF,2024.11.06 01:10:00,2024.11.06 01:18:45,0,0.25,0.0,0.0
USDCHF,2024.11.05 21:00:01,2024.11.05 22:36:40,0,0.25,0.0,0.0
USDCHF,2024.11.05 19:05:00,2024.11.05 20:03:54,0,0.25,0.0,0.0
USDCHF,2024.11.05 14:25:00,2024.11.05 14:52:37,0,0.25,0.0,0.0
USDCHF,2024.11.05 02:15:00,2024.11.05 10:25:18,0,0.25,0.0,0.0
USDCHF,2024.11.04 17:55:00,2024.11.04 19:01:25,0,0.25,0.0,0.0
USDCHF,2024.11.04 16:05:00,2024.11.04 17:01:10,0,0.25,0.0,0.0
USDCHF,2024.11.04 14:15:00,2024.11.04 15:25:03,0,0.25,0.0,0.0
USDCHF,2024.11.04 09:35:01,2024.11.04 10:11:55,0,0.25,0.0,0.0
USDCHF,2024.11.04 06:55:00,2024.11.04 08:45:56,0,0.25,0.0,0.0
GBPUSD,2024.11.01 15:00:00,2024.11.01 16:40:32,0,0.23,0.0,0.0
USDCHF,2024.11.08 04:15:00,2024.11.08 10:34:42,0,0.26,0.0,0.0
USDCHF,2024.11.08 01:05:00,2024.11.08 02:42:20,0,0.26,0.0,0.0
USDCHF,2024.11.07 22:05:00,2024.11.07 22:14:25,0,0.26,0.0,0.0
USDCHF,2024.11.07 18:20:00,2024.11.07 21:00:20,0,0.26,0.0,0.0
EURUSD,2024.11.07 11:00:00,2024.11.07 15:08:13,0,0.52,0.0,0.0
USDCHF,2024.11.07 13:30:00,2024.11.07 14:43:40,0,0.26,0.0,0.0
USDCHF,2024.11.07 06:10:00,2024.11.07 12:51:40,0,0.26,0.0,0.0
GBPUSD,2024.11.07 08:00:00,2024.11.07 09:12:49,0,0.24,0.0,0.0
USDCHF,2024.11.07 03:50:00,2024.11.07 04:34:26,0,0.26,0.0,0.0
USDCHF,2024.11.06 17:00:00,2024.11.06 17:00:43,0,0.26,0.0,0.0
USDCHF,2024.11.06 08:25:00,2024.11.06 08:37:59,0,0.26,0.0,0.0
USDCHF,2024.11.06 07:05:00,2024.11.06 07:07:16,0,0.26,0.0,0.0
EURUSD,2024.11.06 03:00:00,2024.11.06 03:06:16,0,0.51,0.0,0.0
USDCHF,2023.08.09 11:20:01,2023.08.09 11:24:56,0,0.13,0.0,0.0
GBPUSD,2023.08.09 00:00:01,2023.08.09 08:05:21,0,0.13,0.0,0.0
GBPUSD,2023.08.08 05:00:00,2023.08.08 10:31:30,0,0.12,0.0,0.0
USDCHF,2023.08.08 10:00:00,2023.08.08 10:12:35,0,0.13,0.0,0.0
GBPUSD,2023.08.07 16:00:00,2023.08.07 16:31:44,0,0.12,0.0,0.0
GBPUSD,2023.08.07 00:31:49,2023.08.07 04:30:37,0,0.12,0.0,0.0
USDCHF,2023.08.04 21:05:00,2023.08.04 21:22:36,0,0.13,0.0,0.0
GBPUSD,2023.08.04 16:00:00,2023.08.04 16:05:12,0,0.12,0.0,0.0
USDCHF,2023.08.04 15:10:01,2023.08.04 15:22:44,0,0.13,0.0,0.0
GBPUSD,2023.08.04 11:00:00,2023.08.04 11:34:43,0,0.12,0.0,0.0
USDCHF,2023.08.04 03:05:00,2023.08.04 09:52:21,0,0.13,0.0,0.0
EURUSD,2024.11.26 12:00:00,2024.11.26 14:14:26,0,0.54,0.0,0.0
EURUSD,2024.11.26 02:00:00,2024.11.26 02:15:48,0,0.53,0.0,0.0
GBPUSD,2024.11.25 01:00:00,2024.11.25 02:18:49,0,0.25,0.0,0.0
EURUSD,2024.11.25 01:00:00,2024.11.25 01:29:20,0,0.53,0.0,0.0
GBPUSD,2024.11.18 19:00:00,2024.11.18 20:27:25,0,0.25,0.0,0.0
GBPUSD,2024.11.15 17:00:00,2024.11.15 17:17:47,0,0.25,0.0,0.0
GBPUSD,2024.11.14 17:00:00,2024.11.14 17:18:53,0,0.25,0.0,0.0
EURUSD,2024.11.14 17:00:00,2024.11.14 17:12:48,0,0.53,0.0,0.0
EURUSD,2024.11.13 17:00:00,2024.11.13 17:06:40,0,0.52,0.0,0.0
EURUSD,2024.11.13 14:00:00,2024.11.13 15:30:09,0,0.52,0.0,0.0
EURUSD,2024.11.08 16:00:00,2024.11.08 18:09:24,0,0.52,0.0,0.0
GBPUSD,2024.11.08 16:00:00,2024.11.08 17:02:10,0,0.24,0.0,0.0
USDCHF,2024.11.08 14:15:00,2024.11.08 14:25:22,0,0.26,0.0,0.0
USDCHF,2023.08.03 20:30:00,2023.08.03 22:05:59,0,0.13,0.0,0.0
USDCHF,2023.08.03 17:30:00,2023.08.03 18:18:00,0,0.13,0.0,0.0
USDCHF,2023.08.03 15:05:00,2023.08.03 16:54:02,0,0.13,0.0,0.0
USDCHF,2023.08.03 09:00:00,2023.08.03 12:05:16,0,0.13,0.0,0.0
USDCHF,2023.08.03 00:40:38,2023.08.03 07:42:21,0,0.13,0.0,0.0
USDCHF,2023.08.02 21:15:00,2023.08.02 21:36:44,0,0.13,0.0,0.0
USDCHF,2023.08.02 17:40:00,2023.08.02 17:47:27,0,0.13,0.0,0.0
GBPUSD,2023.08.01 04:00:01,2023.08.01 04:45:14,0,0.12,0.0,0.0
EURUSD,2023.07.28 15:00:00,2023.07.28 15:30:17,0,0.26,0.0,0.0
GBPUSD,2023.07.28 14:00:04,2023.07.28 14:10:09,0,0.12,0.0,0.0
GBPUSD,2024.12.06 18:00:00,2024.12.06 18:04:30,0,0.26,0.0,0.0
USDCHF,2024.12.06 16:40:00,2024.12.06 17:00:26,0,0.28,0.0,0.0
GBPUSD,2024.11.29 12:00:00,2024.11.29 12:42:05,0,0.25,0.0,0.0
GBPUSD,2024.11.27 10:00:00,2024.11.27 10:07:04,0,0.25,0.0,0.0
GBPUSD,2024.11.26 19:00:00,2024.11.26 19:17:34,0,0.25,0.0,0.0
GBPUSD,2024.11.26 13:00:00,2024.11.26 14:17:34,0,0.25,0.0,0.0
USDCHF,2024.12.12 10:15:01,2024.12.12 10:29:57,0,0.28,0.0,0.0
USDCHF,2024.12.11 17:25:02,2024.12.11 17:34:00,0,0.28,0.0,0.0
USDCHF,2024.12.11 10:35:01,2024.12.11 15:45:00,0,0.28,0.0,0.0
GBPUSD,2024.12.11 10:00:00,2024.12.11 12:07:06,0,0.26,0.0,0.0
EURUSD,2024.12.10 11:00:00,2024.12.10 14:25:26,0,0.56,0.0,0.0
USDCHF,2024.12.10 09:15:07,2024.12.10 09:46:01,0,0.28,0.0,0.0
USDCHF,2024.12.09 18:40:00,2024.12.09 19:27:55,0,0.28,0.0,0.0
USDCHF,2024.12.09 15:30:00,2024.12.09 15:42:13,0,0.28,0.0,0.0
USDCHF,2024.12.09 13:50:02,2024.12.09 14:46:04,0,0.28,0.0,0.0
EURUSD,2024.12.09 10:00:00,2024.12.09 12:09:35,0,0.56,0.0,0.0
GBPUSD,2024.12.09 10:00:00,2024.12.09 11:04:55,0,0.26,0.0,0.0
GBPUSD,2024.12.30 16:00:00,2024.12.30 16:38:01,0,0.28,0.0,0.0
EURUSD,2024.12.30 11:00:00,2024.12.30 15:57:50,0,0.59,0.0,0.0
GBPUSD,2024.12.23 13:00:00,2024.12.23 13:33:21,0,0.27,0.0,0.0
EURUSD,2024.12.23 10:00:00,2024.12.23 12:37:02,0,0.58,0.0,0.0
GBPUSD,2024.12.20 16:00:00,2024.12.20 18:19:46,0,0.27,0.0,0.0
EURUSD,2024.12.20 10:00:00,2024.12.20 10:24:22,0,0.58,0.0,0.0
GBPUSD,2024.12.19 16:00:00,2024.12.19 16:48:58,0,0.27,0.0,0.0
GBPUSD,2024.12.19 11:00:00,2024.12.19 11:18:52,0,0.27,0.0,0.0
GBPUSD,2024.12.18 22:00:00,2024.12.18 22:05:56,0,0.27,0.0,0.0
EURUSD,2024.12.18 18:00:00,2024.12.18 21:00:23,0,0.58,0.0,0.0
GBPUSD,2024.12.16 16:00:00,2024.12.16 17:26:48,0,0.27,0.0,0.0
EURUSD,2024.12.13 12:00:00,2024.12.13 14:40:07,0,0.57,0.0,0.0
GBPUSD,2024.12.12 13:00:00,2024.12.12 14:09:25,0,0.27,0.0,0.0
EURUSD,2023.07.27 16:00:00,2023.07.27 16:03:36,0,0.26,0.0,0.0
EURUSD,2023.07.26 10:00:00,2023.07.26 13:28:52,0,0.26,0.0,0.0
USDCHF,2023.07.10 02:55:00,2023.07.10 17:04:16,0,0.13,0.0,0.0
USDCHF,2023.07.07 22:05:02,2023.07.07 23:34:53,0,0.13,0.0,0.0
USDCHF,2023.07.07 15:30:00,2023.07.07 15:30:01,0,0.13,0.0,0.0
USDCHF,2023.07.07 11:05:00,2023.07.07 15:18:30,0,0.13,0.0,0.0
USDCHF,2023.07.07 06:00:00,2023.07.07 08:40:42,0,0.13,0.0,0.0
USDCHF,2023.07.07 03:10:02,2023.07.07 03:29:32,0,0.13,0.0,0.0
USDCHF,2023.07.06 17:55:00,2023.07.06 19:01:09,0,0.13,0.0,0.0
GBPUSD,2025.01.20 16:00:00,2025.01.20 16:41:37,0,0.28,0.0,0.0
GBPUSD,2025.01.20 09:00:00,2025.01.20 15:30:10,0,0.28,0.0,0.0
EURUSD,2025.01.20 06:00:00,2025.01.20 12:34:48,0,0.61,0.0,0.0
GBPUSD,2025.01.17 10:00:00,2025.01.17 16:15:59,0,0.28,0.0,0.0
GBPUSD,2025.01.16 19:00:00,2025.01.16 19:18:31,0,0.28,0.0,0.0
GBPUSD,2025.01.16 12:00:00,2025.01.16 15:11:26,0,0.28,0.0,0.0
EURUSD,2025.01.14 01:00:00,2025.01.14 18:09:08,0,0.6,0.0,0.0
GBPUSD,2025.01.07 18:00:00,2025.01.07 18:30:43,0,0.28,0.0,0.0
EURUSD,2025.01.07 15:00:00,2025.01.07 17:00:16,0,0.59,0.0,0.0
GBPUSD,2025.01.03 19:00:00,2025.01.03 19:08:54,0,0.28,0.0,0.0
EURUSD,2025.01.03 12:00:01,2025.01.03 17:06:18,0,0.59,0.0,0.0
EURUSD,2024.12.30 16:00:00,2024.12.30 17:52:44,0,0.59,0.0,0.0
GBPUSD,2025.02.07 11:00:00,2025.02.07 15:30:01,0,0.29,0.0,0.0
GBPUSD,2025.02.06 08:00:00,2025.02.06 09:35:57,0,0.29,0.0,0.0
GBPUSD,2025.02.03 16:00:00,2025.02.03 17:42:20,0,0.29,0.0,0.0
GBPUSD,2025.01.31 00:13:28,2025.01.31 11:00:06,0,0.29,0.0,0.0
GBPUSD,2025.01.30 11:00:00,2025.01.30 15:57:36,0,0.29,0.0,0.0
GBPUSD,2025.01.28 05:00:00,2025.01.28 06:34:40,0,0.29,0.0,0.0
GBPUSD,2025.01.23 17:00:00,2025.01.23 18:21:21,0,0.29,0.0,0.0
GBPUSD,2025.01.22 18:00:00,2025.01.22 18:15:54,0,0.29,0.0,0.0
GBPUSD,2025.01.21 19:00:00,2025.01.21 23:00:59,0,0.29,0.0,0.0
GBPUSD,2025.01.21 11:00:00,2025.01.21 11:16:57,0,0.28,0.0,0.0
USDCHF,2023.07.06 03:10:01,2023.07.06 17:36:40,0,0.13,0.0,0.0
USDCHF,2023.07.05 17:30:00,2023.07.05 17:38:05,0,0.13,0.0,0.0
USDCHF,2023.07.05 15:35:00,2023.07.05 15:43:46,0,0.13,0.0,0.0
USDCHF,2023.07.05 11:10:00,2023.07.05 15:02:10,0,0.13,0.0,0.0
USDCHF,2023.07.05 10:15:00,2023.07.05 10:18:11,0,0.13,0.0,0.0
EURUSD,2023.07.04 09:00:00,2023.07.04 23:07:30,0,0.25,0.0,0.0
EURUSD,2023.07.03 17:00:00,2023.07.03 17:00:16,0,0.25,0.0,0.0
USDCHF,2023.07.03 13:45:00,2023.07.03 14:15:41,0,0.13,0.0,0.0
EURUSD,2023.07.03 10:00:00,2023.07.03 10:47:19,0,0.25,0.0,0.0
USDCHF,2023.07.03 08:50:00,2023.07.03 08:58:43,0,0.13,0.0,0.0
USDCHF,2023.06.30 20:45:01,2023.06.30 22:30:56,0,0.12,0.0,0.0
USDCHF,2023.06.30 03:00:00,2023.06.30 16:42:32,0,0.12,0.0,0.0
GBPUSD,2025.02.27 16:00:00,2025.02.27 18:03:03,0,0.3,0.0,0.0
GBPUSD,2025.02.25 14:00:00,2025.02.25 15:09:25,0,0.3,0.0,0.0
GBPUSD,2025.02.24 12:00:00,2025.02.24 12:06:53,0,0.3,0.0,0.0
GBPUSD,2025.02.24 04:00:00,2025.02.24 04:39:25,0,0.3,0.0,0.0
GBPUSD,2025.02.21 15:00:00,2025.02.21 20:25:23,0,0.3,0.0,0.0
GBPUSD,2025.02.18 13:00:00,2025.02.18 15:05:05,0,0.3,0.0,0.0
GBPUSD,2025.02.12 16:00:00,2025.02.12 16:06:09,0,0.3,0.0,0.0
EURUSD,2025.02.11 11:00:01,2025.02.11 16:31:26,0,0.63,0.0,0.0
GBPUSD,2025.02.11 15:00:00,2025.02.11 15:36:10,0,0.3,0.0,0.0
GBPUSD,2025.02.07 18:00:00,2025.02.07 18:01:15,0,0.3,0.0,0.0
EURUSD,2025.02.07 16:00:00,2025.02.07 17:53:34,0,0.63,0.0,0.0
GBPUSD,2025.03.10 12:00:00,2025.03.10 21:17:00,0,0.3,0.0,0.0
USDCHF,2025.03.06 06:30:01,2025.03.06 09:36:48,0,0.33,0.0,0.0
USDCHF,2025.03.05 16:35:00,2025.03.05 17:07:40,0,0.33,0.0,0.0
USDCHF,2025.03.05 15:25:00,2025.03.05 15:28:31,0,0.33,0.0,0.0
USDCHF,2025.03.05 12:15:00,2025.03.05 15:04:01,0,0.32,0.0,0.0
EURUSD,2025.03.03 02:00:00,2025.03.03 11:55:45,0,0.65,0.0,0.0
GBPUSD,2025.03.03 04:00:00,2025.03.03 11:34:53,0,0.3,0.0,0.0
EURUSD,2023.06.30 16:00:00,2023.06.30 16:42:32,0,0.25,0.0,0.0
GBPUSD,2023.06.30 11:00:00,2023.06.30 14:05:19,0,0.12,0.0,0.0
EURUSD,2023.06.29 16:00:00,2023.06.29 16:44:16,0,0.25,0.0,0.0
GBPUSD,2023.06.29 16:00:00,2023.06.29 16:31:34,0,0.12,0.0,0.0
GBPUSD,2023.06.29 14:00:00,2023.06.29 15:12:48,0,0.11,0.0,0.0
EURUSD,2023.06.29 11:00:00,2023.06.29 14:24:42,0,0.25,0.0,0.0
EURUSD,2023.06.28 10:00:00,2023.06.28 17:11:28,0,0.24,0.0,0.0
GBPUSD,2023.06.28 10:00:00,2023.06.28 11:29:49,0,0.11,0.0,0.0
USDCHF,2023.06.27 18:40:00,2023.06.27 19:21:53,0,0.12,0.0,0.0
USDCHF,2023.06.27 12:30:00,2023.06.27 17:40:52,0,0.12,0.0,0.0
USDCHF,2023.06.27 09:30:00,2023.06.27 10:01:21,0,0.12,0.0,0.0
USDCHF,2023.06.27 08:45:05,2023.06.27 08:58:26,0,0.12,0.0,0.0
USDCHF,2023.06.27 04:40:01,2023.06.27 04:46:41,0,0.12,0.0,0.0
USDCHF,2025.03.20 03:30:00,2025.03.20 10:36:08,0,0.33,0.0,0.0
USDCHF,2025.03.19 13:50:01,2025.03.19 21:41:47,0,0.33,0.0,0.0
USDCHF,2025.03.19 00:55:17,2025.03.19 12:47:56,0,0.33,0.0,0.0
USDCHF,2025.03.18 16:15:00,2025.03.18 17:18:49,0,0.33,0.0,0.0
USDCHF,2025.03.18 14:50:00,2025.03.18 15:31:16,0,0.33,0.0,0.0
USDCHF,2025.03.18 09:55:00,2025.03.18 10:19:14,0,0.33,0.0,0.0
EURUSD,2025.03.14 14:00:00,2025.03.14 15:23:38,0,0.66,0.0,0.0
USDCHF,2025.03.13 10:00:00,2025.03.13 10:01:33,0,0.33,0.0,0.0
USDCHF,2025.03.13 02:30:00,2025.03.13 09:59:18,0,0.33,0.0,0.0
USDCHF,2025.03.12 17:50:00,2025.03.12 20:13:19,0,0.33,0.0,0.0
GBPUSD,2025.03.31 13:00:00,2025.03.31 17:21:53,0,0.32,0.0,0.0
USDCHF,2025.03.31 10:30:00,2025.03.31 10:38:35,0,0.34,0.0,0.0
USDCHF,2025.03.31 09:30:00,2025.03.31 10:05:49,0,0.34,0.0,0.0
USDCHF,2025.03.31 04:55:10,2025.03.31 09:00:52,0,0.34,0.0,0.0
GBPUSD,2025.03.27 08:00:00,2025.03.27 13:53:18,0,0.31,0.0,0.0
GBPUSD,2025.03.26 11:00:00,2025.03.26 11:12:44,0,0.31,0.0,0.0
GBPUSD,2025.03.25 14:00:00,2025.03.25 20:01:51,0,0.31,0.0,0.0
GBPUSD,2025.03.24 17:00:00,2025.03.24 19:30:22,0,0.31,0.0,0.0
GBPUSD,2025.03.24 13:00:00,2025.03.24 13:19:51,0,0.31,0.0,0.0
USDCHF,2023.06.26 16:05:00,2023.06.26 16:33:33,0,0.12,0.0,0.0
USDCHF,2023.06.26 04:35:00,2023.06.26 10:23:37,0,0.12,0.0,0.0
USDCHF,2023.06.26 03:55:00,2023.06.26 04:11:30,0,0.12,0.0,0.0
USDCHF,2023.06.23 20:15:00,2023.06.23 22:56:33,0,0.12,0.0,0.0
USDCHF,2023.06.23 16:50:00,2023.06.23 16:59:40,0,0.12,0.0,0.0
USDCHF,2023.06.23 13:10:00,2023.06.23 14:18:10,0,0.12,0.0,0.0
USDCHF,2023.06.23 01:20:00,2023.06.23 04:33:00,0,0.12,0.0,0.0
USDCHF,2023.06.22 22:00:00,2023.06.22 22:17:18,0,0.12,0.0,0.0
GBPUSD,2023.06.22 18:00:00,2023.06.22 18:30:58,0,0.11,0.0,0.0
USDCHF,2023.06.22 14:35:00,2023.06.22 15:44:29,0,0.12,0.0,0.0
USDCHF,2023.06.22 13:00:00,2023.06.22 13:05:02,0,0.12,0.0,0.0
USDCHF,2023.06.22 10:35:00,2023.06.22 12:23:11,0,0.12,0.0,0.0
GBPUSD,2023.06.21 21:00:00,2023.06.21 21:15:03,0,0.11,0.0,0.0
EURUSD,2023.06.21 18:00:00,2023.06.21 19:48:48,0,0.24,0.0,0.0
EURGBP,2025.04.04 21:00:00,2025.04.04 21:19:34,0,0.28,0.0,0.0
EURGBP,2025.04.04 18:45:00,2025.04.04 19:37:27,0,0.28,0.0,0.0
EURGBP,2025.04.04 17:15:00,2025.04.04 17:22:02,0,0.28,0.0,0.0
EURGBP,2025.04.04 15:45:00,2025.04.04 16:16:25,0,0.28,0.0,0.0
EURUSD,2025.04.04 11:00:00,2025.04.04 11:00:46,0,0.69,0.0,0.0
USDCHF,2025.04.03 02:05:00,2025.04.03 02:06:46,0,0.34,0.0,0.0
GBPUSD,2025.04.02 13:00:00,2025.04.02 17:46:00,0,0.32,0.0,0.0
EURUSD,2025.04.02 16:00:00,2025.04.02 17:42:28,0,0.68,0.0,0.0
EURUSD,2025.04.08 13:00:00,2025.04.08 17:23:33,0,0.7,0.0,0.0
USDCHF,2025.04.08 16:45:00,2025.04.08 17:00:12,0,0.35,0.0,0.0
USDCHF,2025.04.08 12:35:00,2025.04.08 12:54:36,0,0.35,0.0,0.0
USDCHF,2025.04.08 10:25:00,2025.04.08 10:30:38,0,0.35,0.0,0.0
EURUSD,2025.04.08 08:00:00,2025.04.08 09:44:12,0,0.7,0.0,0.0
USDCHF,2025.04.08 09:05:01,2025.04.08 09:20:50,0,0.35,0.0,0.0
USDCHF,2025.04.08 08:10:00,2025.04.08 08:37:32,0,0.35,0.0,0.0
USDCHF,2025.04.07 23:05:00,2025.04.07 23:14:53,0,0.35,0.0,0.0
USDCHF,2025.04.07 18:30:00,2025.04.07 20:24:43,0,0.35,0.0,0.0
EURGBP,2025.04.07 02:50:00,2025.04.07 08:55:55,0,0.28,0.0,0.0
EURGBP,2025.04.07 00:09:22,2025.04.07 00:32:21,0,0.28,0.0,0.0
USDCHF,2023.06.21 17:15:00,2023.06.21 17:17:41,0,0.12,0.0,0.0
USDCHF,2023.06.21 15:15:00,2023.06.21 15:20:28,0,0.12,0.0,0.0
USDCHF,2023.06.21 07:30:00,2023.06.21 11:32:50,0,0.12,0.0,0.0
USDCHF,2023.06.21 02:50:00,2023.06.21 04:07:57,0,0.12,0.0,0.0
USDCHF,2023.06.20 18:20:00,2023.06.20 23:43:14,0,0.12,0.0,0.0
USDCHF,2023.06.20 15:40:00,2023.06.20 16:16:13,0,0.12,0.0,0.0
USDCHF,2023.06.20 11:55:00,2023.06.20 15:32:25,0,0.12,0.0,0.0
USDCHF,2023.06.20 10:35:00,2023.06.20 10:46:42,0,0.12,0.0,0.0
USDCHF,2023.06.20 10:05:00,2023.06.20 10:06:17,0,0.12,0.0,0.0
USDCHF,2023.06.20 08:50:00,2023.06.20 09:18:42,0,0.12,0.0,0.0
USDCHF,2023.06.20 02:30:01,2023.06.20 04:41:50,0,0.12,0.0,0.0
USDCHF,2023.06.19 18:00:00,2023.06.19 18:30:23,0,0.12,0.0,0.0
EURGBP,2025.04.09 20:55:00,2025.04.09 20:57:09,0,0.29,0.0,0.0
EURGBP,2025.04.09 20:25:00,2025.04.09 20:25:17,0,0.29,0.0,0.0
EURGBP,2025.04.09 09:10:00,2025.04.09 20:24:52,0,0.29,0.0,0.0
GBPUSD,2025.04.09 18:00:00,2025.04.09 20:11:03,0,0.33,0.0,0.0
USDCHF,2025.04.09 16:10:00,2025.04.09 16:12:21,0,0.36,0.0,0.0
USDCHF,2025.04.09 12:20:00,2025.04.09 12:36:20,0,0.36,0.0,0.0
USDCHF,2025.04.09 08:10:00,2025.04.09 08:37:43,0,0.36,0.0,0.0
USDCHF,2025.04.09 06:05:00,2025.04.09 06:10:26,0,0.36,0.0,0.0
USDCHF,2025.04.09 04:40:00,2025.04.09 05:15:26,0,0.36,0.0,0.0
EURUSD,2025.04.09 04:00:00,2025.04.09 04:16:40,0,0.71,0.0,0.0
GBPUSD,2025.04.09 04:00:00,2025.04.09 04:03:15,0,0.33,0.0,0.0
USDCHF,2025.04.08 22:50:00,2025.04.08 23:15:37,0,0.35,0.0,0.0
EURGBP,2025.04.08 20:00:00,2025.04.08 20:43:11,0,0.28,0.0,0.0
USDCHF,2025.04.08 18:50:00,2025.04.08 19:31:27,0,0.35,0.0,0.0
EURUSD,2025.04.16 07:00:00,2025.04.16 08:53:32,0,0.73,0.0,0.0
EURUSD,2025.04.15 16:00:00,2025.04.15 17:10:12,0,0.73,0.0,0.0
EURGBP,2025.04.14 17:55:00,2025.04.14 19:22:04,0,0.29,0.0,0.0
EURGBP,2025.04.14 16:05:00,2025.04.14 17:52:55,0,0.29,0.0,0.0
EURUSD,2025.04.10 12:00:00,2025.04.10 12:58:51,0,0.72,0.0,0.0
GBPUSD,2025.04.10 10:00:00,2025.04.10 10:54:18,0,0.34,0.0,0.0
EURGBP,2025.04.10 07:45:00,2025.04.10 10:22:39,0,0.29,0.0,0.0
USDCHF,2025.04.10 10:15:00,2025.04.10 10:15:59,0,0.36,0.0,0.0
USDCHF,2025.04.10 02:40:00,2025.04.10 09:54:00,0,0.36,0.0,0.0
EURGBP,2025.04.10 03:40:00,2025.04.10 05:33:03,0,0.29,0.0,0.0
EURGBP,2025.04.10 03:00:00,2025.04.10 03:28:38,0,0.29,0.0,0.0
EURGBP,2025.04.10 01:05:00,2025.04.10 01:22:32,0,0.29,0.0,0.0
EURUSD,2025.04.09 21:00:00,2025.04.09 21:03:09,0,0.72,0.0,0.0
USDCHF,2023.06.15 10:50:00,2023.06.15 11:27:07,0,0.11,0.0,0.0
USDCHF,2023.06.15 09:25:00,2023.06.15 09:36:13,0,0.11,0.0,0.0
USDCHF,2023.06.15 08:30:01,2023.06.15 08:52:00,0,0.11,0.0,0.0
GBPUSD,2023.06.13 10:00:00,2023.06.13 10:35:48,0,0.11,0.0,0.0
USDCHF,2023.06.12 21:45:01,2023.06.12 22:25:29,0,0.11,0.0,0.0
GBPUSD,2023.06.12 15:00:00,2023.06.12 15:57:24,0,0.11,0.0,0.0
USDCHF,2023.06.12 12:50:00,2023.06.12 13:28:52,0,0.11,0.0,0.0
EURUSD,2025.04.22 16:00:00,2025.04.22 19:00:57,0,0.74,0.0,0.0
EURGBP,2025.04.21 16:10:00,2025.04.21 21:09:25,0,0.3,0.0,0.0
EURGBP,2025.04.21 10:45:00,2025.04.21 14:06:28,0,0.3,0.0,0.0
EURGBP,2025.04.21 09:50:01,2025.04.21 10:23:54,0,0.3,0.0,0.0
EURGBP,2025.04.21 08:15:10,2025.04.21 09:25:26,0,0.3,0.0,0.0
EURGBP,2025.04.21 05:30:00,2025.04.21 07:07:41,0,0.29,0.0,0.0
EURGBP,2025.04.21 03:45:00,2025.04.21 04:00:28,0,0.29,0.0,0.0
GBPUSD,2025.04.17 17:00:00,2025.04.17 17:19:51,0,0.34,0.0,0.0
EURGBP,2025.04.17 11:35:00,2025.04.17 12:12:42,0,0.29,0.0,0.0
EURGBP,2025.04.17 10:00:00,2025.04.17 10:52:28,0,0.29,0.0,0.0
USDCHF,2025.04.28 15:00:00,2025.04.28 15:09:23,0,0.38,0.0,0.0
USDCHF,2025.04.28 14:05:01,2025.04.28 14:21:22,0,0.38,0.0,0.0
USDCHF,2025.04.28 12:05:04,2025.04.28 12:25:23,0,0.37,0.0,0.0
GBPUSD,2025.04.28 12:00:00,2025.04.28 12:02:42,0,0.35,0.0,0.0
USDCHF,2025.04.25 17:30:00,2025.04.25 18:59:49,0,0.37,0.0,0.0
USDCHF,2025.04.25 15:30:00,2025.04.25 15:32:41,0,0.37,0.0,0.0
USDCHF,2025.04.25 09:40:00,2025.04.25 10:14:28,0,0.37,0.0,0.0
GBPUSD,2025.04.25 07:00:00,2025.04.25 08:48:55,0,0.35,0.0,0.0
GBPUSD,2025.04.24 15:00:00,2025.04.24 17:10:49,0,0.35,0.0,0.0
GBPUSD,2025.04.22 20:00:00,2025.04.22 21:42:10,0,0.35,0.0,0.0
USDCHF,2023.06.09 16:45:00,2023.06.09 17:34:12,0,0.11,0.0,0.0
USDCHF,2023.06.09 15:20:00,2023.06.09 15:30:42,0,0.11,0.0,0.0
USDCHF,2023.06.09 10:15:00,2023.06.09 10:19:35,0,0.11,0.0,0.0
USDCHF,2023.06.09 08:45:00,2023.06.09 09:00:40,0,0.11,0.0,0.0
USDCHF,2023.06.09 01:10:00,2023.06.09 07:19:30,0,0.11,0.0,0.0
USDCHF,2023.06.08 14:45:01,2023.06.08 15:06:34,0,0.11,0.0,0.0
USDCHF,2023.06.08 12:15:00,2023.06.08 12:45:18,0,0.11,0.0,0.0
USDCHF,2023.06.08 11:10:05,2023.06.08 11:39:36,0,0.11,0.0,0.0
USDCHF,2023.06.08 00:55:03,2023.06.08 10:01:17,0,0.11,0.0,0.0
USDCHF,2023.06.07 15:45:01,2023.06.07 17:32:13,0,0.11,0.0,0.0
USDCHF,2023.06.07 11:20:00,2023.06.07 11:59:15,0,0.11,0.0,0.0
USDCHF,2023.06.06 18:30:00,2023.06.06 18:55:27,0,0.11,0.0,0.0
USDCHF,2025.05.05 06:15:07,2025.05.05 08:45:18,0,0.38,0.0,0.0
USDCHF,2025.05.02 13:45:00,2025.05.02 13:46:53,0,0.38,0.0,0.0
GBPUSD,2025.05.01 19:00:00,2025.05.01 19:04:03,0,0.35,0.0,0.0
GBPUSD,2025.05.01 12:00:00,2025.05.01 13:38:22,0,0.35,0.0,0.0
USDCHF,2025.04.30 21:00:00,2025.04.30 21:07:05,0,0.38,0.0,0.0
USDCHF,2025.04.30 06:20:00,2025.04.30 15:46:28,0,0.38,0.0,0.0
USDCHF,2025.04.30 04:55:02,2025.04.30 04:58:49,0,0.38,0.0,0.0
USDCHF,2025.04.29 21:00:00,2025.04.29 21:19:14,0,0.38,0.0,0.0
USDCHF,2025.04.29 14:10:02,2025.04.29 15:31:16,0,0.38,0.0,0.0
USDCHF,2025.04.29 01:20:03,2025.04.29 12:44:12,0,0.38,0.0,0.0
GBPUSD,2025.05.07 22:00:00,2025.05.07 22:03:02,0,0.36,0.0,0.0
USDCHF,2025.05.07 18:25:01,2025.05.07 21:46:07,0,0.39,0.0,0.0
USDCHF,2025.05.07 15:15:00,2025.05.07 15:19:08,0,0.38,0.0,0.0
USDCHF,2025.05.07 13:35:00,2025.05.07 14:53:50,0,0.38,0.0,0.0
USDCHF,2025.05.07 12:30:01,2025.05.07 13:01:14,0,0.38,0.0,0.0
USDCHF,2025.05.07 10:35:01,2025.05.07 10:55:15,0,0.38,0.0,0.0
USDCHF,2025.05.07 03:05:00,2025.05.07 08:49:36,0,0.38,0.0,0.0
USDCHF,2025.05.07 01:05:00,2025.05.07 01:07:52,0,0.38,0.0,0.0
USDCHF,2025.05.06 02:25:00,2025.05.06 22:44:48,0,0.38,0.0,0.0
GBPUSD,2025.05.06 11:00:00,2025.05.06 11:15:15,0,0.36,0.0,0.0
USDCHF,2025.05.05 21:55:03,2025.05.05 22:07:26,0,0.38,0.0,0.0
USDCHF,2025.05.05 18:45:00,2025.05.05 18:57:15,0,0.38,0.0,0.0
GBPUSD,2025.05.05 14:00:00,2025.05.05 14:09:03,0,0.36,0.0,0.0
USDCHF,2025.05.05 11:45:00,2025.05.05 12:04:37,0,0.38,0.0,0.0
USDCHF,2025.05.05 08:50:02,2025.05.05 09:00:00,0,0.38,0.0,0.0
USDCHF,2025.05.14 13:25:01,2025.05.14 14:09:13,0,0.39,0.0,0.0
GBPUSD,2025.05.13 16:00:00,2025.05.13 17:55:19,0,0.36,0.0,0.0
GBPUSD,2025.05.12 11:00:00,2025.05.12 13:38:04,0,0.36,0.0,0.0
USDCHF,2025.05.12 08:10:02,2025.05.12 08:54:26,0,0.39,0.0,0.0
USDCHF,2025.05.12 05:15:00,2025.05.12 05:30:10,0,0.39,0.0,0.0
USDCHF,2025.05.09 18:10:01,2025.05.09 18:35:10,0,0.39,0.0,0.0
USDCHF,2025.05.09 13:50:02,2025.05.09 14:14:49,0,0.39,0.0,0.0
GBPUSD,2025.05.09 12:00:00,2025.05.09 14:12:41,0,0.36,0.0,0.0
USDCHF,2025.05.09 12:50:06,2025.05.09 13:01:41,0,0.39,0.0,0.0
USDCHF,2025.05.08 17:25:00,2025.05.08 17:50:49,0,0.39,0.0,0.0
USDCHF,2025.05.08 11:40:03,2025.05.08 13:35:23,0,0.39,0.0,0.0
USDCHF,2025.05.08 01:10:00,2025.05.08 08:03:40,0,0.39,0.0,0.0
USDCHF,2025.05.07 22:05:00,2025.05.07 22:14:24,0,0.39,0.0,0.0
USDCHF,2023.06.06 10:35:00,2023.06.06 10:42:38,0,0.11,0.0,0.0
USDCHF,2023.06.06 03:50:00,2023.06.06 05:10:05,0,0.11,0.0,0.0
USDCHF,2023.06.06 01:05:02,2023.06.06 01:22:06,0,0.11,0.0,0.0
USDCHF,2023.06.05 22:50:00,2023.06.05 23:31:37,0,0.11,0.0,0.0
USDCHF,2023.06.05 06:05:02,2023.06.05 17:06:05,0,0.11,0.0,0.0
USDCHF,2023.06.01 15:50:00,2023.06.01 16:05:51,0,0.11,0.0,0.0
USDCHF,2023.06.01 15:05:00,2023.06.01 15:07:30,0,0.11,0.0,0.0
USDCHF,2023.05.30 16:05:00,2023.05.30 16:51:33,0,0.11,0.0,0.0
USDCHF,2023.05.30 11:15:00,2023.05.30 11:23:57,0,0.11,0.0,0.0
USDCHF,2023.05.30 10:10:00,2023.05.30 10:13:32,0,0.11,0.0,0.0
USDCHF,2023.05.30 09:50:00,2023.05.30 10:01:12,0,0.11,0.0,0.0
GBPUSD,2025.05.19 10:00:00,2025.05.19 10:09:15,0,0.37,0.0,0.0
USDCHF,2025.05.19 02:45:00,2025.05.19 04:34:28,0,0.39,0.0,0.0
GBPUSD,2025.05.16 13:00:00,2025.05.16 15:00:03,0,0.37,0.0,0.0
GBPUSD,2025.05.15 10:00:00,2025.05.15 16:06:44,0,0.37,0.0,0.0
USDCHF,2025.05.15 15:15:00,2025.05.15 15:30:01,0,0.39,0.0,0.0
USDCHF,2025.05.15 14:00:00,2025.05.15 14:19:07,0,0.39,0.0,0.0
USDCHF,2025.05.15 09:20:02,2025.05.15 09:21:29,0,0.39,0.0,0.0
USDCHF,2025.05.15 07:40:01,2025.05.15 07:48:05,0,0.39,0.0,0.0
USDCHF,2025.05.15 02:15:01,2025.05.15 03:32:03,0,0.39,0.0,0.0
GBPUSD,2025.05.14 20:00:00,2025.05.14 21:04:01,0,0.36,0.0,0.0
USDCHF,2025.05.28 11:15:00,2025.05.28 11:19:12,0,0.41,0.0,0.0
USDCHF,2025.05.27 17:05:00,2025.05.27 17:35:09,0,0.41,0.0,0.0
USDCHF,2025.05.27 15:45:00,2025.05.27 16:01:18,0,0.41,0.0,0.0
GBPUSD,2025.05.27 10:00:00,2025.05.27 10:28:27,0,0.38,0.0,0.0
EURUSD,2025.05.27 10:00:00,2025.05.27 10:27:50,0,0.81,0.0,0.0
EURUSD,2025.05.23 08:00:00,2025.05.23 10:21:34,0,0.81,0.0,0.0
GBPUSD,2025.05.23 06:00:00,2025.05.23 08:55:17,0,0.38,0.0,0.0
USDCHF,2025.05.22 21:50:00,2025.05.22 22:45:20,0,0.4,0.0,0.0
EURUSD,2025.05.22 13:00:00,2025.05.22 17:50:56,0,0.8,0.0,0.0
GBPUSD,2025.05.21 12:00:00,2025.05.21 12:25:53,0,0.37,0.0,0.0
USDCHF,2025.06.02 13:10:00,2025.06.02 13:31:25,0,0.42,0.0,0.0
GBPUSD,2025.06.02 10:00:00,2025.06.02 10:13:45,0,0.39,0.0,0.0
EURUSD,2025.06.02 04:00:00,2025.06.02 09:17:38,0,0.83,0.0,0.0
USDCHF,2025.06.02 08:05:01,2025.06.02 08:33:59,0,0.41,0.0,0.0
USDCHF,2025.06.02 05:30:00,2025.06.02 06:10:08,0,0.41,0.0,0.0
USDCHF,2025.05.30 16:25:00,2025.05.30 17:48:45,0,0.41,0.0,0.0
USDCHF,2025.05.30 15:15:00,2025.05.30 15:38:15,0,0.41,0.0,0.0
EURUSD,2025.05.30 11:00:00,2025.05.30 12:00:00,0,0.82,0.0,0.0
EURUSD,2025.05.29 16:00:00,2025.05.29 17:22:05,0,0.82,0.0,0.0
USDCHF,2025.05.29 07:35:02,2025.05.29 09:25:30,0,0.41,0.0,0.0
USDCHF,2025.05.29 01:45:00,2025.05.29 02:02:51,0,0.41,0.0,0.0
USDCHF,2025.05.28 18:20:00,2025.05.28 18:33:33,0,0.41,0.0,0.0
USDCHF,2025.05.28 12:15:00,2025.05.28 17:17:07,0,0.41,0.0,0.0
USDCHF,2023.05.29 04:25:00,2023.05.29 07:42:32,0,0.11,0.0,0.0
USDCHF,2023.05.26 19:15:01,2023.05.26 20:14:17,0,0.11,0.0,0.0
USDCHF,2023.05.26 11:20:00,2023.05.26 16:19:36,0,0.11,0.0,0.0
USDCHF,2023.05.26 10:25:00,2023.05.26 10:36:31,0,0.11,0.0,0.0
USDCHF,2023.05.26 09:05:00,2023.05.26 10:09:11,0,0.11,0.0,0.0
USDCHF,2023.05.26 04:20:00,2023.05.26 08:27:18,0,0.11,0.0,0.0
USDCHF,2023.05.26 02:30:02,2023.05.26 04:18:10,0,0.11,0.0,0.0
USDCHF,2023.05.25 10:15:00,2023.05.25 19:45:46,0,0.11,0.0,0.0
USDCHF,2023.05.25 09:45:00,2023.05.25 09:47:16,0,0.11,0.0,0.0
USDCHF,2023.05.24 20:25:00,2023.05.24 21:12:25,0,0.11,0.0,0.0
USDCHF,2023.05.24 16:35:01,2023.05.24 16:46:46,0,0.11,0.0,0.0
USDCHF,2023.05.24 14:20:00,2023.05.24 15:22:17,0,0.11,0.0,0.0
USDCHF,2023.05.24 04:20:06,2023.05.24 09:40:00,0,0.11,0.0,0.0
USDCHF,2025.06.05 20:35:00,2025.06.05 21:46:38,0,0.43,0.0,0.0
USDCHF,2025.06.05 19:50:00,2025.06.05 19:54:33,0,0.42,0.0,0.0
USDCHF,2025.06.05 17:50:00,2025.06.05 18:18:10,0,0.42,0.0,0.0
USDCHF,2025.06.05 16:30:00,2025.06.05 16:46:45,0,0.42,0.0,0.0
USDCHF,2025.06.05 15:35:00,2025.06.05 16:23:22,0,0.42,0.0,0.0
USDCHF,2025.06.05 09:15:01,2025.06.05 15:30:15,0,0.42,0.0,0.0
USDCHF,2025.06.05 02:45:00,2025.06.05 04:35:01,0,0.42,0.0,0.0
USDCHF,2025.06.04 22:20:00,2025.06.04 22:27:39,0,0.42,0.0,0.0
GBPUSD,2025.06.04 16:00:00,2025.06.04 17:02:49,0,0.39,0.0,0.0
EURUSD,2025.06.04 12:00:00,2025.06.04 17:00:04,0,0.84,0.0,0.0
GBPUSD,2025.06.03 14:00:00,2025.06.03 14:30:43,0,0.39,0.0,0.0
EURUSD,2025.06.03 11:00:00,2025.06.03 13:30:07,0,0.84,0.0,0.0
USDCHF,2025.06.02 15:35:00,2025.06.02 17:00:39,0,0.42,0.0,0.0
USDCHF,2025.06.10 15:20:00,2025.06.10 18:11:11,0,0.43,0.0,0.0
EURUSD,2025.06.10 15:00:00,2025.06.10 16:07:22,0,0.86,0.0,0.0
USDCHF,2025.06.10 11:05:00,2025.06.10 11:50:56,0,0.43,0.0,0.0
USDCHF,2025.06.10 09:55:02,2025.06.10 10:07:19,0,0.43,0.0,0.0
USDCHF,2025.06.10 06:15:01,2025.06.10 08:15:18,0,0.43,0.0,0.0
USDCHF,2025.06.10 03:55:00,2025.06.10 04:33:42,0,0.43,0.0,0.0
USDCHF,2025.06.09 17:15:00,2025.06.09 18:24:01,0,0.43,0.0,0.0
GBPUSD,2025.06.09 16:00:00,2025.06.09 16:24:02,0,0.4,0.0,0.0
USDCHF,2025.06.09 12:00:00,2025.06.09 13:38:50,0,0.43,0.0,0.0
GBPUSD,2025.06.09 10:00:00,2025.06.09 12:03:38,0,0.4,0.0,0.0
EURUSD,2025.06.06 12:00:00,2025.06.06 15:30:03,0,0.85,0.0,0.0
GBPUSD,2025.06.06 10:00:00,2025.06.06 10:03:17,0,0.4,0.0,0.0
USDCHF,2025.06.06 03:20:04,2025.06.06 04:00:33,0,0.43,0.0,0.0
USDCHF,2023.05.23 18:35:00,2023.05.23 19:13:12,0,0.11,0.0,0.0
USDCHF,2023.05.23 16:20:00,2023.05.23 16:47:22,0,0.11,0.0,0.0
USDCHF,2023.05.19 21:10:01,2023.05.19 21:42:27,0,0.11,0.0,0.0
USDCHF,2023.05.19 16:55:00,2023.05.19 18:14:18,0,0.11,0.0,0.0
USDCHF,2023.05.19 15:55:00,2023.05.19 16:13:11,0,0.11,0.0,0.0
USDCHF,2023.05.17 09:35:00,2023.05.17 19:53:36,0,0.11,0.0,0.0
USDCHF,2023.05.17 17:15:00,2023.05.17 19:53:36,0,0.11,0.0,0.0
USDCHF,2023.05.17 07:00:00,2023.05.17 08:22:37,0,0.11,0.0,0.0
USDCHF,2023.05.16 00:35:38,2023.05.16 18:05:24,0,0.11,0.0,0.0
USDCHF,2023.05.15 21:30:03,2023.05.15 23:29:25,0,0.11,0.0,0.0
EURUSD,2025.06.16 10:00:00,2025.06.16 16:05:25,0,0.88,0.0,0.0
EURGBP,2025.06.13 09:35:00,2025.06.13 10:26:12,0,0.35,0.0,0.0
EURUSD,2025.06.13 04:00:00,2025.06.13 04:04:55,0,0.87,0.0,0.0
EURGBP,2025.06.12 15:35:00,2025.06.12 15:45:07,0,0.35,0.0,0.0
GBPUSD,2025.06.11 16:00:00,2025.06.11 16:12:52,0,0.41,0.0,0.0
USDCHF,2025.06.11 10:55:00,2025.06.11 11:40:29,0,0.43,0.0,0.0
USDCHF,2025.06.11 04:50:00,2025.06.11 09:26:31,0,0.43,0.0,0.0
USDCHF,2025.06.19 15:05:00,2025.06.19 22:11:11,0,0.45,0.0,0.0
GBPUSD,2025.06.19 15:00:00,2025.06.19 20:57:09,0,0.42,0.0,0.0
USDCHF,2025.06.19 13:05:02,2025.06.19 13:32:28,0,0.45,0.0,0.0
USDCHF,2025.06.19 10:35:00,2025.06.19 10:41:11,0,0.45,0.0,0.0
USDCHF,2025.06.19 06:45:00,2025.06.19 10:30:02,0,0.45,0.0,0.0
USDCHF,2025.06.19 01:55:00,2025.06.19 04:06:19,0,0.45,0.0,0.0
USDCHF,2025.06.18 21:50:00,2025.06.18 21:54:21,0,0.45,0.0,0.0
USDCHF,2025.06.18 20:55:00,2025.06.18 21:00:09,0,0.45,0.0,0.0
USDCHF,2025.06.18 16:25:00,2025.06.18 17:38:23,0,0.45,0.0,0.0
USDCHF,2025.06.18 13:30:00,2025.06.18 15:16:19,0,0.45,0.0,0.0
EURUSD,2025.06.17 04:00:00,2025.06.17 17:30:34,0,0.89,0.0,0.0
GBPUSD,2025.06.17 12:00:00,2025.06.17 17:08:21,0,0.41,0.0,0.0
GBPUSD,2025.06.16 10:00:00,2025.06.16 16:07:26,0,0.41,0.0,0.0
USDCHF,2023.05.12 10:55:00,2023.05.12 10:59:13,0,0.11,0.0,0.0
USDCHF,2023.05.10 21:00:00,2023.05.10 21:37:02,0,0.11,0.0,0.0
USDCHF,2023.05.10 18:25:00,2023.05.10 18:34:23,0,0.11,0.0,0.0
USDCHF,2023.05.10 15:35:00,2023.05.10 15:35:30,0,0.11,0.0,0.0
USDCHF,2023.05.09 12:20:00,2023.05.09 19:12:13,0,0.11,0.0,0.0
USDCHF,2023.05.05 17:55:01,2023.05.05 18:01:37,0,0.11,0.0,0.0
USDCHF,2023.05.04 17:25:00,2023.05.04 17:26:25,0,0.11,0.0,0.0
USDCHF,2025.06.24 10:10:00,2025.06.24 10:53:14,0,0.46,0.0,0.0
USDCHF,2025.06.24 09:00:00,2025.06.24 09:03:15,0,0.46,0.0,0.0
USDCHF,2025.06.24 03:45:00,2025.06.24 08:57:49,0,0.46,0.0,0.0
EURUSD,2025.06.23 18:00:00,2025.06.23 18:26:09,0,0.91,0.0,0.0
GBPUSD,2025.06.23 18:00:00,2025.06.23 18:10:32,0,0.43,0.0,0.0
USDCHF,2025.06.23 15:00:00,2025.06.23 16:50:24,0,0.46,0.0,0.0
EURUSD,2025.06.23 01:00:00,2025.06.23 12:25:47,0,0.91,0.0,0.0
USDCHF,2025.06.23 07:15:01,2025.06.23 12:09:15,0,0.45,0.0,0.0
USDCHF,2025.06.23 05:15:00,2025.06.23 05:31:31,0,0.45,0.0,0.0
USDCHF,2025.06.23 01:15:00,2025.06.23 01:38:26,0,0.45,0.0,0.0
USDCHF,2025.06.20 16:45:00,2025.06.20 23:44:51,0,0.45,0.0,0.0
USDCHF,2025.06.20 15:00:00,2025.06.20 15:39:46,0,0.45,0.0,0.0
USDCHF,2025.06.20 01:15:00,2025.06.20 14:13:36,0,0.45,0.0,0.0
EURGBP,2025.06.26 14:05:00,2025.06.26 16:47:34,0,0.37,0.0,0.0
EURGBP,2025.06.26 11:40:00,2025.06.26 12:19:07,0,0.37,0.0,0.0
EURGBP,2025.06.26 11:15:00,2025.06.26 11:19:53,0,0.37,0.0,0.0
EURGBP,2025.06.26 10:10:00,2025.06.26 10:20:11,0,0.37,0.0,0.0
EURGBP,2025.06.26 08:55:00,2025.06.26 09:55:40,0,0.37,0.0,0.0
EURGBP,2025.06.25 16:20:00,2025.06.25 16:54:10,0,0.37,0.0,0.0
EURGBP,2025.06.25 13:45:00,2025.06.25 14:35:38,0,0.37,0.0,0.0
EURGBP,2025.06.25 09:40:00,2025.06.25 13:42:59,0,0.37,0.0,0.0
EURGBP,2025.06.25 02:20:02,2025.06.25 09:39:33,0,0.37,0.0,0.0
EURGBP,2025.06.24 17:30:00,2025.06.24 22:54:22,0,0.37,0.0,0.0
EURGBP,2025.06.24 16:30:00,2025.06.24 17:18:25,0,0.37,0.0,0.0
EURGBP,2025.06.24 15:00:00,2025.06.24 16:28:30,0,0.37,0.0,0.0
USDCHF,2025.06.24 12:15:00,2025.06.24 12:24:12,0,0.46,0.0,0.0
USDCHF,2023.05.04 07:00:01,2023.05.04 15:31:30,0,0.11,0.0,0.0
EURUSD,2023.05.04 12:00:00,2023.05.04 15:30:47,0,0.22,0.0,0.0
GBPUSD,2023.05.03 11:00:00,2023.05.03 11:07:08,0,0.1,0.0,0.0
USDCHF,2023.05.02 08:30:00,2023.05.02 17:35:28,0,0.11,0.0,0.0
USDCHF,2023.05.02 05:35:01,2023.05.02 07:29:49,0,0.11,0.0,0.0
USDCHF,2023.05.01 12:00:01,2023.05.01 17:40:42,0,0.11,0.0,0.0
EURUSD,2025.07.18 05:00:00,2025.07.18 11:46:49,0,0.95,0.0,0.0
EURUSD,2025.07.17 10:00:00,2025.07.17 15:30:26,0,0.94,0.0,0.0
EURUSD,2025.07.16 19:00:00,2025.07.16 19:07:22,0,0.94,0.0,0.0
USDCHF,2025.07.16 19:00:00,2025.07.16 19:00:50,0,0.47,0.0,0.0
USDCHF,2025.07.16 17:55:00,2025.07.16 17:56:33,0,0.47,0.0,0.0
EURGBP,2025.06.27 15:35:00,2025.06.27 15:44:10,0,0.37,0.0,0.0
USDCHF,2023.04.28 19:40:00,2023.04.28 20:01:01,0,0.11,0.0,0.0
EURUSD,2023.04.27 16:00:00,2023.04.27 16:18:24,0,0.22,0.0,0.0
EURGBP,2023.04.27 12:55:00,2023.04.27 13:47:36,0,0.09,0.0,0.0
EURGBP,2023.04.27 09:20:00,2023.04.27 10:17:06,0,0.09,0.0,0.0
EURGBP,2023.04.26 16:25:00,2023.04.26 17:47:28,0,0.09,0.0,0.0
EURGBP,2023.04.26 14:00:00,2023.04.26 14:28:48,0,0.09,0.0,0.0
EURGBP,2023.04.26 11:30:00,2023.04.26 13:58:13,0,0.09,0.0,0.0
EURUSD,2023.04.26 10:00:00,2023.04.26 10:21:46,0,0.21,0.0,0.0
GBPUSD,2023.04.26 10:00:00,2023.04.26 10:20:31,0,0.1,0.0,0.0
GBPUSD,2025.07.30 16:00:00,2025.07.30 16:12:55,0,0.45,0.0,0.0
GBPUSD,2025.07.30 04:00:00,2025.07.30 12:08:28,0,0.45,0.0,0.0
USDCHF,2025.07.25 17:05:00,2025.07.25 19:42:24,0,0.48,0.0,0.0
GBPUSD,2025.07.24 12:00:00,2025.07.24 15:41:31,0,0.45,0.0,0.0
USDCHF,2025.07.21 03:15:00,2025.07.21 09:49:25,0,0.48,0.0,0.0
USDCHF,2025.07.18 19:15:00,2025.07.18 19:41:59,0,0.48,0.0,0.0
EURGBP,2023.04.25 14:15:00,2023.04.25 19:28:00,0,0.08,0.0,0.0
EURUSD,2023.04.25 11:00:00,2023.04.25 18:43:12,0,0.21,0.0,0.0
EURGBP,2023.04.25 12:50:00,2023.04.25 14:14:26,0,0.08,0.0,0.0
GBPUSD,2023.04.25 11:00:00,2023.04.25 14:00:31,0,0.1,0.0,0.0
EURGBP,2023.04.25 11:50:00,2023.04.25 12:38:04,0,0.08,0.0,0.0
EURGBP,2023.04.25 10:40:00,2023.04.25 10:59:51,0,0.08,0.0,0.0
EURGBP,2023.04.25 09:55:00,2023.04.25 10:01:12,0,0.08,0.0,0.0
EURGBP,2023.04.25 09:00:00,2023.04.25 09:53:36,0,0.08,0.0,0.0
EURGBP,2023.04.24 16:10:00,2023.04.24 17:25:57,0,0.08,0.0,0.0
EURGBP,2023.04.24 12:45:02,2023.04.24 13:10:06,0,0.08,0.0,0.0
EURGBP,2023.04.24 10:40:00,2023.04.24 10:54:46,0,0.08,0.0,0.0
GBPUSD,2023.04.21 20:00:00,2023.04.21 21:06:30,0,0.1,0.0,0.0
EURGBP,2025.08.08 15:10:00,2025.08.08 21:00:40,0,0.4,0.0,0.0
EURGBP,2025.08.08 11:45:00,2025.08.08 15:09:06,0,0.4,0.0,0.0
EURGBP,2025.08.08 10:20:00,2025.08.08 10:33:25,0,0.4,0.0,0.0
EURGBP,2025.08.07 21:15:00,2025.08.07 22:22:47,0,0.39,0.0,0.0
EURGBP,2025.08.07 17:30:00,2025.08.07 17:41:29,0,0.39,0.0,0.0
EURUSD,2025.08.07 15:00:00,2025.08.07 17:08:30,0,0.98,0.0,0.0
EURGBP,2025.08.07 05:15:00,2025.08.07 15:09:21,0,0.39,0.0,0.0
EURUSD,2025.08.05 09:00:00,2025.08.05 11:45:32,0,0.97,0.0,0.0
GBPUSD,2025.08.01 16:00:00,2025.08.01 16:11:20,0,0.45,0.0,0.0
EURUSD,2025.08.01 16:00:00,2025.08.01 16:11:19,0,0.97,0.0,0.0
EURGBP,2025.08.21 14:00:00,2025.08.21 14:07:41,0,0.4,0.0,0.0
EURGBP,2025.08.21 10:35:00,2025.08.21 11:30:00,0,0.4,0.0,0.0
EURGBP,2025.08.21 09:40:00,2025.08.21 10:15:00,0,0.4,0.0,0.0
EURGBP,2025.08.19 16:55:00,2025.08.19 17:54:10,0,0.4,0.0,0.0
EURUSD,2025.08.18 11:00:00,2025.08.18 17:47:13,0,1.0,0.0,0.0
EURUSD,2025.08.15 11:00:00,2025.08.15 15:41:08,0,1.0,0.0,0.0
EURUSD,2025.08.14 10:00:00,2025.08.14 11:56:41,0,1.0,0.0,0.0
EURGBP,2025.08.12 18:45:00,2025.08.12 18:56:38,0,0.4,0.0,0.0
EURGBP,2025.08.12 15:10:00,2025.08.12 18:44:31,0,0.4,0.0,0.0
EURUSD,2025.08.12 16:00:00,2025.08.12 16:44:58,0,0.99,0.0,0.0
GBPUSD,2023.04.21 10:00:00,2023.04.21 10:38:02,0,0.1,0.0,0.0
GBPUSD,2023.04.20 16:00:00,2023.04.20 17:08:02,0,0.1,0.0,0.0
EURUSD,2023.04.20 12:00:00,2023.04.20 17:07:16,0,0.21,0.0,0.0
EURGBP,2023.04.19 20:40:09,2023.04.19 21:29:28,0,0.08,0.0,0.0
EURGBP,2023.04.19 16:00:00,2023.04.19 16:14:22,0,0.08,0.0,0.0
USDCHF,2023.04.19 15:05:00,2023.04.19 15:43:25,0,0.1,0.0,0.0
EURGBP,2023.04.19 14:05:00,2023.04.19 14:33:50,0,0.08,0.0,0.0
GBPUSD,2023.04.19 13:00:00,2023.04.19 14:04:30,0,0.1,0.0,0.0
EURUSD,2023.04.19 10:00:00,2023.04.19 12:31:13,0,0.21,0.0,0.0
USDCHF,2023.04.19 11:10:00,2023.04.19 12:30:43,0,0.1,0.0,0.0
EURGBP,2023.04.19 09:40:00,2023.04.19 11:57:14,0,0.08,0.0,0.0
USDCHF,2023.04.19 09:55:00,2023.04.19 10:09:48,0,0.1,0.0,0.0
EURGBP,2023.04.19 09:05:00,2023.04.19 09:26:42,0,0.08,0.0,0.0
EURGBP,2023.04.18 17:05:01,2023.04.18 17:09:55,0,0.08,0.0,0.0
EURUSD,2025.08.22 18:00:00,2025.08.22 20:15:25,0,1.02,0.0,0.0
GBPUSD,2025.08.22 17:00:00,2025.08.22 17:00:03,0,0.48,0.0,0.0
EURGBP,2025.08.22 15:10:01,2025.08.22 16:33:53,0,0.41,0.0,0.0
EURGBP,2025.08.22 11:10:05,2025.08.22 15:06:31,0,0.41,0.0,0.0
EURGBP,2025.08.22 09:15:00,2025.08.22 09:55:10,0,0.41,0.0,0.0
EURGBP,2025.08.22 03:15:00,2025.08.22 06:38:03,0,0.41,0.0,0.0
EURGBP,2025.08.21 17:15:00,2025.08.21 18:36:44,0,0.4,0.0,0.0
EURGBP,2025.08.21 15:40:00,2025.08.21 16:35:31,0,0.4,0.0,0.0
EURGBP,2025.08.21 15:30:00,2025.08.21 15:37:16,0,0.4,0.0,0.0
EURGBP,2025.08.21 14:15:01,2025.08.21 15:27:34,0,0.4,0.0,0.0
EURUSD,2023.04.18 10:00:00,2023.04.18 10:51:05,0,0.2,0.0,0.0
GBPUSD,2023.04.18 10:00:00,2023.04.18 10:05:59,0,0.1,0.0,0.0
EURUSD,2023.04.14 16:00:00,2023.04.14 16:50:56,0,0.2,0.0,0.0
GBPUSD,2023.04.14 12:00:00,2023.04.14 14:29:16,0,0.09,0.0,0.0
GBPUSD,2023.04.12 17:00:00,2023.04.12 17:04:05,0,0.09,0.0,0.0
GBPUSD,2023.04.12 13:00:00,2023.04.12 14:00:46,0,0.09,0.0,0.0
EURGBP,2023.04.12 00:00:00,2023.04.12 10:05:48,0,0.08,0.0,0.0
EURGBP,2023.04.11 19:00:00,2023.04.11 19:22:34,0,0.08,0.0,0.0
EURGBP,2023.04.11 18:00:00,2023.04.11 18:31:06,0,0.08,0.0,0.0
USDCHF,2023.04.11 17:10:00,2023.04.11 17:57:34,0,0.1,0.0,0.0
USDCHF,2025.08.28 21:05:03,2025.08.28 21:36:00,0,0.52,0.0,0.0
USDCHF,2025.08.28 17:20:00,2025.08.28 19:48:18,0,0.52,0.0,0.0
USDCHF,2025.08.28 14:35:00,2025.08.28 14:42:32,0,0.52,0.0,0.0
GBPUSD,2025.08.25 19:00:00,2025.08.25 20:41:44,0,0.48,0.0,0.0
EURUSD,2025.08.25 19:00:00,2025.08.25 19:50:47,0,1.03,0.0,0.0
EURGBP,2025.08.25 10:10:07,2025.08.25 10:52:57,0,0.41,0.0,0.0
EURGBP,2025.08.25 07:45:02,2025.08.25 09:44:49,0,0.41,0.0,0.0
EURUSD,2025.09.03 12:00:00,2025.09.03 17:03:06,0,1.06,0.0,0.0
EURGBP,2025.09.03 08:00:00,2025.09.03 16:34:05,0,0.42,0.0,0.0
GBPUSD,2025.09.03 12:00:00,2025.09.03 15:15:02,0,0.49,0.0,0.0
EURUSD,2025.09.02 07:00:02,2025.09.02 10:22:49,0,1.05,0.0,0.0
GBPUSD,2025.09.02 07:00:00,2025.09.02 10:07:33,0,0.49,0.0,0.0
USDCHF,2025.09.01 10:10:01,2025.09.01 14:55:16,0,0.53,0.0,0.0
USDCHF,2025.09.01 05:05:00,2025.09.01 05:28:21,0,0.53,0.0,0.0
USDCHF,2025.09.01 01:00:57,2025.09.01 01:57:38,0,0.53,0.0,0.0
USDCHF,2025.08.29 21:20:01,2025.08.29 23:51:03,0,0.52,0.0,0.0
USDCHF,2025.08.29 15:35:00,2025.08.29 15:51:50,0,0.52,0.0,0.0
GBPUSD,2025.08.29 12:00:00,2025.08.29 12:35:38,0,0.49,0.0,0.0
USDCHF,2025.08.29 11:55:02,2025.08.29 12:35:26,0,0.52,0.0,0.0
USDCHF,2025.09.10 17:55:00,2025.09.10 19:24:12,0,0.54,0.0,0.0
USDCHF,2025.09.10 15:35:00,2025.09.10 16:27:57,0,0.54,0.0,0.0
USDCHF,2025.09.10 14:55:00,2025.09.10 15:30:02,0,0.54,0.0,0.0
USDCHF,2025.09.10 13:25:00,2025.09.10 14:06:28,0,0.54,0.0,0.0
USDCHF,2025.09.10 12:10:00,2025.09.10 12:49:17,0,0.54,0.0,0.0
USDCHF,2025.09.10 08:55:00,2025.09.10 09:57:17,0,0.54,0.0,0.0
USDCHF,2025.09.10 04:55:00,2025.09.10 07:16:34,0,0.54,0.0,0.0
USDCHF,2025.09.10 00:25:02,2025.09.10 03:00:58,0,0.54,0.0,0.0
GBPUSD,2025.09.09 18:00:00,2025.09.09 18:16:03,0,0.5,0.0,0.0
USDCHF,2025.09.05 19:40:00,2025.09.05 20:02:11,0,0.53,0.0,0.0
EURGBP,2025.09.03 17:20:00,2025.09.03 17:48:16,0,0.43,0.0,0.0
EURGBP,2023.04.11 16:40:00,2023.04.11 17:30:34,0,0.08,0.0,0.0
USDCHF,2023.04.11 14:30:00,2023.04.11 15:36:46,0,0.1,0.0,0.0
EURGBP,2023.04.11 14:05:00,2023.04.11 15:13:19,0,0.08,0.0,0.0
EURGBP,2023.04.11 12:30:00,2023.04.11 13:13:56,0,0.08,0.0,0.0
EURGBP,2023.04.11 11:50:00,2023.04.11 12:10:26,0,0.08,0.0,0.0
GBPUSD,2023.04.11 09:00:00,2023.04.11 10:12:18,0,0.09,0.0,0.0
EURUSD,2023.04.11 06:00:00,2023.04.11 10:12:18,0,0.2,0.0,0.0
EURGBP,2023.04.11 09:35:00,2023.04.11 10:06:55,0,0.08,0.0,0.0
EURGBP,2023.04.10 17:10:00,2023.04.10 21:49:04,0,0.08,0.0,0.0
USDCHF,2023.04.07 17:15:01,2023.04.07 17:25:09,0,0.1,0.0,0.0
EURUSD,2025.09.15 13:00:00,2025.09.15 13:27:57,0,1.1,0.0,0.0
USDCHF,2025.09.15 10:10:00,2025.09.15 10:33:04,0,0.55,0.0,0.0
USDCHF,2025.09.15 08:50:00,2025.09.15 09:20:12,0,0.55,0.0,0.0
USDCHF,2025.09.12 17:05:00,2025.09.12 19:42:56,0,0.55,0.0,0.0
EURUSD,2025.09.12 12:00:00,2025.09.12 15:41:30,0,1.09,0.0,0.0
USDCHF,2025.09.12 14:50:00,2025.09.12 15:09:27,0,0.55,0.0,0.0
USDCHF,2025.09.12 13:10:02,2025.09.12 13:53:37,0,0.55,0.0,0.0
USDCHF,2025.09.12 11:10:00,2025.09.12 11:14:29,0,0.55,0.0,0.0
USDCHF,2025.09.12 08:35:01,2025.09.12 10:00:09,0,0.55,0.0,0.0
EURUSD,2023.04.06 15:00:00,2023.04.06 19:05:19,0,0.2,0.0,0.0
USDCHF,2023.04.06 17:10:00,2023.04.06 17:55:28,0,0.1,0.0,0.0
GBPUSD,2023.04.06 16:00:00,2023.04.06 16:04:57,0,0.09,0.0,0.0
USDCHF,2023.04.06 15:35:00,2023.04.06 15:50:37,0,0.1,0.0,0.0
USDCHF,2023.04.06 12:20:00,2023.04.06 15:33:21,0,0.1,0.0,0.0
GBPUSD,2023.04.06 11:00:00,2023.04.06 14:36:04,0,0.09,0.0,0.0
EURUSD,2023.04.05 18:00:00,2023.04.05 20:00:25,0,0.2,0.0,0.0
USDCHF,2023.04.05 01:15:00,2023.04.05 19:38:59,0,0.1,0.0,0.0
USDCHF,2023.04.04 16:25:00,2023.04.04 16:47:22,0,0.1,0.0,0.0
USDCHF,2023.04.04 13:10:00,2023.04.04 13:48:23,0,0.1,0.0,0.0
USDCHF,2023.04.04 07:45:00,2023.04.04 09:41:11,0,0.1,0.0,0.0
GBPUSD,2025.09.24 10:00:00,2025.09.24 10:13:26,0,0.53,0.0,0.0
GBPUSD,2025.09.22 12:00:01,2025.09.22 13:27:54,0,0.53,0.0,0.0
EURUSD,2025.09.22 12:00:01,2025.09.22 13:04:21,0,1.13,0.0,0.0
USDCHF,2025.09.18 17:30:00,2025.09.18 18:24:21,0,0.56,0.0,0.0
GBPUSD,2025.09.18 00:00:00,2025.09.18 16:35:00,0,0.52,0.0,0.0
EURUSD,2025.09.18 11:00:00,2025.09.18 12:38:53,0,1.11,0.0,0.0
EURUSD,2025.09.17 14:00:00,2025.09.17 21:54:33,0,1.11,0.0,0.0
EURGBP,2025.09.16 15:15:00,2025.09.16 16:55:17,0,0.44,0.0,0.0
EURGBP,2025.09.16 14:00:00,2025.09.16 14:10:17,0,0.44,0.0,0.0
USDCHF,2025.09.30 18:20:00,2025.09.30 18:29:23,0,0.58,0.0,0.0
USDCHF,2025.09.30 16:50:00,2025.09.30 17:10:04,0,0.58,0.0,0.0
USDCHF,2025.09.30 16:20:00,2025.09.30 16:26:08,0,0.58,0.0,0.0
USDCHF,2025.09.30 15:00:00,2025.09.30 15:22:27,0,0.58,0.0,0.0
USDCHF,2025.09.30 08:45:00,2025.09.30 14:13:22,0,0.58,0.0,0.0
USDCHF,2025.09.30 04:20:00,2025.09.30 07:57:54,0,0.57,0.0,0.0
USDCHF,2025.09.29 15:15:00,2025.09.29 15:37:15,0,0.57,0.0,0.0
USDCHF,2025.09.29 04:10:00,2025.09.29 14:00:27,0,0.57,0.0,0.0
GBPUSD,2025.09.26 16:00:00,2025.09.26 16:04:09,0,0.53,0.0,0.0
USDCHF,2025.09.25 04:20:06,2025.09.25 09:09:03,0,0.57,0.0,0.0
EURUSD,2025.09.24 10:00:00,2025.09.24 11:25:37,0,1.13,0.0,0.0
USDCHF,2023.04.03 09:15:00,2023.04.03 14:36:24,0,0.1,0.0,0.0
GBPUSD,2023.04.03 12:00:00,2023.04.03 12:50:07,0,0.09,0.0,0.0
EURUSD,2023.04.03 11:00:00,2023.04.03 12:47:38,0,0.19,0.0,0.0
EURUSD,2023.03.31 11:00:00,2023.03.31 23:29:17,0,0.19,0.0,0.0
USDCHF,2023.03.31 17:55:00,2023.03.31 17:57:53,0,0.1,0.0,0.0
USDCHF,2023.03.31 09:20:00,2023.03.31 16:40:10,0,0.1,0.0,0.0
EURGBP,2023.03.30 16:05:00,2023.03.30 16:39:15,0,0.08,0.0,0.0
EURGBP,2023.03.30 15:40:00,2023.03.30 15:43:01,0,0.08,0.0,0.0
EURGBP,2023.03.30 14:00:00,2023.03.30 15:27:49,0,0.08,0.0,0.0
USDCHF,2023.03.30 07:25:02,2023.03.30 08:20:32,0,0.1,0.0,0.0
GBPUSD,2025.10.06 02:00:01,2025.10.06 11:11:46,0,0.55,0.0,0.0
EURUSD,2025.10.06 10:00:00,2025.10.06 10:42:15,0,1.17,0.0,0.0
GBPUSD,2025.10.03 17:00:00,2025.10.03 18:55:51,0,0.54,0.0,0.0
EURUSD,2025.10.03 12:00:00,2025.10.03 17:06:17,0,1.17,0.0,0.0
USDCHF,2025.10.02 19:35:01,2025.10.02 20:05:32,0,0.58,0.0,0.0
GBPUSD,2025.10.02 16:00:00,2025.10.02 16:15:07,0,0.54,0.0,0.0
USDCHF,2025.10.02 13:10:01,2025.10.02 15:42:39,0,0.58,0.0,0.0
USDCHF,2025.10.01 08:15:00,2025.10.01 11:58:33,0,0.58,0.0,0.0
USDCHF,2025.10.01 00:01:40,2025.10.01 07:10:26,0,0.58,0.0,0.0
USDCHF,2025.09.30 20:50:08,2025.09.30 21:22:54,0,0.58,0.0,0.0
USDCHF,2025.09.30 19:10:00,2025.09.30 19:34:04,0,0.58,0.0,0.0
USDCHF,2025.10.08 16:30:00,2025.10.08 16:47:14,0,0.6,0.0,0.0
GBPUSD,2025.10.08 11:00:00,2025.10.08 16:15:53,0,0.56,0.0,0.0
USDCHF,2025.10.08 10:40:00,2025.10.08 13:27:37,0,0.6,0.0,0.0
USDCHF,2025.10.08 00:25:07,2025.10.08 03:01:27,0,0.6,0.0,0.0
USDCHF,2025.10.07 21:00:00,2025.10.07 21:39:27,0,0.6,0.0,0.0
USDCHF,2025.10.07 13:35:00,2025.10.07 18:46:23,0,0.59,0.0,0.0
EURGBP,2025.10.07 13:55:00,2025.10.07 17:29:08,0,0.48,0.0,0.0
EURGBP,2025.10.07 11:50:00,2025.10.07 13:53:39,0,0.48,0.0,0.0
EURGBP,2025.10.07 09:10:00,2025.10.07 11:45:36,0,0.47,0.0,0.0
GBPUSD,2025.10.07 10:00:00,2025.10.07 10:08:29,0,0.55,0.0,0.0
USDCHF,2025.10.07 01:15:00,2025.10.07 04:44:16,0,0.59,0.0,0.0
GBPUSD,2025.10.06 18:00:00,2025.10.06 22:37:03,0,0.55,0.0,0.0
EURGBP,2025.10.06 14:00:00,2025.10.06 17:25:05,0,0.47,0.0,0.0
USDCHF,2025.10.06 14:00:00,2025.10.06 14:37:26,0,0.59,0.0,0.0
EURGBP,2025.10.06 10:45:00,2025.10.06 11:28:09,0,0.47,0.0,0.0
USDCHF,2025.10.14 00:41:43,2025.10.14 03:03:43,0,0.6,0.0,0.0
USDCHF,2025.10.13 18:45:00,2025.10.13 19:12:48,0,0.6,0.0,0.0
USDCHF,2025.10.13 08:50:02,2025.10.13 15:29:40,0,0.6,0.0,0.0
GBPUSD,2025.10.10 19:00:00,2025.10.10 19:05:42,0,0.56,0.0,0.0
EURGBP,2025.10.10 13:55:00,2025.10.10 14:32:16,0,0.48,0.0,0.0
EURGBP,2025.10.10 11:55:00,2025.10.10 12:23:42,0,0.48,0.0,0.0
USDCHF,2025.10.09 22:25:03,2025.10.09 23:05:59,0,0.6,0.0,0.0
EURGBP,2025.10.09 11:45:00,2025.10.09 20:03:39,0,0.48,0.0,0.0
USDCHF,2025.10.09 14:10:00,2025.10.09 15:18:03,0,0.6,0.0,0.0
USDCHF,2025.10.09 11:45:00,2025.10.09 12:04:49,0,0.6,0.0,0.0
USDCHF,2025.10.09 02:25:00,2025.10.09 09:28:21,0,0.6,0.0,0.0
EURGBP,2025.10.15 19:55:00,2025.10.15 23:06:01,0,0.49,0.0,0.0
EURGBP,2025.10.15 18:25:00,2025.10.15 18:44:03,0,0.49,0.0,0.0
EURGBP,2025.10.15 16:50:00,2025.10.15 16:55:05,0,0.49,0.0,0.0
EURGBP,2025.10.15 13:15:00,2025.10.15 16:28:21,0,0.49,0.0,0.0
EURGBP,2025.10.15 11:50:01,2025.10.15 12:16:02,0,0.49,0.0,0.0
EURGBP,2025.10.14 17:55:00,2025.10.14 18:56:17,0,0.49,0.0,0.0
USDCHF,2025.10.14 16:25:00,2025.10.14 16:25:33,0,0.61,0.0,0.0
EURGBP,2025.10.14 15:45:00,2025.10.14 16:05:04,0,0.49,0.0,0.0
EURGBP,2025.10.14 14:05:00,2025.10.14 14:30:49,0,0.48,0.0,0.0
EURGBP,2025.10.14 13:20:01,2025.10.14 14:01:32,0,0.48,0.0,0.0
USDCHF,2025.10.14 09:35:00,2025.10.14 10:17:42,0,0.6,0.0,0.0
GBPUSD,2025.10.14 10:00:00,2025.10.14 10:03:08,0,0.56,0.0,0.0
USDCHF,2025.10.14 04:25:00,2025.10.14 06:43:15,0,0.6,0.0,0.0
USDCHF,2023.03.30 03:10:00,2023.03.30 03:31:17,0,0.1,0.0,0.0
USDCHF,2023.03.29 16:05:00,2023.03.29 23:56:00,0,0.1,0.0,0.0
USDCHF,2023.03.29 13:55:00,2023.03.29 14:56:04,0,0.1,0.0,0.0
USDCHF,2023.03.29 02:55:00,2023.03.29 12:17:39,0,0.1,0.0,0.0
USDCHF,2023.03.28 08:25:00,2023.03.28 09:00:54,0,0.1,0.0,0.0
USDCHF,2023.03.27 16:30:00,2023.03.27 23:56:40,0,0.09,0.0,0.0
GBPUSD,2023.03.27 17:00:00,2023.03.27 17:09:25,0,0.09,0.0,0.0
USDCHF,2023.03.27 15:45:00,2023.03.27 15:52:36,0,0.09,0.0,0.0
USDCHF,2023.03.27 09:55:00,2023.03.27 10:03:51,0,0.09,0.0,0.0
USDCHF,2023.03.27 07:45:00,2023.03.27 09:11:13,0,0.09,0.0,0.0
USDCHF,2023.03.27 00:00:00,2023.03.27 06:31:54,0,0.09,0.0,0.0
USDCHF,2023.03.24 20:20:00,2023.03.24 21:04:59,0,0.09,0.0,0.0
USDCHF,2023.03.24 15:25:00,2023.03.24 15:30:51,0,0.09,0.0,0.0
EURGBP,2025.10.22 09:35:00,2025.10.22 10:31:58,0,0.5,0.0,0.0
USDCHF,2025.10.22 03:15:00,2025.10.22 04:00:02,0,0.62,0.0,0.0
EURGBP,2025.10.17 18:00:00,2025.10.17 18:09:00,0,0.5,0.0,0.0
EURGBP,2025.10.17 17:15:00,2025.10.17 17:18:43,0,0.5,0.0,0.0
EURGBP,2025.10.17 15:45:00,2025.10.17 17:12:34,0,0.5,0.0,0.0
GBPUSD,2025.10.17 12:00:00,2025.10.17 15:38:52,0,0.58,0.0,0.0
EURUSD,2025.10.17 15:00:00,2025.10.17 15:38:00,0,1.24,0.0,0.0
EURGBP,2025.10.16 00:05:00,2025.10.16 21:09:38,0,0.49,0.0,0.0
EURUSD,2023.03.23 14:00:00,2023.03.23 21:38:06,0,0.19,0.0,0.0
EURGBP,2023.03.23 18:55:00,2023.03.23 20:00:11,0,0.08,0.0,0.0
EURGBP,2023.03.23 15:50:00,2023.03.23 16:12:30,0,0.08,0.0,0.0
EURGBP,2023.03.23 15:10:00,2023.03.23 15:34:30,0,0.07,0.0,0.0
EURGBP,2023.03.23 04:20:01,2023.03.23 15:00:41,0,0.07,0.0,0.0
EURGBP,2023.03.22 10:05:00,2023.03.22 14:27:05,0,0.07,0.0,0.0
GBPUSD,2023.03.22 11:00:00,2023.03.22 11:03:24,0,0.09,0.0,0.0
GBPUSD,2023.03.21 11:00:00,2023.03.21 16:44:23,0,0.09,0.0,0.0
EURGBP,2025.10.24 16:00:00,2025.10.24 17:11:36,0,0.51,0.0,0.0
USDCHF,2025.10.24 15:30:00,2025.10.24 15:30:01,0,0.63,0.0,0.0
EURGBP,2025.10.24 14:35:00,2025.10.24 15:30:01,0,0.51,0.0,0.0
USDCHF,2025.10.24 11:20:04,2025.10.24 12:51:06,0,0.63,0.0,0.0
EURGBP,2025.10.24 10:35:00,2025.10.24 11:34:33,0,0.51,0.0,0.0
USDCHF,2025.10.24 09:30:00,2025.10.24 09:59:57,0,0.63,0.0,0.0
USDCHF,2025.10.23 11:00:00,2025.10.23 15:51:07,0,0.63,0.0,0.0
USDCHF,2025.10.23 09:45:04,2025.10.23 10:29:37,0,0.63,0.0,0.0
USDCHF,2025.10.23 07:45:00,2025.10.23 09:13:28,0,0.63,0.0,0.0
USDCHF,2025.10.22 14:40:01,2025.10.22 17:54:53,0,0.63,0.0,0.0
USDCHF,2025.10.22 07:15:00,2025.10.22 11:03:50,0,0.62,0.0,0.0
EURUSD,2025.10.29 22:00:00,2025.10.29 22:24:38,0,1.29,0.0,0.0
EURUSD,2025.10.29 18:00:00,2025.10.29 19:02:24,0,1.28,0.0,0.0
USDCHF,2025.10.28 16:55:03,2025.10.28 17:10:22,0,0.64,0.0,0.0
USDCHF,2025.10.28 05:50:00,2025.10.28 15:09:07,0,0.64,0.0,0.0
USDCHF,2025.10.27 19:45:00,2025.10.27 21:48:54,0,0.64,0.0,0.0
USDCHF,2025.10.27 15:40:00,2025.10.27 16:40:10,0,0.64,0.0,0.0
EURGBP,2025.10.27 16:05:01,2025.10.27 16:35:03,0,0.51,0.0,0.0
EURGBP,2025.10.27 14:10:00,2025.10.27 15:51:53,0,0.51,0.0,0.0
USDCHF,2025.10.27 09:10:00,2025.10.27 14:19:47,0,0.64,0.0,0.0
USDCHF,2025.10.27 05:05:00,2025.10.27 05:30:49,0,0.64,0.0,0.0
USDCHF,2025.10.27 03:35:01,2025.10.27 04:05:33,0,0.63,0.0,0.0
USDCHF,2023.03.20 18:25:00,2023.03.20 18:49:44,0,0.09,0.0,0.0
USDCHF,2023.03.20 13:40:00,2023.03.20 14:09:24,0,0.09,0.0,0.0
EURUSD,2023.03.17 15:00:00,2023.03.17 15:30:24,0,0.18,0.0,0.0
EURGBP,2023.03.17 11:35:00,2023.03.17 13:08:07,0,0.07,0.0,0.0
EURGBP,2023.03.17 11:20:00,2023.03.17 11:28:51,0,0.07,0.0,0.0
EURGBP,2023.03.17 10:20:00,2023.03.17 10:44:41,0,0.07,0.0,0.0
EURGBP,2023.03.17 09:55:00,2023.03.17 10:00:18,0,0.07,0.0,0.0
EURGBP,2023.03.17 08:35:00,2023.03.17 09:41:34,0,0.07,0.0,0.0
EURGBP,2023.03.17 06:35:00,2023.03.17 08:33:11,0,0.07,0.0,0.0
EURUSD,2023.03.17 05:00:00,2023.03.17 06:24:22,0,0.18,0.0,0.0
EURGBP,2023.03.17 03:05:00,2023.03.17 04:41:08,0,0.07,0.0,0.0
USDCHF,2023.03.16 21:50:00,2023.03.16 22:18:54,0,0.09,0.0,0.0
GBPUSD,2023.03.16 19:00:00,2023.03.16 19:46:53,0,0.09,0.0,0.0
EURGBP,2025.11.17 18:15:06,2025.11.17 18:58:23,0,0.52,0.0,0.0
EURGBP,2025.11.17 16:30:01,2025.11.17 16:49:07,0,0.52,0.0,0.0
USDCHF,2025.11.12 10:25:01,2025.11.12 10:33:59,0,0.65,0.0,0.0
USDCHF,2025.11.11 17:55:00,2025.11.11 21:56:00,0,0.65,0.0,0.0
EURGBP,2025.11.24 14:00:00,2025.11.24 14:12:53,0,0.53,0.0,0.0
EURGBP,2025.11.20 16:45:00,2025.11.20 17:32:37,0,0.53,0.0,0.0
USDCHF,2025.11.19 09:10:00,2025.11.19 11:24:26,0,0.66,0.0,0.0
USDCHF,2025.11.19 02:05:04,2025.11.19 07:47:41,0,0.66,0.0,0.0
USDCHF,2025.11.19 00:30:17,2025.11.19 01:50:00,0,0.65,0.0,0.0
USDCHF,2025.11.18 22:05:02,2025.11.18 22:30:44,0,0.65,0.0,0.0
USDCHF,2025.11.18 20:30:01,2025.11.18 20:48:53,0,0.65,0.0,0.0
USDCHF,2025.11.18 16:40:00,2025.11.18 17:21:53,0,0.65,0.0,0.0
USDCHF,2025.11.18 14:05:01,2025.11.18 15:22:31,0,0.65,0.0,0.0
USDCHF,2025.11.18 09:40:03,2025.11.18 10:38:53,0,0.65,0.0,0.0
EURGBP,2023.03.16 17:30:00,2023.03.16 18:01:42,0,0.07,0.0,0.0
USDCHF,2023.03.16 01:05:07,2023.03.16 17:31:41,0,0.09,0.0,0.0
USDCHF,2023.03.16 12:20:00,2023.03.16 17:31:41,0,0.09,0.0,0.0
EURGBP,2023.03.16 08:20:00,2023.03.16 15:55:26,0,0.07,0.0,0.0
EURGBP,2023.03.16 03:05:00,2023.03.16 03:49:22,0,0.07,0.0,0.0
USDCHF,2023.03.15 22:50:00,2023.03.15 22:53:38,0,0.09,0.0,0.0
USDCHF,2023.03.15 21:35:00,2023.03.15 22:04:59,0,0.09,0.0,0.0
EURGBP,2023.03.15 14:15:00,2023.03.15 19:44:21,0,0.07,0.0,0.0
EURGBP,2023.03.15 16:05:00,2023.03.15 19:44:21,0,0.07,0.0,0.0
USDCHF,2023.03.15 15:10:00,2023.03.15 19:23:43,0,0.09,0.0,0.0
USDCHF,2023.03.15 14:45:00,2023.03.15 14:48:01,0,0.09,0.0,0.0
EURGBP,2023.03.15 13:55:00,2023.03.15 14:00:18,0,0.07,0.0,0.0
EURUSD,2023.03.15 13:00:00,2023.03.15 13:32:17,0,0.18,0.0,0.0
GBPUSD,2023.03.15 13:00:00,2023.03.15 13:27:50,0,0.08,0.0,0.0
EURGBP,2023.03.15 12:40:00,2023.03.15 12:47:25,0,0.07,0.0,0.0
EURGBP,2025.11.27 17:55:04,2025.11.27 18:40:55,0,0.54,0.0,0.0
EURGBP,2025.11.27 13:25:02,2025.11.27 16:49:50,0,0.54,0.0,0.0
USDCHF,2025.11.27 15:30:00,2025.11.27 15:53:31,0,0.67,0.0,0.0
GBPUSD,2025.11.27 11:00:00,2025.11.27 11:09:00,0,0.63,0.0,0.0
USDCHF,2025.11.26 16:50:00,2025.11.26 17:05:41,0,0.67,0.0,0.0
USDCHF,2025.11.26 09:20:02,2025.11.26 09:41:40,0,0.67,0.0,0.0
USDCHF,2023.03.15 07:40:00,2023.03.15 07:45:38,0,0.09,0.0,0.0
USDCHF,2023.03.15 03:55:00,2023.03.15 05:01:58,0,0.09,0.0,0.0
USDCHF,2023.03.15 00:35:09,2023.03.15 02:35:22,0,0.09,0.0,0.0
USDCHF,2023.03.14 23:30:00,2023.03.14 23:59:46,0,0.09,0.0,0.0
EURGBP,2023.03.14 21:20:00,2023.03.14 22:45:33,0,0.07,0.0,0.0
USDCHF,2023.03.14 20:20:00,2023.03.14 21:51:23,0,0.09,0.0,0.0
USDCHF,2023.03.14 18:55:00,2023.03.14 20:17:29,0,0.09,0.0,0.0
EURGBP,2023.03.14 18:45:00,2023.03.14 19:05:37,0,0.07,0.0,0.0
USDCHF,2023.03.14 16:45:00,2023.03.14 16:48:30,0,0.09,0.0,0.0
USDCHF,2025.12.05 01:05:00,2025.12.05 17:50:50,0,0.68,0.0,0.0
GBPUSD,2025.12.03 05:00:00,2025.12.03 08:15:08,0,0.63,0.0,0.0
USDCHF,2025.12.02 17:35:00,2025.12.02 22:06:15,0,0.68,0.0,0.0
USDCHF,2025.12.02 14:50:09,2025.12.02 17:33:13,0,0.68,0.0,0.0
USDCHF,2025.12.02 00:37:52,2025.12.02 11:26:55,0,0.68,0.0,0.0
USDCHF,2025.12.01 16:15:00,2025.12.01 20:31:52,0,0.68,0.0,0.0
EURGBP,2025.11.28 11:25:00,2025.11.28 17:26:15,0,0.54,0.0,0.0
USDCHF,2025.11.28 13:55:02,2025.11.28 14:29:12,0,0.67,0.0,0.0
EURGBP,2025.12.16 15:35:00,2025.12.16 20:04:42,0,0.55,0.0,0.0
EURGBP,2025.12.16 12:40:00,2025.12.16 15:31:19,0,0.55,0.0,0.0
GBPUSD,2025.12.15 15:00:00,2025.12.15 16:46:43,0,0.64,0.0,0.0
GBPUSD,2025.12.12 13:00:00,2025.12.12 14:48:32,0,0.64,0.0,0.0
EURGBP,2025.12.12 12:25:01,2025.12.12 13:03:20,0,0.55,0.0,0.0
EURGBP,2025.12.12 09:05:00,2025.12.12 10:51:12,0,0.55,0.0,0.0
EURGBP,2025.12.12 00:05:00,2025.12.12 09:01:47,0,0.55,0.0,0.0
GBPUSD,2025.12.10 10:00:00,2025.12.10 16:51:31,0,0.64,0.0,0.0
USDCHF,2025.12.09 18:15:00,2025.12.09 22:10:43,0,0.68,0.0,0.0
USDCHF,2025.12.08 19:50:00,2025.12.08 20:43:19,0,0.68,0.0,0.0
USDCHF,2025.12.08 09:30:00,2025.12.08 10:29:41,0,0.68,0.0,0.0
USDCHF,2025.12.08 02:45:00,2025.12.08 04:05:51,0,0.68,0.0,0.0
EURGBP,2023.03.13 17:35:00,2023.03.13 19:28:25,0,0.07,0.0,0.0
EURGBP,2023.03.13 16:25:00,2023.03.13 17:08:24,0,0.07,0.0,0.0
EURGBP,2023.03.13 14:50:00,2023.03.13 15:18:07,0,0.07,0.0,0.0
EURGBP,2023.03.13 12:05:00,2023.03.13 13:25:07,0,0.07,0.0,0.0
EURGBP,2023.03.13 08:15:00,2023.03.13 12:02:58,0,0.07,0.0,0.0
EURGBP,2023.03.13 05:20:00,2023.03.13 07:27:02,0,0.07,0.0,0.0
USDCHF,2023.03.13 05:25:00,2023.03.13 05:27:04,0,0.09,0.0,0.0
EURGBP,2023.03.13 04:15:00,2023.03.13 05:10:54,0,0.07,0.0,0.0
USDCHF,2023.03.13 02:50:00,2023.03.13 02:55:28,0,0.09,0.0,0.0
EURGBP,2023.03.13 01:45:00,2023.03.13 01:56:57,0,0.07,0.0,0.0
EURGBP,2023.03.10 22:45:00,2023.03.10 23:26:57,0,0.07,0.0,0.0
USDCHF,2023.03.10 19:00:00,2023.03.10 21:40:13,0,0.09,0.0,0.0
EURGBP,2023.03.10 18:55:00,2023.03.10 19:44:26,0,0.07,0.0,0.0
EURGBP,2023.03.10 13:45:02,2023.03.10 14:04:11,0,0.07,0.0,0.0
GBPUSD,2023.03.03 16:00:00,2023.03.03 20:12:37,0,0.08,0.0,0.0
EURGBP,2023.03.01 00:20:00,2023.03.01 00:29:55,0,0.07,0.0,0.0
EURGBP,2023.03.01 00:05:00,2023.03.01 00:15:50,0,0.07,0.0,0.0
EURGBP,2023.02.28 11:00:00,2023.02.28 22:52:42,0,0.07,0.0,0.0
EURGBP,2023.02.28 10:05:00,2023.02.28 10:40:59,0,0.07,0.0,0.0
EURGBP,2023.02.27 19:55:00,2023.02.27 20:16:58,0,0.07,0.0,0.0
USDCHF,2026.01.09 16:45:00,2026.01.09 16:51:29,0,0.68,0.0,0.0
USDCHF,2026.01.09 15:35:00,2026.01.09 15:37:25,0,0.68,0.0,0.0
GBPUSD,2026.01.06 14:00:00,2026.01.06 14:55:31,0,0.64,0.0,0.0
GBPUSD,2026.01.02 11:00:00,2026.01.02 13:14:18,0,0.64,0.0,0.0
EURGBP,2025.12.19 16:40:00,2025.12.19 17:55:46,0,0.55,0.0,0.0
GBPUSD,2025.12.17 08:00:01,2025.12.17 08:58:33,0,0.64,0.0,0.0
USDCHF,2026.01.15 05:05:00,2026.01.15 06:12:24,0,0.71,0.0,0.0
USDCHF,2026.01.14 19:35:02,2026.01.14 20:05:34,0,0.71,0.0,0.0
GBPUSD,2026.01.14 11:00:00,2026.01.14 16:41:58,0,0.66,0.0,0.0
EURUSD,2026.01.13 15:00:00,2026.01.13 18:14:22,0,1.4,0.0,0.0
GBPUSD,2026.01.13 18:00:00,2026.01.13 18:08:00,0,0.65,0.0,0.0
EURUSD,2026.01.12 03:00:00,2026.01.12 09:17:10,0,1.4,0.0,0.0
GBPUSD,2026.01.12 03:00:00,2026.01.12 09:09:26,0,0.65,0.0,0.0
USDCHF,2026.01.12 02:10:00,2026.01.12 02:12:50,0,0.7,0.0,0.0
EURGBP,2023.02.27 17:45:00,2023.02.27 18:21:54,0,0.07,0.0,0.0
EURGBP,2023.02.27 15:40:00,2023.02.27 16:02:14,0,0.07,0.0,0.0
GBPUSD,2023.02.27 13:00:00,2023.02.27 13:23:27,0,0.08,0.0,0.0
EURGBP,2023.02.24 10:45:00,2023.02.24 10:58:37,0,0.07,0.0,0.0
EURGBP,2023.02.24 10:00:00,2023.02.24 10:06:59,0,0.07,0.0,0.0
EURGBP,2023.02.24 09:20:01,2023.02.24 09:38:32,0,0.07,0.0,0.0
EURGBP,2023.02.24 08:40:00,2023.02.24 09:15:51,0,0.07,0.0,0.0
EURGBP,2023.02.24 08:00:00,2023.02.24 08:38:44,0,0.07,0.0,0.0
EURGBP,2023.02.24 02:05:02,2023.02.24 05:33:04,0,0.07,0.0,0.0
EURGBP,2023.02.23 19:15:00,2023.02.23 21:32:36,0,0.07,0.0,0.0
EURGBP,2023.02.23 17:55:00,2023.02.23 18:45:57,0,0.07,0.0,0.0
EURGBP,2023.02.23 16:30:00,2023.02.23 17:50:15,0,0.07,0.0,0.0
EURGBP,2023.02.23 13:30:01,2023.02.23 15:30:07,0,0.07,0.0,0.0
EURGBP,2023.02.23 10:45:00,2023.02.23 11:41:28,0,0.07,0.0,0.0
EURGBP,2023.02.23 08:15:00,2023.02.23 10:44:04,0,0.07,0.0,0.0
EURGBP,2026.01.20 14:35:01,2026.01.20 14:56:51,0,0.57,0.0,0.0
USDCHF,2026.01.20 03:00:00,2026.01.20 04:42:04,0,0.71,0.0,0.0
USDCHF,2026.01.19 10:45:00,2026.01.19 14:19:19,0,0.71,0.0,0.0
USDCHF,2026.01.19 04:05:00,2026.01.19 10:12:24,0,0.71,0.0,0.0
USDCHF,2026.01.16 07:15:13,2026.01.16 17:39:45,0,0.71,0.0,0.0
USDCHF,2026.01.15 13:20:00,2026.01.15 14:57:10,0,0.71,0.0,0.0
GBPUSD,2026.01.15 07:00:00,2026.01.15 14:21:55,0,0.66,0.0,0.0
USDCHF,2026.01.15 08:10:00,2026.01.15 11:51:46,0,0.71,0.0,0.0
EURUSD,2026.01.22 16:00:00,2026.01.22 17:29:00,0,1.45,0.0,0.0
EURGBP,2026.01.22 15:15:00,2026.01.22 15:35:17,0,0.58,0.0,0.0
USDCHF,2026.01.21 21:30:00,2026.01.21 21:30:15,0,0.73,0.0,0.0
EURUSD,2026.01.21 21:00:01,2026.01.21 21:29:12,0,1.44,0.0,0.0
EURGBP,2026.01.21 19:05:00,2026.01.21 21:27:39,0,0.58,0.0,0.0
EURGBP,2026.01.21 11:35:07,2026.01.21 16:42:55,0,0.58,0.0,0.0
EURGBP,2026.01.21 09:20:01,2026.01.21 11:30:57,0,0.58,0.0,0.0
EURGBP,2026.01.20 16:35:00,2026.01.20 18:54:00,0,0.57,0.0,0.0
EURGBP,2023.02.23 06:45:04,2023.02.23 08:14:19,0,0.07,0.0,0.0
EURGBP,2023.02.22 17:35:00,2023.02.22 18:00:10,0,0.07,0.0,0.0
EURGBP,2023.02.22 12:40:00,2023.02.22 17:16:01,0,0.07,0.0,0.0
EURGBP,2023.02.22 10:40:00,2023.02.22 12:38:57,0,0.07,0.0,0.0
GBPUSD,2023.02.22 11:00:00,2023.02.22 11:39:14,0,0.08,0.0,0.0
EURGBP,2023.02.21 17:20:00,2023.02.21 17:29:56,0,0.07,0.0,0.0
EURGBP,2023.02.21 11:35:00,2023.02.21 16:45:00,0,0.07,0.0,0.0
EURGBP,2023.02.21 13:50:00,2023.02.21 16:45:00,0,0.07,0.0,0.0
GBPUSD,2023.02.21 12:00:00,2023.02.21 12:13:16,0,0.08,0.0,0.0
GBPUSD,2023.02.21 11:00:00,2023.02.21 11:21:05,0,0.08,0.0,0.0
USDCHF,2023.02.20 14:25:01,2023.02.20 14:47:53,0,0.09,0.0,0.0
USDCHF,2023.02.20 12:15:00,2023.02.20 13:53:38,0,0.09,0.0,0.0
EURGBP,2026.01.28 11:05:00,2026.01.28 12:36:37,0,0.59,0.0,0.0
EURGBP,2026.01.28 10:50:00,2026.01.28 11:01:35,0,0.59,0.0,0.0
EURGBP,2026.01.28 09:15:00,2026.01.28 09:50:24,0,0.59,0.0,0.0
EURGBP,2026.01.28 07:05:02,2026.01.28 09:14:19,0,0.59,0.0,0.0
EURGBP,2026.01.27 14:40:00,2026.01.27 16:45:40,0,0.59,0.0,0.0
EURGBP,2026.01.27 12:40:03,2026.01.27 14:12:51,0,0.59,0.0,0.0
EURGBP,2026.01.27 11:10:00,2026.01.27 12:39:53,0,0.59,0.0,0.0
EURGBP,2026.01.27 10:20:00,2026.01.27 11:09:54,0,0.59,0.0,0.0
EURGBP,2026.01.26 17:05:00,2026.01.26 17:34:01,0,0.59,0.0,0.0
EURGBP,2026.01.26 14:15:00,2026.01.26 17:02:41,0,0.59,0.0,0.0
EURGBP,2026.01.26 13:10:01,2026.01.26 14:06:12,0,0.59,0.0,0.0
EURGBP,2026.01.26 11:05:00,2026.01.26 11:36:17,0,0.59,0.0,0.0
EURGBP,2026.01.26 05:20:00,2026.01.26 08:08:33,0,0.59,0.0,0.0
EURGBP,2026.01.26 01:15:02,2026.01.26 01:21:04,0,0.58,0.0,0.0
EURGBP,2026.02.09 20:10:00,2026.02.09 20:43:41,0,0.6,0.0,0.0
EURGBP,2026.02.09 16:05:00,2026.02.09 18:13:19,0,0.6,0.0,0.0
EURGBP,2026.02.06 02:05:01,2026.02.06 13:14:17,0,0.59,0.0,0.0
GBPUSD,2026.02.06 08:00:00,2026.02.06 11:34:30,0,0.69,0.0,0.0
GBPUSD,2026.02.04 17:00:00,2026.02.04 17:31:12,0,0.69,0.0,0.0
GBPUSD,2026.01.29 13:00:00,2026.01.29 17:17:14,0,0.69,0.0,0.0
EURUSD,2026.01.28 18:00:00,2026.01.28 18:29:07,0,1.48,0.0,0.0
EURGBP,2026.01.28 13:40:00,2026.01.28 13:57:35,0,0.59,0.0,0.0
EURGBP,2026.01.28 12:40:00,2026.01.28 13:04:26,0,0.59,0.0,0.0
EURGBP,2026.02.13 17:15:00,2026.02.13 17:23:44,0,0.61,0.0,0.0
GBPUSD,2026.02.13 16:00:00,2026.02.13 17:11:09,0,0.71,0.0,0.0
GBPUSD,2026.02.13 08:00:00,2026.02.13 09:09:08,0,0.71,0.0,0.0
EURGBP,2026.02.12 16:25:00,2026.02.12 17:47:52,0,0.61,0.0,0.0
GBPUSD,2026.02.12 12:00:00,2026.02.12 16:30:28,0,0.71,0.0,0.0
EURGBP,2026.02.11 12:50:00,2026.02.11 18:46:32,0,0.6,0.0,0.0
GBPUSD,2026.02.11 16:00:00,2026.02.11 17:50:00,0,0.71,0.0,0.0
EURUSD,2026.02.11 02:00:01,2026.02.11 15:30:01,0,1.5,0.0,0.0
GBPUSD,2026.02.11 10:00:00,2026.02.11 10:37:44,0,0.7,0.0,0.0
GBPUSD,2026.02.10 20:00:00,2026.02.10 20:30:23,0,0.7,0.0,0.0
EURGBP,2026.02.10 18:30:00,2026.02.10 19:32:55,0,0.6,0.0,0.0
EURGBP,2026.02.10 14:55:00,2026.02.10 15:23:19,0,0.6,0.0,0.0
EURGBP,2026.02.10 10:00:00,2026.02.10 14:21:22,0,0.6,0.0,0.0
USDCHF,2023.02.20 10:35:00,2023.02.20 10:37:57,0,0.09,0.0,0.0
USDCHF,2023.02.20 04:30:00,2023.02.20 06:18:22,0,0.09,0.0,0.0
USDCHF,2023.02.20 01:05:00,2023.02.20 01:59:35,0,0.09,0.0,0.0
USDCHF,2023.02.17 05:45:00,2023.02.17 17:18:02,0,0.09,0.0,0.0
GBPUSD,2023.02.17 17:00:00,2023.02.17 17:01:20,0,0.08,0.0,0.0
USDCHF,2023.02.17 00:40:13,2023.02.17 01:04:28,0,0.09,0.0,0.0
USDCHF,2023.02.16 22:05:00,2023.02.16 22:05:04,0,0.09,0.0,0.0
USDCHF,2023.02.16 18:30:00,2023.02.16 19:45:06,0,0.09,0.0,0.0
USDCHF,2023.02.16 13:20:00,2023.02.16 14:55:18,0,0.08,0.0,0.0
USDCHF,2023.02.16 11:15:00,2023.02.16 12:17:50,0,0.08,0.0,0.0
USDCHF,2023.02.16 07:25:00,2023.02.16 08:40:45,0,0.08,0.0,0.0
USDCHF,2023.02.15 15:00:00,2023.02.15 15:08:08,0,0.08,0.0,0.0
USDCHF,2023.02.15 10:10:00,2023.02.15 11:52:58,0,0.08,0.0,0.0
GBPUSD,2026.02.26 11:00:00,2026.02.26 17:24:53,0,0.72,0.0,0.0
EURGBP,2026.02.25 16:40:00,2026.02.25 18:43:11,0,0.62,0.0,0.0
EURGBP,2026.02.17 12:40:00,2026.02.17 13:14:49,0,0.62,0.0,0.0
EURGBP,2026.02.17 09:05:00,2026.02.17 12:37:28,0,0.61,0.0,0.0
GBPUSD,2026.02.17 03:00:00,2026.02.17 05:04:39,0,0.72,0.0,0.0
EURGBP,2026.02.13 19:00:00,2026.02.13 19:18:56,0,0.61,0.0,0.0
GBPUSD,2023.02.15 06:00:00,2023.02.15 08:36:11,0,0.08,0.0,0.0
USDCHF,2023.02.14 17:05:00,2023.02.14 17:11:15,0,0.08,0.0,0.0
USDCHF,2023.02.14 15:40:00,2023.02.14 15:40:02,0,0.08,0.0,0.0
GBPUSD,2023.02.13 15:00:00,2023.02.13 16:58:57,0,0.08,0.0,0.0
EURGBP,2023.02.13 12:00:00,2023.02.13 13:18:38,0,0.07,0.0,0.0
EURGBP,2023.02.13 10:35:00,2023.02.13 11:19:12,0,0.07,0.0,0.0
EURGBP,2023.02.13 03:05:00,2023.02.13 09:48:35,0,0.07,0.0,0.0
EURGBP,2023.02.10 12:30:00,2023.02.10 19:40:03,0,0.07,0.0,0.0
USDCHF,2026.03.16 04:25:01,2026.03.16 07:59:51,0,0.78,0.0,0.0
USDCHF,2026.03.16 03:10:00,2026.03.16 03:42:19,0,0.78,0.0,0.0
USDCHF,2026.03.13 17:05:00,2026.03.13 17:15:24,0,0.78,0.0,0.0
USDCHF,2026.03.13 12:05:00,2026.03.13 12:30:12,0,0.78,0.0,0.0
GBPUSD,2026.03.11 13:00:00,2026.03.11 15:47:02,0,0.72,0.0,0.0
GBPUSD,2026.03.09 17:00:00,2026.03.09 18:00:35,0,0.72,0.0,0.0
GBPUSD,2026.03.09 03:00:00,2026.03.09 04:00:57,0,0.72,0.0,0.0
GBPUSD,2026.03.06 19:00:00,2026.03.06 19:04:53,0,0.72,0.0,0.0
GBPUSD,2026.03.06 06:00:00,2026.03.06 15:30:01,0,0.72,0.0,0.0
GBPUSD,2026.03.05 08:00:00,2026.03.05 18:09:03,0,0.72,0.0,0.0
EURGBP,2026.03.03 07:45:02,2026.03.03 12:08:11,0,0.62,0.0,0.0
USDCHF,2026.03.20 04:05:00,2026.03.20 12:12:27,0,0.79,0.0,0.0
USDCHF,2026.03.19 20:20:00,2026.03.19 20:26:22,0,0.79,0.0,0.0
USDCHF,2026.03.19 18:45:00,2026.03.19 19:51:17,0,0.79,0.0,0.0
GBPUSD,2026.03.19 17:00:00,2026.03.19 17:01:06,0,0.73,0.0,0.0
USDCHF,2026.03.19 15:35:00,2026.03.19 16:04:39,0,0.78,0.0,0.0
USDCHF,2026.03.19 12:20:00,2026.03.19 12:36:33,0,0.78,0.0,0.0
USDCHF,2026.03.19 01:10:00,2026.03.19 11:30:47,0,0.78,0.0,0.0
GBPUSD,2026.03.18 16:00:00,2026.03.18 16:16:05,0,0.73,0.0,0.0
USDCHF,2026.03.17 06:20:05,2026.03.17 10:30:24,0,0.78,0.0,0.0
GBPUSD,2026.03.16 17:00:00,2026.03.16 21:07:51,0,0.73,0.0,0.0
USDCHF,2026.03.16 19:45:03,2026.03.16 20:00:55,0,0.78,0.0,0.0
USDCHF,2026.03.16 17:20:00,2026.03.16 17:42:11,0,0.78,0.0,0.0
USDCHF,2026.03.16 11:10:00,2026.03.16 11:22:45,0,0.78,0.0,0.0
EURGBP,2023.02.09 18:00:00,2023.02.09 18:32:24,0,0.07,0.0,0.0
EURGBP,2023.02.09 15:45:00,2023.02.09 16:47:22,0,0.07,0.0,0.0
GBPUSD,2023.02.03 16:00:00,2023.02.03 16:09:10,0,0.08,0.0,0.0
GBPUSD,2023.02.03 12:00:00,2023.02.03 12:46:13,0,0.08,0.0,0.0
EURUSD,2023.02.02 13:00:00,2023.02.02 15:19:26,0,0.17,0.0,0.0
USDCHF,2023.02.02 03:35:00,2023.02.02 09:48:36,0,0.08,0.0,0.0
USDCHF,2023.02.01 21:40:00,2023.02.01 21:40:54,0,0.08,0.0,0.0
USDCHF,2023.02.01 19:45:00,2023.02.01 20:45:35,0,0.08,0.0,0.0
USDCHF,2023.02.01 17:50:00,2023.02.01 17:51:18,0,0.08,0.0,0.0
EURGBP,2026.03.23 16:10:00,2026.03.23 16:20:58,0,0.64,0.0,0.0
GBPUSD,2026.03.23 15:00:00,2026.03.23 15:03:39,0,0.74,0.0,0.0
USDCHF,2026.03.23 14:10:00,2026.03.23 14:11:09,0,0.79,0.0,0.0
EURGBP,2026.03.23 14:10:00,2026.03.23 14:10:21,0,0.64,0.0,0.0
USDCHF,2026.03.23 04:15:00,2026.03.23 14:06:41,0,0.79,0.0,0.0
EURGBP,2026.03.23 05:50:00,2026.03.23 11:14:05,0,0.63,0.0,0.0
EURGBP,2026.03.23 04:40:00,2026.03.23 05:48:35,0,0.63,0.0,0.0
EURGBP,2026.03.20 18:55:02,2026.03.20 20:35:31,0,0.63,0.0,0.0
USDCHF,2026.03.20 18:35:00,2026.03.20 19:11:29,0,0.79,0.0,0.0
USDCHF,2026.03.20 13:10:00,2026.03.20 17:13:38,0,0.79,0.0,0.0
GBPUSD,2026.03.20 13:00:00,2026.03.20 13:01:49,0,0.74,0.0,0.0
USDCHF,2026.03.24 21:40:00,2026.03.24 23:20:05,0,0.8,0.0,0.0
EURGBP,2026.03.24 17:30:00,2026.03.24 18:50:15,0,0.64,0.0,0.0
EURGBP,2026.03.24 15:05:01,2026.03.24 15:40:19,0,0.64,0.0,0.0
USDCHF,2026.03.24 13:35:01,2026.03.24 14:53:41,0,0.8,0.0,0.0
EURGBP,2026.03.24 14:35:00,2026.03.24 14:53:07,0,0.64,0.0,0.0
EURGBP,2026.03.24 12:35:00,2026.03.24 12:57:50,0,0.64,0.0,0.0
EURGBP,2026.03.24 12:00:00,2026.03.24 12:18:37,0,0.64,0.0,0.0
EURGBP,2026.03.24 05:40:02,2026.03.24 11:50:49,0,0.64,0.0,0.0
USDCHF,2026.03.24 08:20:00,2026.03.24 10:03:11,0,0.8,0.0,0.0
EURGBP,2026.03.24 04:05:00,2026.03.24 05:37:36,0,0.64,0.0,0.0
USDCHF,2026.03.23 21:35:00,2026.03.23 21:37:52,0,0.8,0.0,0.0
EURGBP,2026.03.23 18:55:00,2026.03.23 19:40:40,0,0.64,0.0,0.0
USDCHF,2026.03.23 18:50:00,2026.03.23 18:52:11,0,0.8,0.0,0.0
EURGBP,2026.03.23 17:25:00,2026.03.23 18:17:30,0,0.64,0.0,0.0
USDCHF,2023.02.01 08:50:02,2023.02.01 17:00:01,0,0.08,0.0,0.0
USDCHF,2023.02.01 05:30:01,2023.02.01 06:16:42,0,0.08,0.0,0.0
USDCHF,2023.01.31 09:15:00,2023.01.31 15:23:48,0,0.08,0.0,0.0
USDCHF,2023.01.31 05:15:00,2023.01.31 06:15:26,0,0.08,0.0,0.0
USDCHF,2023.01.31 02:15:00,2023.01.31 03:01:22,0,0.08,0.0,0.0
USDCHF,2023.01.30 13:25:02,2023.01.30 13:46:28,0,0.08,0.0,0.0
USDCHF,2023.01.30 06:10:00,2023.01.30 11:39:34,0,0.08,0.0,0.0
USDCHF,2023.01.30 01:25:00,2023.01.30 03:12:21,0,0.08,0.0,0.0
EURGBP,2023.01.27 20:10:01,2023.01.27 21:08:10,0,0.07,0.0,0.0
EURGBP,2023.01.27 06:00:00,2023.01.27 16:50:44,0,0.06,0.0,0.0
USDCHF,2026.04.01 16:05:00,2026.04.01 16:58:06,0,0.81,0.0,0.0
GBPUSD,2026.03.31 05:00:00,2026.03.31 14:26:58,0,0.75,0.0,0.0
EURGBP,2026.03.26 16:40:00,2026.03.26 19:15:24,0,0.65,0.0,0.0
EURGBP,2026.03.26 14:55:00,2026.03.26 15:08:04,0,0.65,0.0,0.0
EURGBP,2026.03.25 17:05:00,2026.03.25 18:08:28,0,0.65,0.0,0.0
GBPUSD,2026.03.25 17:00:00,2026.03.25 17:04:59,0,0.75,0.0,0.0
USDCHF,2026.03.25 12:30:01,2026.03.25 16:29:27,0,0.81,0.0,0.0
EURGBP,2026.03.25 16:05:01,2026.03.25 16:21:15,0,0.65,0.0,0.0
EURGBP,2026.03.25 14:55:00,2026.03.25 15:16:48,0,0.65,0.0,0.0
USDCHF,2026.03.25 10:15:00,2026.03.25 11:28:53,0,0.81,0.0,0.0
USDCHF,2026.03.25 04:55:00,2026.03.25 05:32:00,0,0.8,0.0,0.0
USDCHF,2026.04.06 18:00:00,2026.04.06 18:10:55,0,0.82,0.0,0.0
USDCHF,2026.04.06 15:35:01,2026.04.06 16:30:00,0,0.82,0.0,0.0
USDCHF,2026.04.06 13:30:00,2026.04.06 13:46:19,0,0.82,0.0,0.0
GBPUSD,2026.04.06 10:00:00,2026.04.06 10:41:54,0,0.76,0.0,0.0
USDCHF,2026.04.02 17:40:00,2026.04.02 18:07:04,0,0.82,0.0,0.0
USDCHF,2026.04.02 12:40:00,2026.04.02 17:36:08,0,0.82,0.0,0.0
GBPUSD,2026.04.02 05:00:00,2026.04.02 09:11:32,0,0.76,0.0,0.0
USDCHF,2026.04.02 04:20:00,2026.04.02 04:31:08,0,0.81,0.0,0.0
USDCHF,2026.04.01 20:35:00,2026.04.01 21:03:22,0,0.81,0.0,0.0
USDCHF,2026.04.01 19:55:00,2026.04.01 20:05:09,0,0.81,0.0,0.0
USDCHF,2023.01.27 11:50:00,2023.01.27 13:32:55,0,0.08,0.0,0.0
USDCHF,2023.01.27 08:00:00,2023.01.27 10:34:01,0,0.08,0.0,0.0
EURGBP,2023.01.27 03:15:00,2023.01.27 04:18:48,0,0.06,0.0,0.0
USDCHF,2023.01.26 20:30:01,2023.01.26 20:38:28,0,0.08,0.0,0.0
USDCHF,2023.01.26 16:50:00,2023.01.26 16:54:18,0,0.08,0.0,0.0
EURGBP,2023.01.26 16:00:00,2023.01.26 16:02:34,0,0.06,0.0,0.0
USDCHF,2023.01.26 15:30:00,2023.01.26 15:50:54,0,0.08,0.0,0.0
USDCHF,2023.01.26 14:05:00,2023.01.26 14:08:20,0,0.08,0.0,0.0
USDCHF,2023.01.26 12:35:00,2023.01.26 13:51:59,0,0.08,0.0,0.0
EURGBP,2023.01.26 13:25:01,2023.01.26 13:38:45,0,0.06,0.0,0.0
USDCHF,2023.01.25 20:10:00,2023.01.25 20:25:09,0,0.08,0.0,0.0
USDCHF,2026.04.13 03:00:00,2026.04.13 04:12:35,0,0.84,0.0,0.0
USDCHF,2026.04.09 10:00:00,2026.04.09 10:24:58,0,0.83,0.0,0.0
USDCHF,2026.04.09 08:10:01,2026.04.09 08:50:00,0,0.83,0.0,0.0
USDCHF,2026.04.09 05:00:02,2026.04.09 06:39:10,0,0.83,0.0,0.0
USDCHF,2026.04.08 10:05:00,2026.04.08 16:38:06,0,0.83,0.0,0.0
USDCHF,2023.01.25 18:00:00,2023.01.25 18:03:45,0,0.08,0.0,0.0
USDCHF,2023.01.25 16:40:00,2023.01.25 16:47:25,0,0.08,0.0,0.0
USDCHF,2023.01.25 15:45:00,2023.01.25 15:56:32,0,0.08,0.0,0.0
USDCHF,2023.01.25 08:25:00,2023.01.25 13:19:31,0,0.08,0.0,0.0
USDCHF,2023.01.25 04:50:02,2023.01.25 07:10:50,0,0.08,0.0,0.0
USDCHF,2023.01.24 11:35:00,2023.01.24 11:38:40,0,0.08,0.0,0.0
USDCHF,2023.01.23 09:30:00,2023.01.23 12:58:03,0,0.08,0.0,0.0
USDCHF,2023.01.23 06:10:00,2023.01.23 09:22:11,0,0.08,0.0,0.0
USDCHF,2023.01.20 17:15:00,2023.01.20 17:21:35,0,0.08,0.0,0.0
GBPUSD,2026.04.24 13:00:00,2026.04.24 14:00:00,0,0.79,0.0,0.0
EURGBP,2026.04.24 12:45:03,2026.04.24 13:44:49,0,0.68,0.0,0.0
USDCHF,2026.04.23 19:15:00,2026.04.23 20:01:56,0,0.85,0.0,0.0
EURGBP,2026.04.23 11:35:01,2026.04.23 18:37:28,0,0.68,0.0,0.0
USDCHF,2026.04.23 17:10:00,2026.04.23 17:24:40,0,0.85,0.0,0.0
USDCHF,2026.04.23 15:50:00,2026.04.23 16:37:23,0,0.85,0.0,0.0
USDCHF,2026.04.23 14:50:01,2026.04.23 14:52:26,0,0.85,0.0,0.0
USDCHF,2026.04.23 12:40:01,2026.04.23 13:09:29,0,0.84,0.0,0.0
EURGBP,2026.04.23 05:05:00,2026.04.23 11:33:02,0,0.67,0.0,0.0
USDCHF,2026.04.23 03:20:00,2026.04.23 11:27:03,0,0.84,0.0,0.0
EURGBP,2026.04.23 00:00:03,2026.04.23 03:17:58,0,0.67,0.0,0.0
EURUSD,2026.04.30 13:00:00,2026.04.30 13:31:26,0,1.73,0.0,0.0
EURGBP,2026.04.29 16:50:00,2026.04.29 17:34:13,0,0.69,0.0,0.0
EURGBP,2026.04.29 12:35:00,2026.04.29 12:49:16,0,0.69,0.0,0.0
EURGBP,2026.04.29 10:30:00,2026.04.29 11:29:19,0,0.69,0.0,0.0
EURGBP,2026.04.29 03:10:08,2026.04.29 10:27:01,0,0.69,0.0,0.0
EURGBP,2026.04.28 12:50:00,2026.04.28 22:11:28,0,0.69,0.0,0.0
GBPUSD,2026.04.28 05:00:00,2026.04.28 09:00:57,0,0.8,0.0,0.0
EURUSD,2026.04.28 04:00:00,2026.04.28 09:00:57,0,1.72,0.0,0.0
EURGBP,2026.04.24 13:45:01,2026.04.24 19:42:35,0,0.68,0.0,0.0
EURUSD,2026.04.24 14:00:00,2026.04.24 14:49:06,0,1.7,0.0,0.0
EURUSD,2023.01.18 10:00:00,2023.01.18 10:16:11,0,0.16,0.0,0.0
EURGBP,2023.01.17 15:00:00,2023.01.17 16:15:49,0,0.06,0.0,0.0
EURGBP,2023.01.17 13:30:00,2023.01.17 14:59:35,0,0.06,0.0,0.0
EURGBP,2023.01.17 12:30:00,2023.01.17 12:48:46,0,0.06,0.0,0.0
USDCHF,2023.01.16 15:50:00,2023.01.16 15:54:05,0,0.08,0.0,0.0
USDCHF,2023.01.16 14:00:00,2023.01.16 15:03:25,0,0.08,0.0,0.0
USDCHF,2023.01.16 11:35:00,2023.01.16 11:44:39,0,0.08,0.0,0.0
USDCHF,2023.01.16 05:35:00,2023.01.16 06:48:47,0,0.08,0.0,0.0
GBPUSD,2023.01.16 04:00:00,2023.01.16 04:16:31,0,0.07,0.0,0.0
EURGBP,2023.01.16 03:10:00,2023.01.16 03:29:16,0,0.06,0.0,0.0
USDCHF,2026.05.12 07:45:05,2026.05.12 08:55:58,0,0.89,0.0,0.0
GBPUSD,2026.05.08 12:00:00,2026.05.08 15:34:51,0,0.83,0.0,0.0
GBPUSD,2026.05.07 21:00:00,2026.05.07 21:44:42,0,0.82,0.0,0.0
USDCHF,2026.05.06 01:55:00,2026.05.06 01:56:11,0,0.88,0.0,0.0
USDCHF,2026.05.06 00:04:27,2026.05.06 01:54:58,0,0.88,0.0,0.0
USDCHF,2026.05.05 19:00:00,2026.05.05 19:25:17,0,0.88,0.0,0.0
GBPUSD,2026.05.05 14:00:00,2026.05.05 16:11:17,0,0.82,0.0,0.0
GBPUSD,2026.05.01 22:00:00,2026.05.01 23:16:14,0,0.81,0.0,0.0
EURGBP,2023.01.16 00:10:13,2023.01.16 01:21:15,0,0.06,0.0,0.0
EURGBP,2023.01.13 22:10:00,2023.01.13 23:58:44,0,0.06,0.0,0.0
GBPUSD,2023.01.13 16:00:00,2023.01.13 16:01:49,0,0.07,0.0,0.0
GBPUSD,2023.01.12 12:00:00,2023.01.12 12:50:28,0,0.07,0.0,0.0
GBPUSD,2023.01.11 11:00:00,2023.01.11 14:12:13,0,0.07,0.0,0.0
USDCHF,2023.01.11 10:00:00,2023.01.11 10:08:19,0,0.08,0.0,0.0
USDCHF,2023.01.11 02:55:00,2023.01.11 07:37:43,0,0.08,0.0,0.0
USDCHF,2023.01.10 20:15:00,2023.01.10 20:23:57,0,0.08,0.0,0.0
EURGBP,2023.01.10 18:20:00,2023.01.10 18:24:14,0,0.06,0.0,0.0
EURGBP,2023.01.10 13:40:00,2023.01.10 18:09:50,0,0.06,0.0,0.0
USDCHF,2023.01.10 16:05:00,2023.01.10 16:06:54,0,0.08,0.0,0.0
EURGBP,2023.01.10 12:00:00,2023.01.10 12:08:17,0,0.06,0.0,0.0
EURUSD,2026.05.19 13:00:00,2026.05.19 16:31:00,0,1.8,0.0,0.0
EURUSD,2026.05.18 12:00:00,2026.05.18 15:47:10,0,1.79,0.0,0.0
GBPUSD,2026.05.18 10:00:00,2026.05.18 11:30:02,0,0.84,0.0,0.0
USDCHF,2026.05.14 10:20:00,2026.05.14 10:59:24,0,0.9,0.0,0.0
EURGBP,2026.05.13 08:15:00,2026.05.13 14:05:09,0,0.71,0.0,0.0
USDCHF,2026.05.13 06:10:05,2026.05.13 09:46:55,0,0.89,0.0,0.0
USDCHF,2026.05.12 09:25:00,2026.05.12 10:03:59,0,0.89,0.0,0.0
USDCHF,2026.05.27 17:55:00,2026.05.27 17:57:30,0,0.92,0.0,0.0
USDCHF,2026.05.27 15:25:00,2026.05.27 15:26:16,0,0.92,0.0,0.0
USDCHF,2026.05.27 04:20:00,2026.05.27 11:39:44,0,0.92,0.0,0.0
EURUSD,2026.05.25 01:00:00,2026.05.25 15:45:55,0,1.83,0.0,0.0
USDCHF,2026.05.22 18:15:00,2026.05.22 19:10:47,0,0.92,0.0,0.0
USDCHF,2026.05.22 16:50:00,2026.05.22 17:00:47,0,0.91,0.0,0.0
EURUSD,2026.05.21 15:00:00,2026.05.21 16:33:29,0,1.82,0.0,0.0
EURUSD,2026.05.20 18:00:00,2026.05.20 18:15:43,0,1.81,0.0,0.0
EURGBP,2023.01.10 09:30:00,2023.01.10 09:35:49,0,0.06,0.0,0.0
USDCHF,2023.01.09 02:00:00,2023.01.09 04:16:59,0,0.08,0.0,0.0
EURUSD,2023.01.06 16:00:00,2023.01.06 17:09:03,0,0.15,0.0,0.0
GBPUSD,2023.01.06 16:00:00,2023.01.06 17:00:38,0,0.07,0.0,0.0
USDCHF,2023.01.06 15:30:01,2023.01.06 15:30:09,0,0.08,0.0,0.0
EURGBP,2023.01.06 12:00:00,2023.01.06 13:23:08,0,0.06,0.0,0.0
EURGBP,2023.01.06 10:35:00,2023.01.06 11:16:08,0,0.06,0.0,0.0
EURGBP,2023.01.06 09:45:00,2023.01.06 10:02:21,0,0.06,0.0,0.0
EURGBP,2023.01.06 02:10:00,2023.01.06 09:36:47,0,0.06,0.0,0.0
EURGBP,2023.01.05 20:50:00,2023.01.05 21:11:22,0,0.06,0.0,0.0
EURGBP,2023.01.05 20:10:00,2023.01.05 20:27:03,0,0.06,0.0,0.0
EURGBP,2023.01.05 15:30:00,2023.01.05 18:50:01,0,0.06,0.0,0.0
EURUSD,2023.01.03 10:00:00,2023.01.03 10:04:56,0,0.15,0.0,0.0
GBPUSD,2023.01.03 10:00:00,2023.01.03 10:03:24,0,0.07,0.0,0.0
USDCHF,2023.01.03 07:00:00,2023.01.03 07:34:12,0,0.08,0.0,0.0
USDCHF,2023.01.03 01:42:39,2023.01.03 01:44:17,0,0.08,0.0,0.0
EURGBP,2023.01.02 14:35:01,2023.01.02 15:47:07,0,0.06,0.0,0.0
EURGBP,2023.01.02 12:45:00,2023.01.02 13:04:06,0,0.06,0.0,0.0
EURGBP,2023.01.02 07:52:15,2023.01.02 10:55:13,0,0.06,0.0,0.0
